項番,記事URL,記事公開日,記事レーティング,記事カテゴリ,検証対象URL,検証対象,クレーム,証拠URL,証拠説明文,証拠先行ラベル,逆クレームラベル,証拠URLリスト,真実性ラベル,正当性説明文,画像数,画像1_改ざんラベル,画像1_OOCラベル,画像1_AI生成ラベル,画像2_改ざんラベル,画像2_OOCラベル,画像2_AI生成ラベル,画像3_改ざんラベル,画像3_OOCラベル,画像3_AI生成ラベル,画像4_改ざんラベル,画像4_OOCラベル,画像4_AI生成ラベル,動画数,動画1_改ざんラベル,動画1_OOCラベル,動画1_AI生成ラベル,再利用ラベル,OOCラベル
1,https://www.factcheckcenter.jp/fact-check/disasters/shizuoka-disaster-drone-captured-ai-generated-fake-image/,2022/9/28,誤り,災害,https://x.com/i/status/1574121450860007424,"テキスト,画像1,画像2,画像3",投稿された画像は静岡県で2022年9月26日に起きた災害の画像である。,https://x.com/i/status/1574292823595094016,投稿された画像は静岡県で2022年9月26日に起きた災害のフェイク画像である。,False,False,https://x.com/i/status/1574292823595094016,False,これらの情報を総合し、検証対象のツイートの画像はAIで作成された偽画像で、2022年9月26日の静岡の災害画像であるというのは誤り。,3,True,True,True,True,True,True,True,True,True,-,-,-,0,-,-,-,False,True
2,https://www.factcheckcenter.jp/fact-check/disasters/shizuoka-disaster-drone-captured-ai-generated-fake-image/,2022/9/28,誤り,災害,https://x.com/i/status/1574121450860007424,"テキスト,画像1,画像2,画像3",投稿された画像は静岡県で2022年9月26日に起きた災害のフェイク画像である。,https://x.com/i/status/1574292823595094016,投稿された画像は静岡県で2022年9月26日に起きた災害のフェイク画像である。,False,True,https://x.com/i/status/1574292823595094016,True,これらの情報を総合し、検証対象のツイートの画像はAIで作成された偽画像。,3,True,False,True,True,False,True,True,False,True,-,-,-,0,-,-,-,False,False
3,https://www.factcheckcenter.jp/fact-check/politics/inaccurate-claims-on-population-increase-in-naha-city-before-okinawa-gubernatorial-election/,2022/9/28,不正確,政治,https://x.com/i/status/1566340443046301697,テキスト,2022年9月に行われた沖縄県知事選挙の3ヶ月前から選挙期間中である9月4日までの間に、那覇市では100人以上の人口増加があった。,https://www.city.naha.okinawa.jp/admin/toukei/jinkou/jin/index.html,2022年9月に行われた沖縄県知事選挙の3ヶ月前から選挙期間中である9月4日までの間に那覇市では100人以上人口増加していない。,True,False,https://www.city.naha.okinawa.jp/admin/toukei/jinkou/jin/index.html https://ryukyushimpo.jp/news/entry-1579617.html https://www.city.naha.okinawa.jp/admin/senkan/meibo_touhyoujo/tourokusya.html,False,「那覇市の人口増加」は、一時的には存在するものの全体的に減少傾向にあり、かつ、選挙人名簿登録者数も減っているため、不正確と判定した。,0,-,-,-,-,-,-,-,-,-,-,-,-,0,-,-,-,-,-
4,https://www.factcheckcenter.jp/fact-check/politics/inaccurate-claims-on-population-increase-in-naha-city-before-okinawa-gubernatorial-election/,2022/9/28,不正確,政治,https://x.com/i/status/1566340443046301697,テキスト,2022年9月に行われた沖縄県知事選挙の3ヶ月前から選挙期間中である9月4日までの間に那覇市では100人以上人口増加していない。,https://www.city.naha.okinawa.jp/admin/toukei/jinkou/jin/index.html,2022年9月に行われた沖縄県知事選挙の3ヶ月前から選挙期間中である9月4日までの間に那覇市では100人以上人口増加していない。,True,True,https://www.city.naha.okinawa.jp/admin/toukei/jinkou/jin/index.html https://ryukyushimpo.jp/news/entry-1579617.html https://www.city.naha.okinawa.jp/admin/senkan/meibo_touhyoujo/tourokusya.html,True,「那覇市の人口増加」は、一時的には存在するものの全体的に減少傾向にあり、かつ、選挙人名簿登録者数も減っている。,0,-,-,-,-,-,-,-,-,-,-,-,-,0,-,-,-,-,-
5,https://www.factcheckcenter.jp/fact-check/health/this-years-influenza-vaccine-mrna-false/,2022/10/13,誤り,医療・健康,https://x.com/i/status/1575146590683402241,テキスト,2022年のインフルエンザワクチンはmRNAワクチンである。,https://www.mhlw.go.jp/content/10906000/000917576.pdf,2022年のインフルエンザワクチンはmRNAワクチンではない。,True,False,https://www.cov19-vaccine.mhlw.go.jp/qa/0021.html https://www.cov19-vaccine.mhlw.go.jp/qa/0018.html https://www.mhlw.go.jp/content/10906000/000917576.pdf,False,2022年度のインフルエンザワクチンは2021年度までと変わらず不活化ワクチンで、「今年のインフルエンザワクチンはmRNA」というツイートは誤り。,0,-,-,-,-,-,-,-,-,-,-,-,-,0,-,-,-,-,-
6,https://www.factcheckcenter.jp/fact-check/health/this-years-influenza-vaccine-mrna-false/,2022/10/13,誤り,医療・健康,https://x.com/i/status/1575146590683402241,テキスト,2022年のインフルエンザワクチンはmRNAワクチンではない。,https://www.mhlw.go.jp/content/10906000/000917576.pdf,2022年のインフルエンザワクチンはmRNAワクチンではない。,True,True,https://www.cov19-vaccine.mhlw.go.jp/qa/0021.html https://www.cov19-vaccine.mhlw.go.jp/qa/0018.html https://www.mhlw.go.jp/content/10906000/000917576.pdf,True,2022年度のインフルエンザワクチンは2021年度までと変わらず不活化ワクチンである。,0,-,-,-,-,-,-,-,-,-,-,-,-,0,-,-,-,-,-
7,https://www.factcheckcenter.jp/fact-check/politics/mynumber-card-pin-medical-treatment-denied-false-facial-recognition-verification-available/,2022/10/24,誤り,政治,https://x.com/i/status/1579065678560395264,テキスト,マイナンバーカードの暗証番号が判らないと医療を受けられなくなる。,https://www.mhlw.go.jp/stf/newpage_08277.html,マイナンバーカードの暗証番号が判らなくても医療を受けられる。,NA,False,https://www.mhlw.go.jp/stf/newpage_08277.html https://www.jpki.go.jp/procedure/password.html,False,暗証番号以外にも、本人確認の手段は設けられており、再設定も可能であることなどから、「暗証番号がわからなくなるとマイナンバーカードが使えなくなり、医療が受けられなくなる」は誤りと判定した。,0,-,-,-,-,-,-,-,-,-,-,-,-,0,-,-,-,-,-
8,https://www.factcheckcenter.jp/fact-check/politics/mynumber-card-pin-medical-treatment-denied-false-facial-recognition-verification-available/,2022/10/24,誤り,政治,https://x.com/i/status/1579065678560395264,テキスト,マイナンバーカードの暗証番号が判らなくても医療を受けられる。,https://www.mhlw.go.jp/stf/newpage_08277.html,マイナンバーカードの暗証番号が判らなくても医療を受けられる。,NA,True,https://www.mhlw.go.jp/stf/newpage_08277.html https://www.jpki.go.jp/procedure/password.html,True,暗証番号以外にも、本人確認の手段は設けられており、再設定も可能である。,0,-,-,-,-,-,-,-,-,-,-,-,-,0,-,-,-,-,-
9,https://www.factcheckcenter.jp/fact-check/health/video-claiming-child-killed-by-vaccine-with-mismatched-japanese-subtitles/,2022/10/31,誤り,医療・健康,https://x.com/i/status/1582515464445435904,"テキスト,動画1",投稿された動画は、新型コロナワクチンで子どもが死んだことを示す動画である。,https://www.youtube.com/watch?v=YD0Sg84L4Xw,投稿された動画は、新型コロナワクチンとは関係のない動画を新型コロナワクチンによるものと見せかける日本語字幕をつけたものである。,True,False,https://www.youtube.com/watch?v=YD0Sg84L4Xw,False,検証対象の動画は、デング熱ワクチンをめぐる動画の一部を切り出したもので、実際の音声とは異なる日本語字幕をつけている。このため、Twitter上の動画は誤り。,0,-,-,-,-,-,-,-,-,-,-,-,-,1,True,True,False,True,True
10,https://www.factcheckcenter.jp/fact-check/health/video-claiming-child-killed-by-vaccine-with-mismatched-japanese-subtitles/,2022/10/31,誤り,医療・健康,https://x.com/i/status/1582515464445435904,"テキスト,動画1",投稿された動画は、新型コロナワクチンとは関係のない動画を新型コロナワクチンによるものと見せかける日本語字幕をつけたものである。,https://www.youtube.com/watch?v=YD0Sg84L4Xw,投稿された動画は、新型コロナワクチンとは関係のない動画を新型コロナワクチンによるものと見せかける日本語字幕をつけたものである。,True,True,https://www.youtube.com/watch?v=YD0Sg84L4Xw,True,検証対象の動画は、デング熱ワクチンをめぐる動画の一部を切り出したもので、実際の音声とは異なる日本語字幕をつけている。,0,-,-,-,-,-,-,-,-,-,-,-,-,1,True,False,False,True,False
11,https://www.factcheckcenter.jp/fact-check/health/pfizer-ceo-video-inaccurate-claim/,2022/11/4,不正確,医療・健康,https://x.com/i/status/1565609744454553601,"テキスト,動画1","投稿された動画は、2020/12/14 CNBC TVの""Squawk Box""でファイザー社のアルバート・ブーラ会長兼CEOは『私は健康だから（ワクチンを）絶対に打たない』と語った動画である。",https://www.youtube.com/watch?v=P6O6FqYYImk,"投稿された動画は、2020/12/14 CNBC TVの""Squawk Box""でファイザー社のアルバート・ブーラ会長兼CEOは『私は健康だから（ワクチンを）絶対に打たない』と語った動画ではない。",True,False,https://www.youtube.com/watch?v=P6O6FqYYImk,False,検証対象の投稿動画はミスリードで、不正確なものだ。,0,-,-,-,-,-,-,-,-,-,-,-,-,1,True,True,False,True,True
12,https://www.factcheckcenter.jp/fact-check/health/pfizer-ceo-video-inaccurate-claim/,2022/11/4,不正確,医療・健康,https://x.com/i/status/1565609744454553601,"テキスト,動画1","投稿された動画は、2020/12/14 CNBC TVの""Squawk Box""のファイザー社のアルバート・ブーラ会長兼CEOのインタビューを切り取り『私は健康だから（ワクチンを）絶対に打たない』と語っているように見せたフェイク動画である。",https://www.youtube.com/watch?v=P6O6FqYYImk,"投稿された動画は、2020/12/14 CNBC TVの""Squawk Box""のファイザー社のアルバート・ブーラ会長兼CEOのインタビューを切り取り『私は健康だから（ワクチンを）絶対に打たない』と語っているように見せたフェイク動画である。",True,True,https://www.youtube.com/watch?v=P6O6FqYYImk,True,検証対象の投稿動画は、切り取られた動画である。,0,-,-,-,-,-,-,-,-,-,-,-,-,1,True,False,False,True,False
13,https://www.factcheckcenter.jp/fact-check/health/pfizer-ceo-2023-population-reduction-claim-video-false/,2022/11/7,誤り,医療・健康,https://x.com/i/status/1582755191904178178,"テキスト,動画1",投稿された動画は、WORLD ECONOMIC FORUMでファイザー社CEOアルバート・ブーラ氏が『2023年までに世界の人口を50％までに削減する」と発言したとされる2022/05/25の動画である。,https://www.youtube.com/watch?v=9ccd3LMNMl8,投稿された動画は、WORLD ECONOMIC FORUMのファイザー社CEOアルバート・ブーラ氏の2022/05/25の動画インタビューを編集して、『2023年までに世界の人口を50％までに削減する」と発言したように見せた動画である。,True,False,https://www.youtube.com/watch?v=9ccd3LMNMl8,False,検証対象の動画は、元動画のブーラCEOの発言を編集した動画で、元の発言とは異なる誤った内容になっている。,0,-,-,-,-,-,-,-,-,-,-,-,-,1,True,True,False,True,True
14,https://www.factcheckcenter.jp/fact-check/health/pfizer-ceo-2023-population-reduction-claim-video-false/,2022/11/7,誤り,医療・健康,https://x.com/i/status/1582755191904178178,"テキスト,動画1",投稿された動画は、WORLD ECONOMIC FORUMのファイザー社CEOアルバート・ブーラ氏の2022/05/25の動画インタビューを編集して、『2023年までに世界の人口を50％までに削減する」と発言したように見せた動画である。,https://www.youtube.com/watch?v=9ccd3LMNMl8,投稿された動画は、WORLD ECONOMIC FORUMのファイザー社CEOアルバート・ブーラ氏の2022/05/25の動画インタビューを編集して、『2023年までに世界の人口を50％までに削減する」と発言したように見せた動画である。,True,True,https://www.youtube.com/watch?v=9ccd3LMNMl8,True,検証対象の動画は、元動画のブーラCEOの発言を編集した動画である。,0,-,-,-,-,-,-,-,-,-,-,-,-,1,True,False,False,True,False
15,https://www.factcheckcenter.jp/fact-check/international/video-claiming-moving-corpse-overlaid-ukraine-invasion-text-climate-change-protest/,2022/11/7,誤り,国際,https://x.com/i/status/1588385676508073985,"テキスト,動画1",投稿された動画は、ロシアのウクライナ侵攻を報じるニュース映像で、かつ、背後に「遺体が動いている」映像である。,https://www.snopes.com/fact-check/climate-protest-ukraine-body-bag/,投稿された動画は、2022/02/05にOE24.TVが投稿した、オーストリア・ウィーンの気候変動に対する抗議のパフォーマンスの動画にロシアのウクライナ侵攻に関するテロップやリポートの音声をかぶせた動画である。,True,False,https://www.snopes.com/fact-check/climate-protest-ukraine-body-bag/ https://www.youtube.com/watch?v=2o3Rph8DcUY https://www.buzzfeed.com/jp/kotahatachi/ukraine-bodybag-debunk,False,ロシアのウクライナ侵攻を報じるニュース映像で、かつ、背後に「遺体が動いている」映像は、気候変動で犠牲になる人たちをイメージして遺体役となって横たわる人達を取材しているもので、ロシアのウクライナ侵攻を報じる映像がねつ造されたかのように見せている投稿は誤り。,0,-,-,-,-,-,-,-,-,-,-,-,-,1,True,True,False,True,True
16,https://www.factcheckcenter.jp/fact-check/international/video-claiming-moving-corpse-overlaid-ukraine-invasion-text-climate-change-protest/,2022/11/7,誤り,国際,https://x.com/i/status/1588385676508073985,"テキスト,動画1",投稿された動画は、2022/02/05にOE24.TVが投稿した、オーストリア・ウィーンの気候変動に対する抗議のパフォーマンスの動画にロシアのウクライナ侵攻に関するテロップやリポートの音声をかぶせた動画である。,https://www.snopes.com/fact-check/climate-protest-ukraine-body-bag/,投稿された動画は、2022/02/05にOE24.TVが投稿した、オーストリア・ウィーンの気候変動に対する抗議のパフォーマンスの動画にロシアのウクライナ侵攻に関するテロップやリポートの音声をかぶせた動画である。,True,True,https://www.snopes.com/fact-check/climate-protest-ukraine-body-bag/ https://www.youtube.com/watch?v=2o3Rph8DcUY https://www.buzzfeed.com/jp/kotahatachi/ukraine-bodybag-debunk,True,ロシアのウクライナ侵攻を報じるニュース映像で、かつ、背後に「遺体が動いている」映像は、気候変動で犠牲になる人たちをイメージして遺体役となって横たわる人達を取材しているものである。,0,-,-,-,-,-,-,-,-,-,-,-,-,1,True,False,False,True,False
17,https://www.factcheckcenter.jp/fact-check/politics/self-defense-force-foreign-recruits-false/,2022/11/10,誤り,政治,https://x.com/i/status/1581080881464496129,テキスト,2020年から2022年10月の期間において、自衛隊に日本国籍を有しない者が入隊している。,https://www.mod.go.jp/gsdf/jieikanbosyu/details/pamphlet/index.html,自衛隊に日本国籍を有しない者は入隊できない。,True,False,https://www.mod.go.jp/gsdf/jieikanbosyu/details/pamphlet/index.html,False,自衛隊入隊の応募資格として、本人が受験する時点で日本国籍を有している必要がある。よって、「自衛隊に外国人が入隊している」という投稿は誤り。,0,-,-,-,-,-,-,-,-,-,-,-,-,0,-,-,-,-,-
18,https://www.factcheckcenter.jp/fact-check/politics/self-defense-force-foreign-recruits-false/,2022/11/10,誤り,政治,https://x.com/i/status/1581080881464496129,テキスト,自衛隊に日本国籍を有しない者は入隊できない。,https://www.mod.go.jp/gsdf/jieikanbosyu/details/pamphlet/index.html,自衛隊に日本国籍を有しない者は入隊できない。,True,True,https://www.mod.go.jp/gsdf/jieikanbosyu/details/pamphlet/index.html,True,自衛隊入隊の応募資格として、本人が受験する時点で日本国籍を有している必要がある。よって、「自衛隊に外国人は入隊していない」という投稿は正しい。,0,-,-,-,-,-,-,-,-,-,-,-,-,0,-,-,-,-,-
19,https://www.factcheckcenter.jp/fact-check/health/false-claims-on-no-life-insurance-payouts-for-covid-19-vaccine-deaths-in-europe/,2022/11/14,誤り,医療・健康,https://x.com/i/status/1588100505187667968,テキスト,2022年11月3日現在、ヨーロッパでは新型コロナのワクチン接種で死亡しても生命保険が出ない。,https://x.com/i/status/1371493658688679941 ,2021年3月16日現在、ヨーロッパでは新型コロナウィルスのワクチン接種で死亡しても生命保険は適用される。,True,False,https://x.com/i/status/1371493658688679941 https://www.politifact.com/factchecks/2021/may/26/viral-image/covid-19-vaccination-status-doesnt-impact-life-ins/ https://jp.reuters.com/article/factcheck-vaccines-insurance/fact-check-life-insurance-not-denied-on-grounds-of-covid-19-vaccination-idUSL2N2VY1XK/ https://www.liberation.fr/checknews/est-il-vrai-que-les-assureurs-refuseraient-de-payer-une-assurance-vie-en-cas-de-deces-lie-au-vaccin-anti-covid-20210318_TOJ77ZS5SBA3VE65P2B4LU2VXI/?redirected=1 https://www.aap.com.au/factcheck/claim-covid-19-vaccine-will-void-life-insurance-is-dead-wrong/ https://africacheck.org/fact-checks/reports/no-your-life-insurance-not-null-and-void-if-you-get-covid-19-vaccine,False,欧州保険協会によると、新型コロナのワクチン接種者に生命保険が適用されないという事実はなく、社会問題化もしていない。よって、「ヨーロッパでは、新型コロナのワクチンで死亡しても生命保険は出ない」というのは誤り。,0,-,-,-,-,-,-,-,-,-,-,-,-,0,-,-,-,-,-
20,https://www.factcheckcenter.jp/fact-check/health/false-claims-on-no-life-insurance-payouts-for-covid-19-vaccine-deaths-in-europe/,2022/11/14,誤り,医療・健康,https://x.com/i/status/1588100505187667968,テキスト,2022年11月3日現在、ヨーロッパでは新型コロナウィルスのワクチン接種で死亡しても生命保険は適用される。,https://x.com/i/status/1371493658688679941 ,2021年3月16日現在、ヨーロッパでは新型コロナウィルスのワクチン接種で死亡しても生命保険は適用される。,True,True,https://x.com/i/status/1371493658688679941 https://www.politifact.com/factchecks/2021/may/26/viral-image/covid-19-vaccination-status-doesnt-impact-life-ins/ https://jp.reuters.com/article/factcheck-vaccines-insurance/fact-check-life-insurance-not-denied-on-grounds-of-covid-19-vaccination-idUSL2N2VY1XK/ https://www.liberation.fr/checknews/est-il-vrai-que-les-assureurs-refuseraient-de-payer-une-assurance-vie-en-cas-de-deces-lie-au-vaccin-anti-covid-20210318_TOJ77ZS5SBA3VE65P2B4LU2VXI/?redirected=1 https://www.aap.com.au/factcheck/claim-covid-19-vaccine-will-void-life-insurance-is-dead-wrong/ https://africacheck.org/fact-checks/reports/no-your-life-insurance-not-null-and-void-if-you-get-covid-19-vaccine,True,欧州保険協会によると、新型コロナのワクチン接種者に生命保険が適用されないという事実はなく、社会問題化もしていない。,0,-,-,-,-,-,-,-,-,-,-,-,-,0,-,-,-,-,-
21,https://www.factcheckcenter.jp/fact-check/international/misleading-video-on-kazakhstan-welcoming-russian-citizens-with-z-marks-on-their-cars/,2022/11/22,誤り,国際,https://x.com/i/status/1587712439118082049,"テキスト,動画1",投稿された動画は、2022年2月に始まったウクライナ侵攻をめぐってロシア人がカザフスタン人から責められている動画である。,https://www.youtube.com/watch?v=0ViaFJWjmwo,投稿された動画は、2021年3月にカザフスタンで起きたトラブルを映したものである。,True,False,https://www.lada.kz/another_news/89574-draka-u-rynka-altyn-orda-v-almaty-iz-za-100-tenge-za-stoyanku.html https://www.youtube.com/watch?v=0ViaFJWjmwo https://kazlenta.kz/30777-ya-ne-govoryu-chto-kazahi-napali-na-russkih-podrobnosti-draki-bliz-altyn-ordy-rasskazal-voditel.html,False,動画は2021年3月にカザフスタンで起きたトラブルを映したもので、2022年2月に始まったウクライナ侵攻とは関係なく、「Zマークを車につけているロシア人を『歓迎』しているカザフスタン人の動画」という投稿は誤り。,0,-,-,-,-,-,-,-,-,-,-,-,-,1,False,True,False,True,True
22,https://www.factcheckcenter.jp/fact-check/international/misleading-video-on-kazakhstan-welcoming-russian-citizens-with-z-marks-on-their-cars/,2022/11/22,誤り,国際,https://x.com/i/status/1587712439118082049,"テキスト,動画1",投稿された動画は、2021年3月にカザフスタンで起きたトラブルを映したものである。,https://www.youtube.com/watch?v=0ViaFJWjmwo,投稿された動画は、2021年3月にカザフスタンで起きたトラブルを映したものである。,True,True,https://www.lada.kz/another_news/89574-draka-u-rynka-altyn-orda-v-almaty-iz-za-100-tenge-za-stoyanku.html https://www.youtube.com/watch?v=0ViaFJWjmwo https://kazlenta.kz/30777-ya-ne-govoryu-chto-kazahi-napali-na-russkih-podrobnosti-draki-bliz-altyn-ordy-rasskazal-voditel.html,True,動画は2021年3月にカザフスタンで起きたトラブルを映したもので、2022年2月に始まったウクライナ侵攻とは関係なく、正しい。,0,-,-,-,-,-,-,-,-,-,-,-,-,1,False,False,False,True,False
23,https://www.factcheckcenter.jp/fact-check/international/ukraine-bucha-2-weeks-recovery-inaccurate/,2022/11/25,不正確,国際,https://x.com/i/status/1592248624742035458,"テキスト,動画1",投稿された動画は、2022年4月にロシア軍によって打撃を受けたウクライナのキーウ州ブチャが二週間で元に戻ったことを示す動画である。,https://www.instagram.com/p/CjvmmoTDB-g/,投稿された動画は、2022年4月にロシア軍によって打撃を受けたウクライナのウクライナのキーウ州ブチャが半年間かけて再建された様子の動画である。,True,False,https://www.instagram.com/p/CjvmmoTDB-g/ https://www.bbc.com/news/world-europe-61117532 https://www.yomiuri.co.jp/world/20220507-OYT1T50048/2/#google_vignette https://www.instagram.com/reel/CjxVuAAjB7e/ https://x.com/i/status/1581661542482792448,False,動画は4月から半年間かけて再建されたキーウの街の様子で、「2週間で元に戻る」は不正確。,0,-,-,-,-,-,-,-,-,-,-,-,-,1,False,True,False,True,True
24,https://www.factcheckcenter.jp/fact-check/international/ukraine-bucha-2-weeks-recovery-inaccurate/,2022/11/25,不正確,国際,https://x.com/i/status/1592248624742035458,"テキスト,動画1",投稿された動画は、2022年4月にロシア軍によって打撃を受けたウクライナのキーウの街が半年間かけて再建された様子の動画である。,https://www.instagram.com/p/CjvmmoTDB-g/,投稿された動画は、2022年4月にロシア軍によって打撃を受けたウクライナのキーウの街が半年間かけて再建された様子の動画である。,True,True,https://www.instagram.com/p/CjvmmoTDB-g/ https://www.bbc.com/news/world-europe-61117532 https://www.yomiuri.co.jp/world/20220507-OYT1T50048/2/#google_vignette https://www.instagram.com/reel/CjxVuAAjB7e/ https://x.com/i/status/1581661542482792448,True,動画は4月から半年間かけて再建されたキーウの街の様子である。,0,-,-,-,-,-,-,-,-,-,-,-,-,1,False,False,False,True,False
25,https://www.factcheckcenter.jp/fact-check/health/pfizer-official-admits-unverified-covid-vaccine-claim/,2022/12/7,不正確,医療・健康,https://x.com/i/status/1579759795225198593,"テキスト,動画1",2022年10月10日のSpecial Committee on COVID-19 pandemic において、オランダの欧州議会議員Robert Roos議員による質問に対し、ファイザー社役員のSmall氏が「新型コロナウィルスワクチンの感染予防について一度もテストされなかった。」と述べた。,https://multimedia.europarl.europa.eu/en/webstreaming/covi-committee-meeting_20221010-1430-COMMITTEE-COVI,2022年10月10日のSpecial Committee on COVID-19 pandemic においてオランダの欧州議会議員Robert Roos議員による質問に対し、ファイザー社役員のSmall氏が「ファイザーがワクチンを流通させる2020年12月より以前では、新型コロナウィルスワクチンが人から人への伝染を防ぐ（感染予防効果の）十分なデータはない」と述べた。,True,False,https://multimedia.europarl.europa.eu/en/webstreaming/covi-committee-meeting_20221010-1430-COMMITTEE-COVI https://x.com/i/status/1579759795225198593 https://www.nbcnews.com/news/us-news/3-vaccine-executives-say-after-approval-distribution-will-be-main-n1249928 https://www.science.org/doi/10.1126/science.abo2959#:~:text=Estimating%20indirect%20effects%20is%20typically%20done%20after%20a%20vaccine%20is%20licensed%2C%20in%20either%20observational%20studies%20or%20cluster%20randomized%20trials. https://www.mhlw.go.jp/content/10601000/000739054.pdf https://www.cov19-vaccine.mhlw.go.jp/qa/0011.html https://web.archive.org/web/20210414090752/https://www.cov19-vaccine.mhlw.go.jp/qa/0011.html https://web.archive.org/web/20210712030506/https://www.cov19-vaccine.mhlw.go.jp/qa/0011.html,False,「コロナワクチンが感染拡大を防ぐことができるかどうか検証していなかった」という情報について、ワクチンの承認前の臨床試験で行われていなかった点は事実。しかし、この情報は当初から公開されており、ファイザー社役員が答えた欧州委員会で新たに明らかになった新事実ではない。よって、この言説は不正確（ミスリード）。,0,-,-,-,-,-,-,-,-,-,-,-,-,1,False,False,False,True,False
26,https://www.factcheckcenter.jp/fact-check/health/pfizer-official-admits-unverified-covid-vaccine-claim/,2022/12/7,不正確,医療・健康,https://x.com/i/status/1579759795225198593,"テキスト,動画1",2022年10月10日のSpecial Committee on COVID-19 pandemic においてオランダの欧州議会議員Robert Roos議員による質問に対し、ファイザー社役員のSmall氏が「ファイザーがワクチンを流通させる2020年12月より以前では、新型コロナウィルスワクチンが人から人への伝染を防ぐ（感染予防効果の）十分なデータはない」と述べた。,https://multimedia.europarl.europa.eu/en/webstreaming/covi-committee-meeting_20221010-1430-COMMITTEE-COVI,2022年10月10日のSpecial Committee on COVID-19 pandemic においてオランダの欧州議会議員Robert Roos議員による質問に対し、ファイザー社役員のSmall氏が「ファイザーがワクチンを流通させる2020年12月より以前では、新型コロナウィルスワクチンが人から人への伝染を防ぐ（感染予防効果の）十分なデータはない」と述べた。,True,True,https://multimedia.europarl.europa.eu/en/webstreaming/covi-committee-meeting_20221010-1430-COMMITTEE-COVI https://x.com/i/status/1579759795225198593 https://www.nbcnews.com/news/us-news/3-vaccine-executives-say-after-approval-distribution-will-be-main-n1249928 https://www.science.org/doi/10.1126/science.abo2959#:~:text=Estimating%20indirect%20effects%20is%20typically%20done%20after%20a%20vaccine%20is%20licensed%2C%20in%20either%20observational%20studies%20or%20cluster%20randomized%20trials. https://www.mhlw.go.jp/content/10601000/000739054.pdf https://www.cov19-vaccine.mhlw.go.jp/qa/0011.html https://web.archive.org/web/20210414090752/https://www.cov19-vaccine.mhlw.go.jp/qa/0011.html https://web.archive.org/web/20210712030506/https://www.cov19-vaccine.mhlw.go.jp/qa/0011.html,True,「コロナワクチンが感染拡大を防ぐことができるかどうか検証していなかった」という情報について、ワクチンの承認前の臨床試験で行われていなかった点は事実。,0,-,-,-,-,-,-,-,-,-,-,-,-,1,False,False,False,True,False
27,https://www.factcheckcenter.jp/fact-check/international/bucha-massacre-ukraine-planned-by-uk-and-ukraine-false/,2022/12/12,誤り,国際,https://x.com/i/status/1593153013216333824,テキスト,2022年3月のブチャの虐殺はロシアが行ったのではなく、ウクライナと英国が計画した自作自演である。,https://www.bbc.com/japanese/features-and-analysis-60992231,2022年3月のブチャの虐殺はロシアが行った。,True,False,https://www.nytimes.com/2022/04/04/world/europe/bucha-ukraine-bodies.html https://www.nytimes.com/2022/05/19/world/europe/russia-bucha-ukraine-executions.html https://www.bbc.com/japanese/features-and-analysis-60992231 https://www.youtube.com/watch?v=5T_bXgnXYcQ https://www.ohchr.org/en/press-releases/2022/12/un-report-details-summary-executions-civilians-russian-troops-northern,False,「ブチャの大虐殺がイギリスとウクライナの計画と判明して騒がなくなった」は誤り。,0,-,-,-,-,-,-,-,-,-,-,-,-,0,-,-,-,-,-
28,https://www.factcheckcenter.jp/fact-check/international/bucha-massacre-ukraine-planned-by-uk-and-ukraine-false/,2022/12/12,誤り,国際,https://x.com/i/status/1593153013216333824,テキスト,2022年3月のブチャの虐殺はロシアが行った。,https://www.bbc.com/japanese/features-and-analysis-60992231,2022年3月のブチャの虐殺はロシアが行った。,True,True,https://www.nytimes.com/2022/04/04/world/europe/bucha-ukraine-bodies.html https://www.nytimes.com/2022/05/19/world/europe/russia-bucha-ukraine-executions.html https://www.bbc.com/japanese/features-and-analysis-60992231 https://www.youtube.com/watch?v=5T_bXgnXYcQ https://www.ohchr.org/en/press-releases/2022/12/un-report-details-summary-executions-civilians-russian-troops-northern,True,ニューヨーク・タイムズは「ロシアの主張に反して衛星画像は遺体が数週間にわたりブチャに横たわっていたことを示す」と題した記事で、ブチャ上空からの衛星画像をもとに、ロシア軍が撤退する3月30日より前に、ブチャのヤブロンスカ通りに遺体が存在していたと示した。,0,-,-,-,-,-,-,-,-,-,-,-,-,0,-,-,-,-,-
29,https://www.factcheckcenter.jp/fact-check/health/mhlw-staff-vaccination-rate-uncertain/,2022/12/16,根拠不明,医療・健康,https://x.com/i/status/1596266226707181568,テキスト,2022年11月25日「新型コロナワクチン接種と死亡事例の因果関係を考える」勉強会において、2022年11月時点での厚労省職員のワクチン接種率が10％であることが判明した。,https://rumble.com/v1xzrtm-1125.html?fbclid=IwAR04oLi2MP7Ut_Iq3jqkd7t0JaNzA7i46xbJcEAtbs_2LFPrrpXrHseX-DY,2022年11月25日「新型コロナワクチン接種と死亡事例の因果関係を考える」勉強会において、厚生労働省は会議の場では厚労省職員のワクチン接種率のデータを持っていないことが判明した。,False,False,https://rumble.com/v1xzrtm-1125.html?fbclid=IwAR04oLi2MP7Ut_Iq3jqkd7t0JaNzA7i46xbJcEAtbs_2LFPrrpXrHseX-DY https://mainichi.jp/articles/20211225/k00/00m/040/096000c,NEI,厚労省職員のワクチン接種率はそもそも調べられておらず、拡散した言説の中にも接種率を示す根拠は述べられていないため根拠不明と判定した。,0,-,-,-,-,-,-,-,-,-,-,-,-,0,-,-,-,-,-
30,https://www.factcheckcenter.jp/fact-check/health/mhlw-staff-vaccination-rate-uncertain/,2022/12/16,根拠不明,医療・健康,https://x.com/i/status/1596266226707181568,テキスト,2022年11月25日「新型コロナワクチン接種と死亡事例の因果関係を考える」勉強会において、厚生労働省は会議の場では厚労省職員のワクチン接種率のデータを持っていないことが判明した。,https://rumble.com/v1xzrtm-1125.html?fbclid=IwAR04oLi2MP7Ut_Iq3jqkd7t0JaNzA7i46xbJcEAtbs_2LFPrrpXrHseX-DY,2022年11月25日「新型コロナワクチン接種と死亡事例の因果関係を考える」勉強会において、厚生労働省は会議の場では厚労省職員のワクチン接種率のデータを持っていないことが判明した。,False,True,https://rumble.com/v1xzrtm-1125.html?fbclid=IwAR04oLi2MP7Ut_Iq3jqkd7t0JaNzA7i46xbJcEAtbs_2LFPrrpXrHseX-DY https://mainichi.jp/articles/20211225/k00/00m/040/096000c,True,厚労省職員のワクチン接種率はそもそも調べられておらず、言説は正しいと判定した。,0,-,-,-,-,-,-,-,-,-,-,-,-,0,-,-,-,-,-
31,https://www.factcheckcenter.jp/fact-check/politics/education-administration-staff-top-jk-inspection-photo-female-poet/,2022/12/21,誤り,政治,https://x.com/i/status/1597912414624026625,"テキスト,画像1",元文部科学省事務次官前川喜平が女子高生と援助交際をしていた。,https://x.com/i/status/1262682320974172160,「教育行政の事務方トップが“品定め”していた（JK談） 」という写真はセーラー服姿の女性歌人・鳥居さんのもので女子高生（JK）を“品定め”している内容のものではない。,True,False,https://www.buzzfeed.com/jp/takumiharimaya/maekawa-fact-check https://x.com/i/status/1262682320974172160,False,「教育行政の事務方トップが“品定め”していた（JK談） 」という写真はセーラー服姿の女性歌人・鳥居さんのもので女子高生（JK）を“品定め”している内容のものではない。,1,True,True,False,-,-,-,-,-,-,-,-,-,0,-,-,-,True,True
32,https://www.factcheckcenter.jp/fact-check/politics/education-administration-staff-top-jk-inspection-photo-female-poet/,2022/12/21,誤り,政治,https://x.com/i/status/1597912414624026625,"テキスト,画像1",投稿された画像は、2017年12月5日、文部科学省事務次官だった前川喜平と歌人鳥居の面会時の写真である。,https://x.com/i/status/1262682320974172160,投稿された画像は、2017年12月5日、文部科学省事務次官だった前川喜平と歌人鳥居の面会時の写真である。,True,True,https://www.buzzfeed.com/jp/takumiharimaya/maekawa-fact-check https://x.com/i/status/1262682320974172160,True,写真に映ったセーラー服姿の女性は、歌集も出した鳥居さん。Twitterに2017年12月5日、「文部科学省事務次官だった、前川喜平さんにお会いしました」と、前川さんとのツーショット写真とともに投稿したもの。,1,True,False,False,-,-,-,-,-,-,-,-,-,0,-,-,-,True,False
33,https://www.factcheckcenter.jp/fact-check/health/who-unvaccinated-anti-vaxxers-murderers-officially-mischaracterized/,2023/1/12,不正確,医療・健康,https://x.com/i/status/1604299157547716609,"テキスト,画像1",世界保健機関（WHO）が新型コロナウィルスワクチン未接種の反ワクチン活動家を『殺人者』と公式に位置付けた。,https://x.com/i/status/1602991915808456705,"WHOの医師Peter Hotez氏がアメリカではワクチンが広く利用可能になってからも、200,000人がワクチン接種を拒絶したことで、本来、失う必要のない命を落としたと指摘した。",True,False,https://thepeoplesvoice.tv/world-health-organization-declares-that-unvaccinated-citizens-are-murderers/ https://x.com/i/status/1602991915808456705 https://x.com/i/status/1602991915808456705,False,「ワクチン未接種の反ワクを『殺人者』と公式に位置づけ」という言説は、WHOのTwitterアカウントで紹介された医師の発言を元にした信頼性の低い海外サイトの記事を直訳的に紹介したもので不正確(ミスリード)。,1,True,False,False,-,-,-,-,-,-,-,-,-,0,-,-,-,-,-
34,https://www.factcheckcenter.jp/fact-check/health/who-unvaccinated-anti-vaxxers-murderers-officially-mischaracterized/,2023/1/12,不正確,医療・健康,https://x.com/i/status/1604299157547716609,"テキスト,画像1","WHOの医師Peter Hotez氏がアメリカではワクチンが広く利用可能になってからも、200,000人がワクチン接種を拒絶したことで、本来、失う必要のない命を落としたと指摘した。",https://x.com/i/status/1602991915808456705,"WHOの医師Peter Hotez氏がアメリカではワクチンが広く利用可能になってからも、200,000人がワクチン接種を拒絶したことで、本来、失う必要のない命を落としたと指摘した。",True,True,https://thepeoplesvoice.tv/world-health-organization-declares-that-unvaccinated-citizens-are-murderers/ https://x.com/i/status/1602991915808456705 https://x.com/i/status/1602991915808456705,True,"Hotez氏は動画の中で、アメリカではワクチンが広く利用可能になってからも、200,000人がワクチン接種を拒絶したことで、本来、失う必要のない命を落としたと指摘。反ワクチン運動は世界に広がって中・低所得国にも浸透し、多くの命が失われていると批判している。",1,True,False,False,-,-,-,-,-,-,-,-,-,0,-,-,-,-,-
35,https://www.factcheckcenter.jp/fact-check/health/bill-gates-daughter-unvaccinated-covid-vaccine-pediatric-vaccine-false/,2023/1/13,誤り,医療・健康,https://x.com/i/status/1610325457521758208,画像1,2023年1月4日時点でビル・ゲイツの娘フィービー・アデル・ゲイツはCOVIDワクチン・小児用ワクチン未接種である。,https://www.instagram.com/p/CN9AJRrM-WO/,2021年4月22日時点でビル・ゲイツの娘フィービー・アデル・ゲイツはCOVIDワクチン・小児用ワクチン接種済である。,True,False,https://www.instagram.com/p/CN9AJRrM-WO/?hl=en https://www.vogue.com/slideshow/jennifer-gates-nayel-nassar-wedding#:~:text=%E2%80%9CWhich%20is%20why%20we%20made%20the%20decision%20that%20all%20guests%20must%20be%20fully%20vaccinated%20and%20receive%20a%20negative%20test%20result%20prior%20to%20the%20wedding%2C%E2%80%9D%20Jenn%20says. https://www.instagram.com/p/CZ-jusePQxs/ https://www.politifact.com/factchecks/2022/nov/02/viral-image/yes-bill-gates-children-are-vaccinated/ https://apnews.com/article/fact-check-bill-gates-children-vaccine-886368946553 https://fullfact.org/online/bill-gates-daughter-phoebe-vaccianted/,False,検証対象の投稿は根拠を示していない一方で、コロナ前からゲイツ氏の家族は何度もワクチン接種に関して投稿している。以上のことから、フィービー・ゲイツ氏がコロナワクチン、小児ワクチンを未接種という情報は誤りと判定した。,1,True,False,False,-,-,-,-,-,-,-,-,-,0,-,-,-,NA,False
36,https://www.factcheckcenter.jp/fact-check/health/bill-gates-daughter-unvaccinated-covid-vaccine-pediatric-vaccine-false/,2023/1/13,誤り,医療・健康,https://x.com/i/status/1610325457521758208,画像1,2023年1月4日時点でビル・ゲイツの娘フィービー・アデル・ゲイツはCOVIDワクチン・小児用ワクチン接種済である。,https://www.instagram.com/p/CN9AJRrM-WO/,2021年4月22日時点でビル・ゲイツの娘フィービー・アデル・ゲイツはCOVIDワクチン・小児用ワクチン接種済である。,True,True,https://www.instagram.com/p/CN9AJRrM-WO/?hl=en https://www.vogue.com/slideshow/jennifer-gates-nayel-nassar-wedding#:~:text=%E2%80%9CWhich%20is%20why%20we%20made%20the%20decision%20that%20all%20guests%20must%20be%20fully%20vaccinated%20and%20receive%20a%20negative%20test%20result%20prior%20to%20the%20wedding%2C%E2%80%9D%20Jenn%20says. https://www.instagram.com/p/CZ-jusePQxs/ https://www.politifact.com/factchecks/2022/nov/02/viral-image/yes-bill-gates-children-are-vaccinated/ https://apnews.com/article/fact-check-bill-gates-children-vaccine-886368946553 https://fullfact.org/online/bill-gates-daughter-phoebe-vaccianted/,True,検証対象の投稿は根拠を示していない一方で、コロナ前からゲイツ氏の家族は何度もワクチン接種に関して投稿している。以上のことから、フィービー・ゲイツ氏がコロナワクチン、小児ワクチンを接種済みという情報は正しいと判定した。,1,True,True,False,-,-,-,-,-,-,-,-,-,0,-,-,-,NA,True
37,https://www.factcheckcenter.jp/fact-check/politics/inada-legislator-royal-family-chimachogori-image-fabricated/,2023/1/16,誤り,政治,https://x.com/i/status/1609877837074542595,"テキスト,画像1,画像2",投稿された画像は、稲田朋美衆院議員がチマチョゴリを着ている画像と皇后陛下および愛子内親王殿下がチマチョゴリを着ている画像である。,https://abcnews.go.com/US/japans-defense-minister-courts-controversy-refuses-acknowledge-war/story?id=41116766,投稿された画像は、稲田朋美衆院議員がチマチョゴリを着ているフェイク画像と皇后陛下および愛子内親王殿下がチマチョゴリを着ているフェイク画像である。,True,False,https://abcnews.go.com/US/japans-defense-minister-courts-controversy-refuses-acknowledge-war/story?id=41116766,False,検証対象のツイートに投稿された2枚の画像は、実際にチマチョゴリを着ているわけではなく、合成されて作られた誤った画像と判定した。,2,False,True,False,False,True,False,-,-,-,-,-,-,0,-,-,-,True,True
38,https://www.factcheckcenter.jp/fact-check/politics/inada-legislator-royal-family-chimachogori-image-fabricated/,2023/1/16,誤り,政治,https://x.com/i/status/1609877837074542595,"テキスト,画像1,画像2",投稿された画像は、稲田朋美衆院議員がチマチョゴリを着ているフェイク画像と皇后陛下および愛子内親王殿下がチマチョゴリを着ているフェイク画像である。,https://abcnews.go.com/US/japans-defense-minister-courts-controversy-refuses-acknowledge-war/story?id=41116766,投稿された画像は、稲田朋美衆院議員がチマチョゴリを着ているフェイク画像と皇后陛下および愛子内親王殿下がチマチョゴリを着ているフェイク画像である。,True,True,https://abcnews.go.com/US/japans-defense-minister-courts-controversy-refuses-acknowledge-war/story?id=41116766,True,画像はAPのもので写真説明には「日本の稲田朋美・新防衛大臣が就任初日に防衛省で儀仗兵を視察（2016年8月4日）」とある。稲田氏がチマチョゴリを着ている画像は、これを元に合成して作られたものだ。,2,False,False,False,False,False,False,-,-,-,-,-,-,0,-,-,-,True,False
39,https://www.factcheckcenter.jp/fact-check/health/fauci-vaccine-ineffectiveness-over-time-inaccurate/,2023/1/24,不正確,医療・健康,https://x.com/i/status/1615937858514333696,"テキスト,動画1",2020/03/27に公開されたMark ZuckerbergとDr. Anthony S. Fauciの対談の中で、Fauci氏が「新型コロナウィルスワクチンは時が経つと逆効果になる」と発言した。,https://www.youtube.com/watch?v=971QcDEha5I,2020/03/27に公開されたMark ZuckerbergとDr. Anthony S. Fauciの対談の中で、Fauci氏が「新型コロナウィルスワクチンの開発時にはワクチンの安全性試験に時間をかける必要がある」と発言した。,True,False,https://www.youtube.com/watch?v=971QcDEha5I https://www.facebook.com/zuck/videos/10111683294466031/,False,動画の一部分の切り取りに「ファウチ氏『ワクチンは、時が経つと逆効果になる』」とするツイートは、不正確（ミスリード）。,0,-,-,-,-,-,-,-,-,-,-,-,-,1,True,True,False,True,True
40,https://www.factcheckcenter.jp/fact-check/health/fauci-vaccine-ineffectiveness-over-time-inaccurate/,2023/1/24,不正確,医療・健康,https://x.com/i/status/1615937858514333696,"テキスト,動画1",2020/03/27に公開されたMark ZuckerbergとDr. Anthony S. Fauciの対談の中で、Fauci氏が「新型コロナウィルスワクチンの開発時にはワクチンの安全性試験に時間をかける必要がある」と発言した。,https://www.youtube.com/watch?v=971QcDEha5I,2020/03/27に公開されたMark ZuckerbergとDr. Anthony S. Fauciの対談の中で、Fauci氏が「新型コロナウィルスワクチンの開発時にはワクチンの安全性試験に時間をかける必要がある」と発言した。,True,True,https://www.youtube.com/watch?v=971QcDEha5I https://www.facebook.com/zuck/videos/10111683294466031/,True,動画の一部分の切り取りに「ファウチ氏『ワクチンは、時が経つと逆効果になる』」とする動画は、切り取られた動画であり、正しい。,0,-,-,-,-,-,-,-,-,-,-,-,-,1,True,False,False,True,False
41,https://www.factcheckcenter.jp/fact-check/international/most-hated-country-by-people/,2023/1/25,誤り,国際,https://x.com/i/status/1615121250896187395,"テキスト,画像1",投稿された画像は、2022年、Alliance of Democracies によって行われた「各国人が最も嫌っている国」の世論調査結果の画像である。,https://x.com/i/status/1560227749767282688,2022年、Alliance of Democracies は「各国人が最も嫌っている国」の世論調査を行っていない。,True,False,https://x.com/i/status/1560227749767282688 https://web.archive.org/web/20230118052909/https://twitter.com/i/status/1559667917783834625 https://web.archive.org/web/20220818035429/https://twitter.com/i/status/1560112673886326784,False,画像に記されている出典元の公式Twitterアカウントが否定しており、画像を拡散しているアカウントも自作を示唆していることから誤りと判定した。,1,False,True,False,-,-,-,-,-,-,-,-,-,0,-,-,-,True,True
42,https://www.factcheckcenter.jp/fact-check/international/most-hated-country-by-people/,2023/1/25,誤り,国際,https://x.com/i/status/1615121250896187395,"テキスト,画像1",投稿された画像は、2022年、Alliance of Democracies によって行われた「各国人が最も嫌っている国」の世論調査結果としたフェイク画像である。,https://x.com/i/status/1560227749767282688,2022年、Alliance of Democracies は「各国人が最も嫌っている国」の世論調査を行っていない。,True,True,https://x.com/i/status/1560227749767282688 https://web.archive.org/web/20230118052909/https://twitter.com/i/status/1559667917783834625 https://web.archive.org/web/20220818035429/https://twitter.com/i/status/1560112673886326784,True,画像に記されている出典元の公式Twitterアカウントが否定しており、画像を拡散しているアカウントも自作を示唆していることから正しいと判定した。,1,False,False,False,-,-,-,-,-,-,-,-,-,0,-,-,-,True,False
43,https://www.factcheckcenter.jp/fact-check/health/no-virus-protection-mask-misinterpretation-warning/,2023/2/2,不正確,医療・健康,https://x.com/i/status/1617359088089812994,"テキスト,画像1",2023年1月23日時点で販売されていたマスクには「マスクに新型コロナウィルス感染症に対する感染予防効果がない」という警告表示がある。,https://www.politifact.com/factchecks/2020/may/21/facebook-posts/disposable-homemade-masks-are-effective-stopping-a/,2023年1月23日時点で販売されていたマスクには「マスクに新型コロナウィルスに対する保護機能がない」という警告表示がある。,True,False,https://www.politifact.com/factchecks/2020/may/21/facebook-posts/disposable-homemade-masks-are-effective-stopping-a/ https://www.mhlw.go.jp/shingi/2008/11/dl/s1120-8l.pdf https://www.mhlw.go.jp/stf/houdou_kouhou/kouhou_shuppan/magazine/202207_00003.html,NEI,マスクに関する免責事項の警告表示は本物である一方で、マスクの着用に新型コロナウイルスの感染拡大を防ぐ効果はある。よって、このツイートは不正確（ミスリード）と判定した。,1,True,True,False,-,-,-,-,-,-,-,-,-,0,-,-,-,NA,True
44,https://www.factcheckcenter.jp/fact-check/health/no-virus-protection-mask-misinterpretation-warning/,2023/2/2,不正確,医療・健康,https://x.com/i/status/1617359088089812994,"テキスト,画像1",2023年1月23日時点で販売されていたマスクには「マスクに新型コロナウィルスに対する保護機能がない」という警告表示がある。,https://www.politifact.com/factchecks/2020/may/21/facebook-posts/disposable-homemade-masks-are-effective-stopping-a/,2023年1月23日時点で販売されていたマスクには「マスクに新型コロナウィルスに対する保護機能がない」という警告表示がある。,True,True,https://www.politifact.com/factchecks/2020/may/21/facebook-posts/disposable-homemade-masks-are-effective-stopping-a/ https://www.mhlw.go.jp/shingi/2008/11/dl/s1120-8l.pdf https://www.mhlw.go.jp/stf/houdou_kouhou/kouhou_shuppan/magazine/202207_00003.html,True,マスクに関する免責事項の警告表示は本物である。よって、正しいと判定した。,1,True,False,False,-,-,-,-,-,-,-,-,-,0,-,-,-,NA,False
45,https://www.factcheckcenter.jp/fact-check/disasters/turkey-earthquake-tsunami-video-2017-south-africa-misleading/,2023/2/8,誤り,災害,https://x.com/i/status/1622558635963584512,"テキスト,動画1",投稿された動画は、2023年2月6日のトルコ南部の大地震による津波の動画である。,https://www.reuters.com/article/factcheck-tsunami-turkey/fact-check-years-old-video-of-tidal-wave-in-south-africa-wrongly-linked-to-2023-turkey-earthquake-idUSL1N34N28A/,投稿された動画は、遅くとも2017年3月12日までに撮影された南アフリカの港町ダーバンの動画である。,False,False,https://www.reuters.com/article/factcheck-tsunami-turkey/fact-check-years-old-video-of-tidal-wave-in-south-africa-wrongly-linked-to-2023-turkey-earthquake-idUSL1N34N28A/,False,言説内の動画は南アフリカで2017年までに撮影されたものであり、トルコの地震とは関係がないため、誤り。,0,-,-,-,-,-,-,-,-,-,-,-,-,1,False,True,False,True,True
46,https://www.factcheckcenter.jp/fact-check/disasters/turkey-earthquake-tsunami-video-2017-south-africa-misleading/,2023/2/8,誤り,災害,https://x.com/i/status/1622558635963584512,"テキスト,動画1",2023年2月6日にトルコ南部の大地震で津波が発生した。,https://x.com/i/status/1622562686511767552,2023年2月6日にトルコ南部の大地震が発生したが、津波の心配はない。,False,False,https://x.com/i/status/1622562686511767552 https://x.com/i/status/1622608253287817216,False,言説内の動画は南アフリカで2017年までに撮影されたものであり、トルコの地震とは関係がないため、誤り。,0,-,-,-,-,-,-,-,-,-,-,-,-,1,False,True,False,True,True
47,https://www.factcheckcenter.jp/fact-check/disasters/turkey-earthquake-tsunami-video-2017-south-africa-misleading/,2023/2/8,誤り,災害,https://x.com/i/status/1622558635963584512,"テキスト,動画1",投稿された動画は、遅くとも2017年3月12日までに撮影された南アフリカの港町ダーバンの動画である。,https://www.reuters.com/article/factcheck-tsunami-turkey/fact-check-years-old-video-of-tidal-wave-in-south-africa-wrongly-linked-to-2023-turkey-earthquake-idUSL1N34N28A/,投稿された動画は、遅くとも2017年3月12日までに撮影された南アフリカの港町ダーバンの動画である。,False,True,https://www.reuters.com/article/factcheck-tsunami-turkey/fact-check-years-old-video-of-tidal-wave-in-south-africa-wrongly-linked-to-2023-turkey-earthquake-idUSL1N34N28A/,True,言説内の動画は南アフリカで2017年までに撮影されたものであり、トルコの地震とは関係がないため、誤り。,0,-,-,-,-,-,-,-,-,-,-,-,-,1,False,False,False,True,False
48,https://www.factcheckcenter.jp/fact-check/disasters/turkey-earthquake-tsunami-video-2017-south-africa-misleading/,2023/2/8,誤り,災害,https://x.com/i/status/1622558635963584512,"テキスト,動画1",2023年2月6日にトルコ南部の大地震が発生したが、津波の心配はない。,https://x.com/i/status/1622562686511767552,2023年2月6日にトルコ南部の大地震が発生したが、津波の心配はない。,False,True,https://www.facebook.com/RedClimaticaMundial/videos/1480842758656886/ https://goo.gl/maps/gXJcFgNagpDRBeag9 https://twitter.com/i/status/1622562686511767552 https://twitter.com/i/status/1622608253287817216,True,トルコのAFAD（災害緊急事態対策庁）はTwitter上で2月6日、「東地中海沿岸には津波の危険はありません」と公表している。,0,-,-,-,-,-,-,-,-,-,-,-,-,1,False,True,False,-,-
49,https://www.factcheckcenter.jp/fact-check/international/false-claims-on-911-being-fabricated-due-to-lack-of-airplane-in-video/,2023/2/8,誤り,国際,https://x.com/i/status/1617020622403670017,"テキスト,動画1",投稿された動画では世界貿易センタービルが爆発する映像に衝突する飛行機が見当たらないため、2001年9月11日アメリカ同時多発テロ事件は捏造である。,https://www.youtube.com/watch?v=23GnO5FfGMA,世界貿易センタービルに衝突する飛行機を確認できる映像もあるため、2001年9月11日アメリカ同時多発テロ事件は捏造ではない。,True,False,https://www.youtube.com/watch?v=23GnO5FfGMA https://www.youtube.com/watch?v=f_GgCm1rBeI https://www.youtube.com/watch?v=Pz8kh-chP8U,False,検証対象となった動画はアメリカのテレビ局のヘリから撮影したもので、より鮮明な動画を確認したところ、ビルが爆発するよりも前に、飛来する様子やビルの裏側に隠れる飛行機が映っていた。「動画に飛行機が映っていないので911は捏造」は誤り。,0,-,-,-,-,-,-,-,-,-,-,-,-,1,False,False,False,True,False
50,https://www.factcheckcenter.jp/fact-check/international/false-claims-on-911-being-fabricated-due-to-lack-of-airplane-in-video/,2023/2/8,誤り,国際,https://x.com/i/status/1617020622403670017,"テキスト,動画1",投稿された動画で世界貿易センタービル爆発の映像に衝突する飛行機が見当たらないからといって、2001年9月11日アメリカ同時多発テロ事件が捏造であると断定することはできない。,https://www.youtube.com/watch?v=23GnO5FfGMA,世界貿易センタービルに衝突する飛行機を確認できる映像もあるため、2001年9月11日アメリカ同時多発テロ事件は捏造ではない。,True,True,https://www.youtube.com/watch?v=23GnO5FfGMA https://www.youtube.com/watch?v=f_GgCm1rBeI https://www.youtube.com/watch?v=Pz8kh-chP8U,True,検証対象となった動画はアメリカのテレビ局のヘリから撮影したもので、より鮮明な動画を確認したところ、ビルが爆発するよりも前に、飛来する様子やビルの裏側に隠れる飛行機が映っていた。したがって、言説は正しい。,0,-,-,-,-,-,-,-,-,-,-,-,-,1,False,False,False,True,False
51,https://www.factcheckcenter.jp/fact-check/health/covid-vaccine-2023-fall-winter-universal-vaccination-false/,2023/2/14,誤り,医療・健康,https://x.com/i/status/1623649015014514689,"テキスト,画像1",厚生労働省は第52回厚生科学審議会予防接種・ワクチン分科会予防接種基本方針部会において、2023年度の秋冬に新型コロナウィルスワクチンを全員に接種するという方針を決定した。,https://www.mhlw.go.jp/content/10900000/001232446.pdf,厚生労働省は第52回厚生科学審議会予防接種・ワクチン分科会予防接種基本方針部会において、2023年度以降、全ての人に対して新型コロナウィルスワクチンの接種機会を確保することが望ましいという方針を決定した。,True,False,https://nk.jiho.jp/article/178161 https://www.mhlw.go.jp/stf/shingi2/0000192554_00027.html https://www.mhlw.go.jp/content/10601000/001054087.pdf,False,新型コロナワクチンを2023年度の秋冬に全員に強制接種というような言説は誤り。,1,True,False,False,-,-,-,-,-,-,-,-,-,0,-,-,-,True,False
52,https://www.factcheckcenter.jp/fact-check/health/covid-vaccine-2023-fall-winter-universal-vaccination-false/,2023/2/14,誤り,医療・健康,https://x.com/i/status/1623649015014514689,"テキスト,画像1",厚生労働省は第52回厚生科学審議会予防接種・ワクチン分科会予防接種基本方針部会において、2023年度以降、全ての人に対して新型コロナウィルスワクチンの接種機会を確保することが望ましいという方針を決定した。,https://www.mhlw.go.jp/content/10900000/001232446.pdf,厚生労働省は第52回厚生科学審議会予防接種・ワクチン分科会予防接種基本方針部会において、2023年度以降、全ての人に対して新型コロナウィルスワクチンの接種機会を確保することが望ましいという方針を決定した。,True,True,https://nk.jiho.jp/article/178161 https://www.mhlw.go.jp/stf/shingi2/0000192554_00027.html https://www.mhlw.go.jp/content/10601000/001054087.pdf,True,新型コロナワクチンを2023年度の秋冬に全員に強制接種しないというような言説は正しい。,1,True,True,False,-,-,-,-,-,-,-,-,-,0,-,-,-,True,True
53,https://www.factcheckcenter.jp/fact-check/politics/kishi-norichika-inheritance-protection-image-manipulation-factcheck/,2023/2/17,誤り,政治,https://x.com/i/status/1625253680621715458,"テキスト,画像1",「山口と日本の世襲を守る岸のぶちよ」とメッセージが付けられた画像が存在する。,https://web.archive.org/web/20230213071814/https://kishi-jpn.com/,「山口と日本の世襲を守る岸のぶちよ」とメッセージが付けられた画像は改変されている。,True,False,https://kishi-jpn.com/ https://web.archive.org/web/20230213071814/https://kishi-jpn.com/,False,岸氏のウェブサイトの元画像は「未来を創る」で「世襲を守る」とある画像は改変されており、誤り。,1,False,False,False,-,-,-,-,-,-,-,-,-,0,-,-,-,True,False
54,https://www.factcheckcenter.jp/fact-check/politics/kishi-norichika-inheritance-protection-image-manipulation-factcheck/,2023/2/17,誤り,政治,https://x.com/i/status/1625253680621715458,"テキスト,画像1",「山口と日本の世襲を守る岸のぶちよ」とメッセージが付けられた画像は改変されている。,https://web.archive.org/web/20230213071814/https://kishi-jpn.com/,「山口と日本の世襲を守る岸のぶちよ」とメッセージが付けられた画像は改変されている。,True,True,https://kishi-jpn.com/ https://web.archive.org/web/20230213071814/https://kishi-jpn.com/,True,岸氏のウェブサイトの元画像は「未来を創る」で「世襲を守る」とある画像は改変されている。,1,False,False,False,-,-,-,-,-,-,-,-,-,0,-,-,-,True,False
55,https://www.factcheckcenter.jp/fact-check/politics/kishi-norichika-inheritance-protection-image-manipulation-factcheck/,2023/2/17,誤り,政治,https://x.com/i/status/1625392185477861384,"テキスト,画像1",「山口と日本の世襲を守る岸のぶちよ」とメッセージが付けられた画像が存在する。,https://web.archive.org/web/20230213071814/https://kishi-jpn.com/,「山口と日本の世襲を守る岸のぶちよ」とメッセージが付けられた画像は改変されている。,True,False,https://kishi-jpn.com/ https://web.archive.org/web/20230213071814/https://kishi-jpn.com/,False,岸氏のウェブサイトの元画像は「未来を創る」で「世襲を守る」とある画像は改変されており、誤り。,1,False,False,False,-,-,-,-,-,-,-,-,-,0,-,-,-,True,False
56,https://www.factcheckcenter.jp/fact-check/politics/kishi-norichika-inheritance-protection-image-manipulation-factcheck/,2023/2/17,誤り,政治,https://x.com/i/status/1625392185477861384,"テキスト,画像1",「山口と日本の世襲を守る岸のぶちよ」とメッセージが付けられた画像は改変されている。,https://web.archive.org/web/20230213071814/https://kishi-jpn.com/,「山口と日本の世襲を守る岸のぶちよ」とメッセージが付けられた画像は改変されている。,True,True,https://kishi-jpn.com/ https://web.archive.org/web/20230213071814/https://kishi-jpn.com/,True,岸氏のウェブサイトの元画像は「未来を創る」で「世襲を守る」とある画像は改変されている。,1,False,False,False,-,-,-,-,-,-,-,-,-,0,-,-,-,True,False
57,https://www.factcheckcenter.jp/fact-check/disasters/turkey-syria-earthquake-support-russia-only-false/,2023/3/1,誤り,災害,https://twitter.com/i/status/1624078445834805248,"テキスト,動画1",2023年2月6日に発生したトルコ・シリア大地震に対して、2023年2月11日時点でシリアを支援する国はロシアだけである。,https://www.aljazeera.com/news/2023/2/6/major-earthquake-hits-turkey-syria-which-countries-offered-help,2023年2月6日に発生したトルコ・シリア大地震についてロシアだけでなく複数の国がシリアを支援している。,NA,False,"https://www.aljazeera.com/news/2023/2/6/major-earthquake-hits-turkey-syria-which-countries-offered-help#:~:text=United%20Arab%20Emirates,official%20news%20agency%20WAM%20said https://www.youtube.com/watch?v=8xrl-xEFFNI https://www3.nhk.or.jp/news/html/20230209/k10013975811000.html#tag3 https://www.jrc.or.jp/international/news/2023/0222_031015.html https://www.mofa.go.jp/mofaj/press/release/press3_001075.html https://www.usaid.gov/news-information/press-releases/feb-09-2023-united-states-provide-85-million-escalating-humanitarian-needs-turkiye-and-syria-earthquakes-response https://home.treasury.gov/system/files/126/syria_earthquake_relief_compliance_guidance.pdf",False,各国報道から、シリアを支援している国はロシアだけという言説は誤り。,0,-,-,-,-,-,-,-,-,-,-,-,-,1,True,False,False,-,-
58,https://www.factcheckcenter.jp/fact-check/disasters/turkey-syria-earthquake-support-russia-only-false/,2023/3/1,誤り,災害,https://twitter.com/i/status/1624078445834805248,"テキスト,動画1",2023年2月6日に発生したトルコ・シリア大地震に対して、2023年2月11日時点でロシアだけでなく複数の国がシリアを支援している。,https://www.aljazeera.com/news/2023/2/6/major-earthquake-hits-turkey-syria-which-countries-offered-help,2023年2月6日に発生したトルコ・シリア大地震についてロシアだけでなく複数の国がシリアを支援している。,NA,True,"https://www.aljazeera.com/news/2023/2/6/major-earthquake-hits-turkey-syria-which-countries-offered-help#:~:text=United%20Arab%20Emirates,official%20news%20agency%20WAM%20said https://www.youtube.com/watch?v=8xrl-xEFFNI https://www3.nhk.or.jp/news/html/20230209/k10013975811000.html#tag3 https://www.jrc.or.jp/international/news/2023/0222_031015.html https://www.mofa.go.jp/mofaj/press/release/press3_001075.html https://www.usaid.gov/news-information/press-releases/feb-09-2023-united-states-provide-85-million-escalating-humanitarian-needs-turkiye-and-syria-earthquakes-response https://home.treasury.gov/system/files/126/syria_earthquake_relief_compliance_guidance.pdf",True,各国報道から、シリアを支援している国はロシアだけという言説は誤り。,0,-,-,-,-,-,-,-,-,-,-,-,-,1,True,False,False,-,-
59,https://www.factcheckcenter.jp/fact-check/politics/abe-former-pm-disaster-visit-studio-shot/,2023/3/17,誤り,政治,https://x.com/i/status/1634123689133498369,画像1,2019年10月17日、安倍晋三首相(当時)が2019年の台風19号の被災地である宮城県へ訪れ、見舞いしたとされる映像はスタジオで撮影されたものである。,https://www.youtube.com/watch?v=dIPUI0gDef0,2019年10月17日、安倍晋三首相(当時)が2019年の台風19号の被災地である宮城県へ訪れ、見舞いしたとされる映像はスタジオで撮影されたものであるとされる画像は合成画像である。,True,False,https://www.youtube.com/watch?v=dIPUI0gDef0 https://www.youtube.com/watch?v=vYS-ewiHD7o,False,度々拡散する画像は合成されたもので、誤り。,1,False,True,False,-,-,-,-,-,-,-,-,-,0,-,-,-,True,True
60,https://www.factcheckcenter.jp/fact-check/politics/abe-former-pm-disaster-visit-studio-shot/,2023/3/17,誤り,政治,https://x.com/i/status/1634123689133498369,画像1,2019年10月17日、安倍晋三首相(当時)が2019年の台風19号の被災地である宮城県へ訪れ、見舞いしたとされる映像はスタジオで撮影されたものであるとされる画像は合成画像である。,https://www.youtube.com/watch?v=dIPUI0gDef0,2019年10月17日、安倍晋三首相(当時)が2019年の台風19号の被災地である宮城県へ訪れ、見舞いしたとされる映像はスタジオで撮影されたものであるとされる画像は合成画像である。,True,True,https://www.youtube.com/watch?v=dIPUI0gDef0 https://www.youtube.com/watch?v=vYS-ewiHD7o,True,度々拡散する画像は合成されたもので、正しい。,1,False,False,False,-,-,-,-,-,-,-,-,-,0,-,-,-,True,False
61,https://www.factcheckcenter.jp/fact-check/politics/abe-former-pm-disaster-visit-studio-shot/,2023/3/17,誤り,政治,https://x.com/i/status/1634167122434879488,"テキスト,画像1",2019年10月17日、安倍晋三首相(当時)が2019年の台風19号の被災地である宮城県へ訪れ、見舞いしたとされる映像はスタジオで撮影されたものである。,https://www.youtube.com/watch?v=dIPUI0gDef0,2019年10月17日、安倍晋三首相(当時)が2019年の台風19号の被災地である宮城県へ訪れ、見舞いしたとされる映像はスタジオで撮影されたものであるとされる画像は合成画像である。,True,False,https://www.youtube.com/watch?v=dIPUI0gDef0 https://www.youtube.com/watch?v=vYS-ewiHD7o,False,度々拡散する画像は合成されたもので、誤り。,1,False,True,False,-,-,-,-,-,-,-,-,-,0,-,-,-,True,True
62,https://www.factcheckcenter.jp/fact-check/politics/abe-former-pm-disaster-visit-studio-shot/,2023/3/17,誤り,政治,https://x.com/i/status/1634167122434879488,"テキスト,画像1",2019年10月17日、安倍晋三首相(当時)が2019年の台風19号の被災地である宮城県へ訪れ、見舞いしたとされる映像はスタジオで撮影されたものであるとされる画像は合成画像である。,https://www.youtube.com/watch?v=dIPUI0gDef0,2019年10月17日、安倍晋三首相(当時)が2019年の台風19号の被災地である宮城県へ訪れ、見舞いしたとされる映像はスタジオで撮影されたものであるとされる画像は合成画像である。,True,True,https://www.youtube.com/watch?v=dIPUI0gDef0 https://www.youtube.com/watch?v=vYS-ewiHD7o,True,度々拡散する画像は合成されたもので、正しい。,1,False,False,False,-,-,-,-,-,-,-,-,-,0,-,-,-,True,False
63,https://www.factcheckcenter.jp/fact-check/health/false-claims-on-shikishima-bakery-promoting-crickets-for-government-subsidies/,2023/3/23,誤り,医療・健康,https://x.com/i/status/1629646557531496448,テキスト,2022年敷島製パンはコオロギ食事業で、「農林水産物・食品輸出促進緊急対策事業のうちフードテックを活用した新しいビジネスモデル実証に対する支援事業」に採択された。,https://www.nttdata-strategy.com/assets/pdf/nousui_foodtech/list_03.pdf,2022年敷島製パンはコオロギ食事業にかかわらず「農林水産物・食品輸出促進緊急対策事業のうちフードテックを活用した新しいビジネスモデル実証に対する支援事業」に採択されていない。,True,False,https://futurenaut.co.jp/ https://www.pascoshop.com/Page/LP/korogi/ https://www.maff.go.jp/j/shokusan/sosyutu/attach/pdf/index-4.pdf https://www.maff.go.jp/j/supply/hozyo/kanbo/220225_014-1.html https://www.nttdata-strategy.com/assets/pdf/nousui_foodtech/list_03.pdf https://www.nttdata-strategy.com/assets/pdf/nousui_foodtech/list_02.pdf https://www.nttdata-strategy.com/assets/pdf/nousui_foodtech_r4/list.pdf,False,農水省の昆虫食に関する補助金交付先として、敷島製パンが含まれていないことから、敷島製パンが「政府の補助金欲しさに、コオロギを美化」しているという言説は誤りであると判定した。,1,False,True,False,-,-,-,-,-,-,-,-,-,0,-,-,-,-,-
64,https://www.factcheckcenter.jp/fact-check/health/false-claims-on-shikishima-bakery-promoting-crickets-for-government-subsidies/,2023/3/23,誤り,医療・健康,https://x.com/i/status/1629646557531496448,テキスト,2022年敷島製パンはコオロギ食事業にかかわらず「農林水産物・食品輸出促進緊急対策事業のうちフードテックを活用した新しいビジネスモデル実証に対する支援事業」に採択されていない。,https://www.nttdata-strategy.com/assets/pdf/nousui_foodtech/list_03.pdf,2022年敷島製パンはコオロギ食事業にかかわらず「農林水産物・食品輸出促進緊急対策事業のうちフードテックを活用した新しいビジネスモデル実証に対する支援事業」に採択されていない。,True,True,https://futurenaut.co.jp/ https://www.pascoshop.com/Page/LP/korogi/ https://www.maff.go.jp/j/shokusan/sosyutu/attach/pdf/index-4.pdf https://www.maff.go.jp/j/supply/hozyo/kanbo/220225_014-1.html https://www.nttdata-strategy.com/assets/pdf/nousui_foodtech/list_03.pdf https://www.nttdata-strategy.com/assets/pdf/nousui_foodtech/list_02.pdf https://www.nttdata-strategy.com/assets/pdf/nousui_foodtech_r4/list.pdf,True,農水省の昆虫食に関する補助金交付先として、敷島製パンが含まれていないことから、敷島製パンが「政府の補助金欲しさに、コオロギを美化」していないという言説は正しいと判定した。,1,False,True,False,-,-,-,-,-,-,-,-,-,0,-,-,-,-,-
65,https://www.factcheckcenter.jp/fact-check/health/false-claim-bible-locust-description-altered-in-2017/,2023/3/27,誤り,医療・健康,https://x.com/i/status/1625647525972811776,テキスト,昆虫食を推進するため、新日本聖書刊行会、日本聖書協会などの聖書の出版社は2017年の聖書改訂で『イナゴ以外の虫は食べては駄目』とあった記述を『イナゴとコオロギ以外は食べてはならない』に書き換えた。,https://www.bible.or.jp/know/know21.html,日本聖書協会は2017年の聖書改訂で『いなご』とあった記述を訳語選択の変更により『ばった』に変更し、新日本聖書刊行会は「コオロギ」を「こおろぎ」、「バッタ」を「ばった」にかな表記を変更した。,True,False,https://www.bible.or.jp/know/know21.html,False,2017年から聖書の記載内容が変更されて「イナゴ以外の虫は食べては駄目」が「イナゴとコオロギ以外は食べてはならない」に書き換えられたという言説は誤り。,0,-,-,-,-,-,-,-,-,-,-,-,-,0,-,-,-,-,-
66,https://www.factcheckcenter.jp/fact-check/health/false-claim-bible-locust-description-altered-in-2017/,2023/3/27,誤り,医療・健康,https://x.com/i/status/1625647525972811776,テキスト,日本聖書協会は2017年の聖書改訂で『いなご』とあった記述を訳語選択の変更により『ばった』に変更し、新日本聖書刊行会は「コオロギ」を「こおろぎ」、「バッタ」を「ばった」にかな表記を変更した。,https://www.bible.or.jp/know/know21.html,日本聖書協会は2017年の聖書改訂で『いなご』とあった記述を訳語選択の変更により『ばった』に変更し、新日本聖書刊行会は「コオロギ」を「こおろぎ」、「バッタ」を「ばった」にかな表記を変更した。,True,True,https://www.bible.or.jp/know/know21.html,True,2017年から聖書の記載内容が変更されて「イナゴ以外の虫は食べては駄目」が「イナゴとコオロギ以外は食べてはならない」に書き換えられていない言説は正しい。,0,-,-,-,-,-,-,-,-,-,-,-,-,0,-,-,-,-,-
67,https://www.factcheckcenter.jp/fact-check/international/false-claim-about-international-arrest-warrant-for-bill-gates/,2023/3/28,誤り,国際,https://x.com/i/status/1632187923318837248,"テキスト,画像1",2023年3月2日、フィリピンの裁判所が、ワクチン導入に関する計画的殺人の疑いでビル・ゲイツ氏に国際逮捕状を発行した。,https://www.interpol.int/How-we-work/Notices/Red-Notices/View-Red-Notices,2023年3月4日現在、ワクチン導入に関する計画的殺人の疑いでビル・ゲイツ氏に対して、フィリピンの裁判所による国際逮捕状は発行されていない。,NA,False,https://www.interpol.int/How-we-work/Notices/Red-Notices https://www.interpol.int/How-we-work/Notices/Red-Notices/View-Red-Notices,False,「フィリピンの裁判所がビル・ゲイツ氏に国際逮捕状を発行」は誤りであると判定した。,1,True,False,False,-,-,-,-,-,-,-,-,-,0,-,-,-,True,False
68,https://www.factcheckcenter.jp/fact-check/international/false-claim-about-international-arrest-warrant-for-bill-gates/,2023/3/28,誤り,国際,https://x.com/i/status/1632187923318837248,"テキスト,画像1",2023年3月4日現在、ワクチン導入に関する計画的殺人の疑いでビル・ゲイツ氏に対して、フィリピンの裁判所による国際逮捕状は発行されていない。,https://www.interpol.int/How-we-work/Notices/Red-Notices/View-Red-Notices,2023年3月4日現在、ワクチン導入に関する計画的殺人の疑いでビル・ゲイツ氏に対して、フィリピンの裁判所による国際逮捕状は発行されていない。,NA,True,https://www.interpol.int/How-we-work/Notices/Red-Notices https://www.interpol.int/How-we-work/Notices/Red-Notices/View-Red-Notices,True,「フィリピンの裁判所がビル・ゲイツ氏に国際逮捕状を発行していない」は正しいと判定した。,1,True,True,False,-,-,-,-,-,-,-,-,-,0,-,-,-,True,True
69,https://www.factcheckcenter.jp/fact-check/international/african-40-countries-representatives-moscow-image-false-separate-conference/,2023/4/3,誤り,国際,https://x.com/i/status/1637770141063876675,"テキスト,画像1",投稿された画像は、2023年3月20日モスクワで開催された第2回ロシア・アフリカ国際議会会議におけるアフリカ40カ国の代表の画像である。,https://summitafrica.ru/en/archive/2019/summit-outcomes/,投稿された画像は、2019年ソチで開催された「ロシア・アフリカサミット」の画像である。,True,False,https://summitafrica.ru/en/ https://summitafrica.ru/en/archive/2019/summit-outcomes/ http://duma.gov.ru/en/news/56536/ http://en.kremlin.ru/events/president/news/70745 https://tass.com/politics/1591241,False,写真は2019年に行われた別の会議のものであるため誤り。,1,False,True,False,-,-,-,-,-,-,-,-,-,0,-,-,-,True,True
70,https://www.factcheckcenter.jp/fact-check/international/african-40-countries-representatives-moscow-image-false-separate-conference/,2023/4/3,誤り,国際,https://x.com/i/status/1637770141063876675,"テキスト,画像1",投稿された画像は、2019年ソチで開催された「ロシア・アフリカサミット」の画像である。,https://summitafrica.ru/en/archive/2019/summit-outcomes/,投稿された画像は、2019年ソチで開催された「ロシア・アフリカサミット」の画像である。,True,True,https://summitafrica.ru/en/ https://summitafrica.ru/en/archive/2019/summit-outcomes/ http://duma.gov.ru/en/news/56536/ http://en.kremlin.ru/events/president/news/70745 https://tass.com/politics/1591241,True,写真は2019年に行われた別の会議のものであるため但し。,1,False,False,False,-,-,-,-,-,-,-,-,-,0,-,-,-,True,False
71,https://www.factcheckcenter.jp/fact-check/politics/osaka-prefectural-governor-election-early-certainty-not-fraudulent-zero-votes/,2023/4/10,誤り,政治,https://x.com/i/status/1645019808025706497,"テキスト,画像1",2023年4月9日(日)に投開票された大阪府知事選挙は、開票率・得票率0％の段階で「当選」と発表されているため、不正選挙である。,https://www.buzzfeed.com/jp/kotahatachi/vote-counting-news,2023年4月9日(日)に投開票された大阪府知事選挙が開票率・得票率0％の段階で「当選確実」を報じられたことを理由に不正選挙である、とは言えない。,True,False,https://www.nhk.or.jp/hokkaido/articles/slug-n4521560ca218 https://www.buzzfeed.com/jp/kotahatachi/vote-counting-news https://toyokeizai.net/articles/-/641470 https://www.yomiuri.co.jp/election/sangiin/20211030-OYT1T50200/,False,開票率・得票率0%で当選が報じられたことを根拠に大阪府知事選は不正選挙とする主張は誤り。,1,False,False,False,-,-,-,-,-,-,-,-,-,0,-,-,-,NA,False
72,https://www.factcheckcenter.jp/fact-check/politics/osaka-prefectural-governor-election-early-certainty-not-fraudulent-zero-votes/,2023/4/10,誤り,政治,https://x.com/i/status/1645019808025706497,"テキスト,画像1",2023年4月9日(日)に投開票された大阪府知事選挙が開票率・得票率0％の段階で「当選確実」を報じられたことを理由に不正選挙である、とは言えない。,https://www.buzzfeed.com/jp/kotahatachi/vote-counting-news,2023年4月9日(日)に投開票された大阪府知事選挙が開票率・得票率0％の段階で「当選確実」を報じられたことを理由に不正選挙である、とは言えない。,True,True,https://www.nhk.or.jp/hokkaido/articles/slug-n4521560ca218 https://www.buzzfeed.com/jp/kotahatachi/vote-counting-news https://toyokeizai.net/articles/-/641470 https://www.yomiuri.co.jp/election/sangiin/20211030-OYT1T50200/,True,開票率・得票率0%で当選が報じられたことを根拠に大阪府知事選は正当な選挙とする主張は正しい。,1,False,False,False,-,-,-,-,-,-,-,-,-,0,-,-,-,NA,False
73,https://www.factcheckcenter.jp/fact-check/health/coffee-powder-cream-flammable-toxic-substances-false/,2023/4/19,誤り,医療・健康,https://x.com/i/status/1611698504472354816,"テキスト,動画1",コーヒー用の粉末状クリームには、可燃性の有毒物質が含まれている。,https://anzeninfo.mhlw.go.jp/yougo/yougo77_1.html,コーヒー用の粉末状クリームは粉末なので粉塵爆発する可能性があるが、有毒な物質が含まれているとは言えない。,NA,False,https://anzeninfo.mhlw.go.jp/yougo/yougo77_1.html https://www.hse.gov.uk/food/dustexplosion.htm https://www.fdma.go.jp/mission/prevention/suisin/items/suisin008_funjin_kasai.mp4 https://www.nestleprofessional.us/coffee-mate/original-powder-creamer-12-x-11-oz https://www.mhlw.go.jp/stf/seisakunitsuite/bunya/kenkou_iryou/shokuhin/syokuten/index.html https://www.ffcr.or.jp/tenka/list/post-11.html,False,「コーヒー用の粉末状クリームには、可燃性の有毒物質が含まれている」という言説は、誤りと判定した。,0,-,-,-,-,-,-,-,-,-,-,-,-,1,False,True,False,-,-
74,https://www.factcheckcenter.jp/fact-check/health/coffee-powder-cream-flammable-toxic-substances-false/,2023/4/19,誤り,医療・健康,https://x.com/i/status/1611698504472354816,"テキスト,動画1",コーヒー用の粉末状クリームは粉末なので粉塵爆発する可能性があるが、有毒な物質が含まれているとは言えない。,https://anzeninfo.mhlw.go.jp/yougo/yougo77_1.html,コーヒー用の粉末状クリームは粉末なので粉塵爆発する可能性があるが、有毒な物質が含まれているとは言えない。,NA,True,https://anzeninfo.mhlw.go.jp/yougo/yougo77_1.html https://www.hse.gov.uk/food/dustexplosion.htm https://www.fdma.go.jp/mission/prevention/suisin/items/suisin008_funjin_kasai.mp4 https://www.nestleprofessional.us/coffee-mate/original-powder-creamer-12-x-11-oz https://www.mhlw.go.jp/stf/seisakunitsuite/bunya/kenkou_iryou/shokuhin/syokuten/index.html https://www.ffcr.or.jp/tenka/list/post-11.html,True,消防庁総務課は「動画を拝見したところ、小規模な粉塵爆発と言えます」と説明する。また、「火の元で小麦粉や片栗粉などを使用する場合、誤って火の元に粉をまき散らせば粉塵火災が発生する可能性があり、動画のような行為は危険ですので、避けていただきたく存じます」と回答した。,0,-,-,-,-,-,-,-,-,-,-,-,-,1,False,False,False,NA,False
75,https://www.factcheckcenter.jp/fact-check/politics/alfiya-candidate-6000-fraud-suspicion-false-verified-ballots-common-election-results/,2023/4/26,誤り,政治,https://x.com/i/status/1650287044516802560,"テキスト,画像1,画像2",2023年4月23日に投開票があった衆議院補選千葉5区で初当選した英利アルフィヤ候補の得票数について、NHKの報道を元に開票中に1人の候補者だけ「1分で6000票が増える」不審な動きがあった。,https://www.pref.chiba.lg.jp/senkan/syugiin/r5-syuho/tokaihyosokuhou.html,2023年4月23日に投開票があった衆議院補選千葉5区の開票に不正を疑わせる動きはなかった。,False,False,https://www.pref.chiba.lg.jp/senkan/syugiin/r5-syuho/tokaihyosokuhou.html,False,アルフィヤ候補の得票数に選挙不正を疑わせる動きがあったという情報は誤り。,2,True,False,False,True,False,False,-,-,-,-,-,-,0,-,-,-,NA,False
76,https://www.factcheckcenter.jp/fact-check/politics/alfiya-candidate-6000-fraud-suspicion-false-verified-ballots-common-election-results/,2023/4/26,誤り,政治,https://x.com/i/status/1650287044516802560,"テキスト,画像1,画像2",2023年4月23日に投開票があった衆議院補選千葉5区の開票に不正を疑わせる動きはなかった。,https://www.pref.chiba.lg.jp/senkan/syugiin/r5-syuho/tokaihyosokuhou.html,2023年4月23日に投開票があった衆議院補選千葉5区の開票に不正を疑わせる動きはなかった。,False,True,https://www.pref.chiba.lg.jp/senkan/syugiin/r5-syuho/tokaihyosokuhou.html,True,アルフィヤ候補の得票数に選挙不正を疑わせる動きが無かったという情報は正しい。,2,True,False,False,True,False,False,-,-,-,-,-,-,0,-,-,-,NA,False
77,https://www.factcheckcenter.jp/fact-check/health/bill-gates-vaccination-mistake-admitted-video-false/,2023/4/28,誤り,医療・健康,https://x.com/i/status/1639557155585130497,"テキスト,動画1","2022年5月4日にライブ配信された""Bill Gates with Fareed Zakaria: How to Prevent the Next Pandemic""において、ビル・ゲイツ氏が、新型コロナウイルスに対する予防接種が間違いであると認めた。",https://www.youtube.com/watch?v=cuNWRoHRzkU,"2022年5月4日にライブ配信された""Bill Gates with Fareed Zakaria: How to Prevent the Next Pandemic""において、ビル・ゲイツ氏が、新型コロナウイルスに対する予防接種が間違いであるとは発言していない。",True,False,https://www.youtube.com/watch?v=cuNWRoHRzkU,False,切り取られた動画の中にゲル・ゲイツ氏がワクチンを否定する発言はなく、さらに元動画を見ると肯定的な発言もしているため「ビル・ゲイツが予防接種は間違いと認めた」という情報は誤り。,0,-,-,-,-,-,-,-,-,-,-,-,-,1,True,True,False,True,True
78,https://www.factcheckcenter.jp/fact-check/health/bill-gates-vaccination-mistake-admitted-video-false/,2023/4/28,誤り,医療・健康,https://x.com/i/status/1639557155585130497,"テキスト,動画1","2022年5月4日にライブ配信された""Bill Gates with Fareed Zakaria: How to Prevent the Next Pandemic""において、ビル・ゲイツ氏が、新型コロナウイルスに対する予防接種が間違いであるとは発言していない。",https://www.youtube.com/watch?v=cuNWRoHRzkU,"2022年5月4日にライブ配信された""Bill Gates with Fareed Zakaria: How to Prevent the Next Pandemic""において、ビル・ゲイツ氏が、新型コロナウイルスに対する予防接種が間違いであるとは発言していない。",True,True,https://www.youtube.com/watch?v=cuNWRoHRzkU,True,切り取られた動画の中にゲル・ゲイツ氏がワクチンを否定する発言はなく、さらに元動画を見ると肯定的な発言もしているため「ビル・ゲイツが予防接種は間違いと認めていない」という情報は正しい。,0,-,-,-,-,-,-,-,-,-,-,-,-,1,True,False,False,True,False
79,https://www.factcheckcenter.jp/fact-check/health/false-claims-on-bbc-admitting-covid-vaccines-causing-excess-deaths/,2023/5/1,誤り,医療・健康,https://x.com/i/status/1647019370009497600,"テキスト,画像1",2023年4月イギリスの公共放送BBCが、新型コロナワクチン接種が超過死亡の原因であると認めた。,https://www.bbc.com/news/health-64209221,2023年4月イギリスの公共放送BBCは、新型コロナワクチン接種が超過死亡の原因であると認めた発言や事実はない。,True,False,https://science.feedback.org/outlet/the-expose/ https://www.bbc.com/news/health-64209221,False,ツイートが引用した記事に、BBCがコロナワクチンを超過死亡の原因として認めたという根拠はなく、BBCは逆に「因果関係は認められない」と報じている。「BBC、コロナワクチンが超過死亡を引き起したと認めた」は誤り。,1,False,False,False,-,-,-,-,-,-,-,-,-,0,-,-,-,True,False
80,https://www.factcheckcenter.jp/fact-check/health/false-claims-on-bbc-admitting-covid-vaccines-causing-excess-deaths/,2023/5/1,誤り,医療・健康,https://x.com/i/status/1647019370009497600,"テキスト,画像1",2023年4月イギリスの公共放送BBCは、新型コロナワクチン接種が超過死亡の原因であると認めた発言や事実はない。,https://www.bbc.com/news/health-64209221,2023年4月イギリスの公共放送BBCは、新型コロナワクチン接種が超過死亡の原因であると認めた発言や事実はない。,True,True,https://science.feedback.org/outlet/the-expose/ https://www.bbc.com/news/health-64209221,True,ツイートが引用した記事に、BBCがコロナワクチンを超過死亡の原因として認めたという根拠はなく、BBCは逆に「因果関係は認められない」と報じている。したがって、言説は正しい。,1,False,True,False,-,-,-,-,-,-,-,-,-,0,-,-,-,True,True
81,https://www.factcheckcenter.jp/fact-check/health/australia-memorial-forest-vaccine-deaths-misleading/,2023/5/8,不正確,医療・健康,https://x.com/i/status/1647595407546155008,"テキスト,動画1",オーストラリアに、新型コロナウイルスのワクチンで倒れた人々を追悼する「戦没者の森」がある。,https://www.dva.gov.au/recognition-and-commemoration/office-of-australian-war-graves/commemorate-our-war-dead/official-commemoration,オーストラリアの戦没者の森(Forest of the Fallen)は、新型コロナウイルスのワクチンで倒れた人々ではなく、戦死した人々を追悼する場所である。,False,False,https://theforestofthefallen.com/where/ https://www.tga.gov.au/news/covid-19-vaccine-safety-reports/covid-19-vaccine-safety-report-04-05-23 https://www.dva.gov.au/recognition/office-australian-war-graves/commemorate-our-war-dead/official-commemoration,False,拡散したツイート「オーストラリアの戦没者の森では戦没者ではなく、ワクチン接種で亡くなった人を追悼している」という言説に関して、そのような施設が恒久的な形で存在しているわけではなく、また、動画に映る「ワクチン犠牲者」の数多くのポスターは、政府が確認したワクチンによる死亡件数とも乖離しており、言説は不正確（ミスリーディング）と判定した。,0,-,-,-,-,-,-,-,-,-,-,-,-,1,True,False,False,NA,False
82,https://www.factcheckcenter.jp/fact-check/health/australia-memorial-forest-vaccine-deaths-misleading/,2023/5/8,不正確,医療・健康,https://x.com/i/status/1647595407546155008,"テキスト,動画1",オーストラリアの戦没者の森(Forest of the Fallen)は、新型コロナウイルスのワクチンで倒れた人々ではなく、戦死した人々を追悼する場所である。,https://www.dva.gov.au/recognition-and-commemoration/office-of-australian-war-graves/commemorate-our-war-dead/official-commemoration,オーストラリアの戦没者の森(Forest of the Fallen)は、新型コロナウイルスのワクチンで倒れた人々ではなく、戦死した人々を追悼する場所である。,False,True,https://theforestofthefallen.com/where/ https://www.tga.gov.au/news/covid-19-vaccine-safety-reports/covid-19-vaccine-safety-report-04-05-23 https://www.dva.gov.au/recognition/office-australian-war-graves/commemorate-our-war-dead/official-commemoration,True,そのような施設が恒久的な形で存在しているわけではなく、また、動画に映る「ワクチン犠牲者」の数多くのポスターは、政府が確認したワクチンによる死亡件数とも乖離しており、言説は正しいと判定した。,0,-,-,-,-,-,-,-,-,-,-,-,-,1,True,False,False,NA,False
83,https://www.factcheckcenter.jp/fact-check/health/fauci-mask-10-percent-effectiveness-misquoted-out-of-context/,2023/5/11,不正確,医療・健康,https://x.com/i/status/1651426050075942912,"テキスト,動画1",アメリカ政府の新型コロナウイルス対策を主導してきたアンソニー・ファウチ氏が、「マスクは10%のわずかな効果しかない」と発言した。,https://www.youtube.com/watch?v=4YW1Usys-38,マスクを適切に正しく密着させてつければ、85-90%かそれ以上の感染予防効果が期待される。,False,False,https://www.nytimes.com/interactive/2023/04/24/magazine/dr-fauci-pandemic.html https://www.youtube.com/watch?v=4YW1Usys-38,NEI,ニューヨーク・タイムズやCNNの取材に対してファウチ氏が「マスクの効果は10％ほど」と発言したのは正しい。しかし、ファウチ氏はマスクの効果を否定したわけではない。マスクの誤用により、公衆衛生レベルでの効果は限定的だと説明しているだけだ。マスクを正しく着用すれば85-90%以上の効果があると発言しており、「ファウチ氏が『マスクは10%の効果しかない』と発言」という言説は不正確（ミスリード）と判定した。,0,-,-,-,-,-,-,-,-,-,-,-,-,1,True,False,False,True,False
84,https://www.factcheckcenter.jp/fact-check/health/fauci-mask-10-percent-effectiveness-misquoted-out-of-context/,2023/5/11,不正確,医療・健康,https://x.com/i/status/1651426050075942912,"テキスト,動画1",マスクを適切に正しく密着させてつければ、85-90%かそれ以上の感染予防効果が期待される。,https://www.youtube.com/watch?v=4YW1Usys-38,マスクを適切に正しく密着させてつければ、85-90%かそれ以上の感染予防効果が期待される。,False,True,https://www.nytimes.com/interactive/2023/04/24/magazine/dr-fauci-pandemic.html https://www.youtube.com/watch?v=4YW1Usys-38,True,「マスクの着用が義務付けられていたとしても、多くの人がマスクをつけなかったり、適切な方法でつけていなかったりするので、効果は10〜13％となるだろう」と改めてマスクの効果が限定される事例について説明。そして、「マスクを適切に正しく密着させてつければ効果はずっと高まり、85-90%かそれ以上だろう」とも述べ、公衆衛生レベルと個人のレベルを区別して考える重要性を強調した。,0,-,-,-,-,-,-,-,-,-,-,-,-,1,True,False,False,True,False
85,https://www.factcheckcenter.jp/fact-check/health/false-claims-on-adding-liquefied-human-remains-to-tap-water-in-the-usa/,2023/5/25,誤り,医療・健康,https://x.com/i/status/1656797517508657152,"テキスト,動画1",アメリカでは人の死体を液状化したものを水道水に添加している。,https://www.youtube.com/watch?v=sFuYijpLBDs,アメリカでは人の死体を液状化したものを水道水への再利用に使用していない。,True,False,https://www.youtube.com/watch?v=sFuYijpLBDs,False,「アメリカでは人の死体を液状化したものを水道水に添加している」という言説は誤り。アルカリ加水分解による遺体処理法を解説する動画に、誤ったナレーションを付けたもの。,0,-,-,-,-,-,-,-,-,-,-,-,-,1,True,False,False,True,False
86,https://www.factcheckcenter.jp/fact-check/health/false-claims-on-adding-liquefied-human-remains-to-tap-water-in-the-usa/,2023/5/25,誤り,医療・健康,https://x.com/i/status/1656797517508657152,"テキスト,動画1",アメリカでは人の死体を液状化したものを水道水への再利用に使用していない。,https://www.youtube.com/watch?v=sFuYijpLBDs,アメリカでは人の死体を液状化したものを水道水への再利用に使用していない。,True,True,https://www.youtube.com/watch?v=sFuYijpLBDs,True,「3～4時間かけて体を溶かし、その液体は集積タンクに送られ、骨など残ったものはトレイに乗せられます（1:16-1:29ごろ）」と述べているだけで、水道への再利用については話していない。,0,-,-,-,-,-,-,-,-,-,-,-,-,1,True,True,False,True,True
87,https://www.factcheckcenter.jp/fact-check/health/msg-neurotoxin-false-safety-verified/,2023/6/12,誤り,医療・健康,https://x.com/i/status/1652172758946807808,"テキスト,画像1,画像2,画像3,画像4",「味の素」は神経毒である。,https://www.umamikyo.gr.jp/spice/,「味の素」は調味料として通常の量を使用する場合は健康への影響を心配する必要はない。,NA,False,https://www.umamikyo.gr.jp/spice/ https://www.ffcr.or.jp/tenka/list/post-11.html https://www.ajinomoto.co.jp/aji/qa/ https://www.hokeniryo.metro.tokyo.lg.jp/policy/annai https://www.fda.gov/food/food-additives-petitions/questions-and-answers-monosodium-glutamate-msg https://www.caa.go.jp/policies/policy/food_labeling/food_labeling_act/assets/food_labeling_cms201_220330_25.pdf,False,味の素などの「うま味調味料」は適切な量を使用する場合、健康上の問題はない。味の素を構成するグルタミン酸ナトリウムは肉や魚、野菜といった食品にも含まれている身近な物質で、中華料理店症候群についても現在の研究ではグルタミン酸ナトリウムとの因果関係は否定されている。FAO・WHO合同食品添加物会議でも安全だと認められているため、「味の素は神経毒」という言説は誤り。,4,False,False,False,False,False,False,False,True,False,False,True,False,0,-,-,-,-,-
88,https://www.factcheckcenter.jp/fact-check/health/msg-neurotoxin-false-safety-verified/,2023/6/12,誤り,医療・健康,https://x.com/i/status/1652172758946807808,"テキスト,画像1,画像2,画像3,画像4",「味の素」は調味料として通常の量を使用する場合は健康への影響を心配する必要はない。,https://www.umamikyo.gr.jp/spice/,「味の素」は調味料として通常の量を使用する場合は健康への影響を心配する必要はない。,NA,True,https://www.umamikyo.gr.jp/spice/ https://www.ffcr.or.jp/tenka/list/post-11.html https://www.ajinomoto.co.jp/aji/qa/ https://www.hokeniryo.metro.tokyo.lg.jp/policy/annai https://www.fda.gov/food/food-additives-petitions/questions-and-answers-monosodium-glutamate-msg https://www.caa.go.jp/policies/policy/food_labeling/food_labeling_act/assets/food_labeling_cms201_220330_25.pdf,True,味の素などの「うま味調味料」は適切な量を使用する場合、健康上の問題はない。味の素を構成するグルタミン酸ナトリウムは肉や魚、野菜といった食品にも含まれている身近な物質で、中華料理店症候群についても現在の研究ではグルタミン酸ナトリウムとの因果関係は否定されている。FAO・WHO合同食品添加物会議でも安全だと認められているため、「味の素には有害物質が含まれておらず、人体に悪影響はおよばない」という言説は正しい。,4,False,False,False,False,False,False,False,True,False,False,True,False,0,-,-,-,-,-
89,https://www.factcheckcenter.jp/fact-check/health/msg-neurotoxin-false-safety-verified/,2023/6/12,誤り,医療・健康,https://x.com/i/status/1652450707440812033,"テキスト,画像1,画像2,画像3,画像4",「味の素」は神経毒である。,https://www.umamikyo.gr.jp/spice/,「味の素」は調味料として通常の量を使用する場合は健康への影響を心配する必要はない。,NA,False,https://www.umamikyo.gr.jp/spice/ https://www.ffcr.or.jp/tenka/list/post-11.html https://www.ajinomoto.co.jp/aji/qa/ https://www.hokeniryo.metro.tokyo.lg.jp/policy/annai https://www.fda.gov/food/food-additives-petitions/questions-and-answers-monosodium-glutamate-msg https://www.caa.go.jp/policies/policy/food_labeling/food_labeling_act/assets/food_labeling_cms201_220330_25.pdf,False,味の素などの「うま味調味料」は適切な量を使用する場合、健康上の問題はない。味の素を構成するグルタミン酸ナトリウムは肉や魚、野菜といった食品にも含まれている身近な物質で、中華料理店症候群についても現在の研究ではグルタミン酸ナトリウムとの因果関係は否定されている。FAO・WHO合同食品添加物会議でも安全だと認められているため、「味の素は神経毒」という言説は誤り。,4,False,False,False,False,False,False,False,True,False,False,True,False,0,-,-,-,-,-
90,https://www.factcheckcenter.jp/fact-check/health/msg-neurotoxin-false-safety-verified/,2023/6/12,誤り,医療・健康,https://x.com/i/status/1652450707440812033,"テキスト,画像1,画像2,画像3,画像4",「味の素」は調味料として通常の量を使用する場合は健康への影響を心配する必要はない。,https://www.umamikyo.gr.jp/spice/,「味の素」は調味料として通常の量を使用する場合は健康への影響を心配する必要はない。,NA,True,https://www.umamikyo.gr.jp/spice/ https://www.ffcr.or.jp/tenka/list/post-11.html https://www.ajinomoto.co.jp/aji/qa/ https://www.hokeniryo.metro.tokyo.lg.jp/policy/annai https://www.fda.gov/food/food-additives-petitions/questions-and-answers-monosodium-glutamate-msg https://www.caa.go.jp/policies/policy/food_labeling/food_labeling_act/assets/food_labeling_cms201_220330_25.pdf,True,味の素などの「うま味調味料」は適切な量を使用する場合、健康上の問題はない。味の素を構成するグルタミン酸ナトリウムは肉や魚、野菜といった食品にも含まれている身近な物質で、中華料理店症候群についても現在の研究ではグルタミン酸ナトリウムとの因果関係は否定されている。FAO・WHO合同食品添加物会議でも安全だと認められているため、「味の素には有害物質が含まれておらず、人体に悪影響はおよばない」という言説は正しい。,4,False,False,False,False,False,False,False,True,False,False,True,False,0,-,-,-,-,-
91,https://www.factcheckcenter.jp/fact-check/international/zelensky-not-in-ukraine-not-ukrainian-misinformation/,2023/6/14,誤り,国際,https://x.com/i/status/1660242472373743619,画像1,ウクライナのゼレンスキー大統領はウクライナ人ではなくユダヤ人である。,https://www.huffingtonpost.jp/entry/who-is-zelenskiy_jp_621da790e4b06e1cc59413f9,ウクライナのゼレンスキー大統領はユダヤ系ウクライナ人である。,True,False,https://www.bbc.com/news/world-europe-59667938 https://www3.nhk.or.jp/news/special/tag/g7/2023/leader/13.html https://rm.coe.int/constitution-of-ukraine/168071f58b https://www.refworld.org/pdfid/44a280fa4.pdf https://www.president.gov.ua/en/president/biografiya https://www.lemonde.fr/en/international/article/2023/02/19/volodymyr-zelensky-s-soviet-childhood_6016468_4.html https://www.timesofisrael.com/zelenskys-parents-local-rabbi-they-dont-understand-why-he-wanted-to-be-president/ https://www.washingtonpost.com/history/2022/02/25/zelensky-family-jewish-holocaust/ https://www.huffingtonpost.jp/entry/who-is-zelenskiy_jp_621da790e4b06e1cc59413f9 https://www.dw.com/en/fact-check-zelenskyys-daughter-did-not-flee-to-poland/a-61645317 https://www.mofa.go.jp/mofaj/erp/c_see/page1_001548.html https://www.kantei.go.jp/jp/101_kishida/actions/202303/21ukraine.html https://news.yahoo.co.jp/articles/c362c7c46d5c3d443ff268dc5ac4612483d01e44 https://www.jetro.go.jp/biznews/2023/04/242f15b42b3fa397.html https://www.youtube.com/watch?v=CJBM_3AE-hk https://www.dw.com/en/ukraine-updates-poland-pledges-gear-as-zelenskyy-visits/a-65232075 https://www.bbc.com/japanese/features-and-analysis-60733307 https://jp.reuters.com/article/ukraine-crisis-un-idJPKCN2L829L https://ua.usembassy.gov/embassy/kyiv/sections-offices/defense-threat-reduction-office/biological-threat-reduction-program/ https://www.youtube.com/watch?v=GAhbNgBD4Vg&ab_channel=doddtra https://www.state.gov/wp-content/uploads/2019/02/05-829-Ukraine-Weapons.pdf https://www.nhk.or.jp/kaisetsu-blog/900/462282.html https://treaties.un.org/doc/Publication/UNTS/Volume%202866/Part/volume-2866-I-50069.pdf https://www.mofa.go.jp/mofaj/gaiko/treaty/pdfs/B-S51-0403.pdf https://www.iaea.org/about/governance/list-of-member-states https://www.iaea.org/newscenter/pressreleases/safeguards-inspectors-to-visit-two-nuclear-locations-in-ukraine-iaeas-grossi-says-after-receiving-request-from-ukraine https://www.iaea.org/newscenter/pressreleases/iaea-inspectors-complete-in-field-verification-activities-at-three-ukraine-locations-no-indications-of-undeclared-nuclear-activities-and-materials https://www.yomiuri.co.jp/world/20220307-OYT1T50189/ https://www.myfloridacounty.com/ori/index.do?x=54&y=32 https://www.forbes.com/sites/mattdurot/2022/04/20/president-zelensky-is-not-a-billionaire-so-how-much-is-he-worth/?sh=5c8d57f05bb0 https://www.ukrinform.net/rubric-polytics/3218940-zelensky-submits-asset-declaration-for-2020.html?ref=factcheckcenter.jp#google_vignette https://en.interfax.com.ua/i/general/734407.html https://www.kyivpost.com/post/6156 https://www.forbes.com/billionaires/,False,検証可能な事項について記録や過去の報道などを確認すると、誤りや根拠不明などと判定できるものが多い。よって、総合的にこの画像を誤りと判定した。,1,False,False,False,-,-,-,-,-,-,-,-,-,0,-,-,-,True,False
92,https://www.factcheckcenter.jp/fact-check/international/zelensky-not-in-ukraine-not-ukrainian-misinformation/,2023/6/14,誤り,国際,https://x.com/i/status/1660242472373743619,画像1,ロシアのウクライナ侵攻中、ウクライナのゼレンスキー大統領はウクライナにいない。,https://www.mofa.go.jp/mofaj/erp/c_see/page1_001548.html,ロシアのウクライナ侵攻中、ウクライナのゼレンスキー大統領は継続的にウクライナにいないわけではない。,True,False,https://www.dw.com/en/fact-check-zelenskyys-daughter-did-not-flee-to-poland/a-61645317 https://www.mofa.go.jp/mofaj/erp/c_see/page1_001548.html https://www.kantei.go.jp/jp/101_kishida/actions/202303/21ukraine.html https://news.yahoo.co.jp/articles/c362c7c46d5c3d443ff268dc5ac4612483d01e44 https://www.jetro.go.jp/biznews/2023/04/242f15b42b3fa397.html,False,検証可能な事項について記録や過去の報道などを確認すると、誤りや根拠不明などと判定できるものが多い。よって、総合的にこの画像を誤りと判定した。,1,False,False,False,-,-,-,-,-,-,-,-,-,0,-,-,-,True,False
93,https://www.factcheckcenter.jp/fact-check/international/zelensky-not-in-ukraine-not-ukrainian-misinformation/,2023/6/14,根拠不明,国際,https://x.com/i/status/1660242472373743619,画像1,2023年5月ウクライナのゼレンスキー大統領は生物兵器の開発を行っている。,https://www.bbc.com/japanese/features-and-analysis-60733307,2023年3月ウクライナのゼレンスキー大統領は生物兵器の開発を行っていない。,True,False,https://www.bbc.com/japanese/features-and-analysis-60733307 https://ua.usembassy.gov/embassy/kyiv/sections-offices/defense-threat-reduction-office/biological-threat-reduction-program/ https://www.youtube.com/watch?v=GAhbNgBD4Vg https://www.state.gov/wp-content/uploads/2019/02/05-829-Ukraine-Weapons.pdf,NEI,検証可能な事項について記録や過去の報道などを確認すると、誤りや根拠不明などと判定できるものが多い。よって、総合的にこの画像を誤りと判定した。 「ウクライナがアメリカの支援を受けて生物兵器を開発している」というロシアの主張について、BBCがファクトチェックをし、「証拠なし」と判定している。,1,False,False,False,-,-,-,-,-,-,-,-,-,0,-,-,-,True,False
94,https://www.factcheckcenter.jp/fact-check/international/zelensky-not-in-ukraine-not-ukrainian-misinformation/,2023/6/14,根拠不明,国際,https://x.com/i/status/1660242472373743619,画像1,2023年5月ウクライナのゼレンスキー大統領は核兵器開発を行っている。,https://treaties.un.org/doc/Publication/UNTS/Volume%202866/Part/volume-2866-I-50069.pdf,2023年5月ウクライナのゼレンスキー大統領は核兵器開発を行っていない。,True,False,https://treaties.un.org/doc/Publication/UNTS/Volume%202866/Part/volume-2866-I-50069.pdf https://www.mofa.go.jp/mofaj/gaiko/treaty/pdfs/B-S51-0403.pdf https://www.iaea.org/about/governance/list-of-member-states https://www.iaea.org/newscenter/pressreleases/safeguards-inspectors-to-visit-two-nuclear-locations-in-ukraine-iaeas-grossi-says-after-receiving-request-from-ukraine https://www.iaea.org/newscenter/pressreleases/iaea-inspectors-complete-in-field-verification-activities-at-three-ukraine-locations-no-indications-of-undeclared-nuclear-activities-and-materials https://www.yomiuri.co.jp/world/20220307-OYT1T50189/#google_vignette,NEI,検証可能な事項について記録や過去の報道などを確認すると、誤りや根拠不明などと判定できるものが多い。よって、総合的にこの画像を誤りと判定した。 ロシア政府によるウクライナ国内にある2つの原子力施設で「汚い爆弾」が製造されているとの声明をを受けての要請だった。IAEAは2023年11月3日、ウクライナ国内の原子力施設3か所の査察を実施し、未申告の原子力活動および核物質の兆候は見つからなかったとする声明を発表した。読売新聞はウクライナが核・生物兵器を開発しているという主張について「真偽不明」と伝えている。,1,False,False,False,-,-,-,-,-,-,-,-,-,0,-,-,-,True,False
95,https://www.factcheckcenter.jp/fact-check/international/zelensky-not-in-ukraine-not-ukrainian-misinformation/,2023/6/14,根拠不明,国際,https://x.com/i/status/1660242472373743619,画像1,2023年5月ウクライナのゼレンスキー大統領はフロリダに3.5億円の豪邸を所有している。,https://www.bbc.com/news/world-europe-59667938,2023年5月ウクライナのゼレンスキー大統領はフロリダに3.5億円の豪邸を所有していない。,False,False,https://www.bbc.com/news/world-europe-59667938 https://www3.nhk.or.jp/news/special/tag/g7/2023/leader/13.html https://rm.coe.int/constitution-of-ukraine/168071f58b https://www.refworld.org/pdfid/44a280fa4.pdf https://www.president.gov.ua/en/president/biografiya https://www.lemonde.fr/en/international/article/2023/02/19/volodymyr-zelensky-s-soviet-childhood_6016468_4.html https://www.timesofisrael.com/zelenskys-parents-local-rabbi-they-dont-understand-why-he-wanted-to-be-president/ https://www.washingtonpost.com/history/2022/02/25/zelensky-family-jewish-holocaust/ https://www.huffingtonpost.jp/entry/who-is-zelenskiy_jp_621da790e4b06e1cc59413f9 https://www.dw.com/en/fact-check-zelenskyys-daughter-did-not-flee-to-poland/a-61645317 https://www.mofa.go.jp/mofaj/erp/c_see/page1_001548.html https://www.kantei.go.jp/jp/101_kishida/actions/202303/21ukraine.html https://news.yahoo.co.jp/articles/c362c7c46d5c3d443ff268dc5ac4612483d01e44 https://www.jetro.go.jp/biznews/2023/04/242f15b42b3fa397.html https://www.youtube.com/watch?v=CJBM_3AE-hk https://www.dw.com/en/ukraine-updates-poland-pledges-gear-as-zelenskyy-visits/a-65232075 https://www.bbc.com/japanese/features-and-analysis-60733307 https://jp.reuters.com/article/ukraine-crisis-un-idJPKCN2L829L https://ua.usembassy.gov/embassy/kyiv/sections-offices/defense-threat-reduction-office/biological-threat-reduction-program/ https://www.youtube.com/watch?v=GAhbNgBD4Vg&ab_channel=doddtra https://www.state.gov/wp-content/uploads/2019/02/05-829-Ukraine-Weapons.pdf https://www.nhk.or.jp/kaisetsu-blog/900/462282.html https://treaties.un.org/doc/Publication/UNTS/Volume%202866/Part/volume-2866-I-50069.pdf https://www.mofa.go.jp/mofaj/gaiko/treaty/pdfs/B-S51-0403.pdf https://www.iaea.org/about/governance/list-of-member-states https://www.iaea.org/newscenter/pressreleases/safeguards-inspectors-to-visit-two-nuclear-locations-in-ukraine-iaeas-grossi-says-after-receiving-request-from-ukraine https://www.iaea.org/newscenter/pressreleases/iaea-inspectors-complete-in-field-verification-activities-at-three-ukraine-locations-no-indications-of-undeclared-nuclear-activities-and-materials https://www.yomiuri.co.jp/world/20220307-OYT1T50189/ https://www.myfloridacounty.com/ori/index.do?x=54&y=32 https://www.forbes.com/sites/mattdurot/2022/04/20/president-zelensky-is-not-a-billionaire-so-how-much-is-he-worth/?sh=5c8d57f05bb0 https://www.ukrinform.net/rubric-polytics/3218940-zelensky-submits-asset-declaration-for-2020.html?ref=factcheckcenter.jp#google_vignette https://en.interfax.com.ua/i/general/734407.html https://www.kyivpost.com/post/6156 https://www.forbes.com/billionaires/,NEI,検証可能な事項について記録や過去の報道などを確認すると、誤りや根拠不明などと判定できるものが多い。よって、総合的にこの画像を誤りと判定した。 Forbesの推計（2022年時点）によると、ゼレンスキー大統領が所有する不動産は400万ドル相当。ただ、それらはいずれもキーウ市内やロシアが占領するクリミアにあるという。また、ゼレンスキー大統領は過去にイタリアやジョージアの不動産を所有したことがわかっているが、アメリカ国内の不動産を購入したことがあった事実は見つからなかった。,1,False,False,False,-,-,-,-,-,-,-,-,-,0,-,-,-,True,False
96,https://www.factcheckcenter.jp/fact-check/international/zelensky-not-in-ukraine-not-ukrainian-misinformation/,2023/6/14,根拠不明,国際,https://x.com/i/status/1660242472373743619,画像1,2023年5月ウクライナのゼレンスキー大統領は1000億円を超える資産を有している。,https://www.forbes.com/sites/mattdurot/2022/04/20/president-zelensky-is-not-a-billionaire-so-how-much-is-he-worth/?sh=5c8d57f05bb0,2023年5月ウクライナのゼレンスキー大統領は1000億円を超える資産を有していない。,False,False,https://www.forbes.com/billionaires/ https://www.forbes.com/sites/mattdurot/2022/04/20/president-zelensky-is-not-a-billionaire-so-how-much-is-he-worth/?sh=5c8d57f05bb0,NEI,検証可能な事項について記録や過去の報道などを確認すると、誤りや根拠不明などと判定できるものが多い。よって、総合的にこの画像を誤りと判定した。 その総資産額は1000億円を上回らない。が、 隠し資産などをJFCで確認することはできないが、少なくとも根拠不明だ。,1,False,False,False,-,-,-,-,-,-,-,-,-,0,-,-,-,True,False
97,https://www.factcheckcenter.jp/fact-check/international/zelensky-not-in-ukraine-not-ukrainian-misinformation/,2023/6/14,誤り,国際,https://x.com/i/status/1660242472373743619,画像1,ウクライナのゼレンスキー大統領はウクライナ人である。,https://www.president.gov.ua/en/president/biografiya,ウクライナのゼレンスキー大統領はウクライナ人である。,True,True,https://www.bbc.com/news/world-europe-59667938 https://www3.nhk.or.jp/news/special/tag/g7/2023/leader/13.html https://www.president.gov.ua/en/president/biografiya https://www.washingtonpost.com/history/2022/02/25/zelensky-family-jewish-holocaust/,True,ウクライナ大統領府のホームページによると、ゼレンスキー大統領は1978年1月25日生まれ。その生い立ちは、仏ル・モンドの記事が詳しく報じている。記事からは、両親とともにモンゴルで5年間暮らしたことを除いて、ゼレンスキー大統領がウクライナで育ってきたことがわかる。よって、総合的にこの画像は正しいと判定した。,1,False,True,False,-,-,-,-,-,-,-,-,-,0,-,-,-,True,True
98,https://www.factcheckcenter.jp/fact-check/international/zelensky-not-in-ukraine-not-ukrainian-misinformation/,2023/6/14,誤り,国際,https://x.com/i/status/1660242472373743619,画像1,ロシアのウクライナ侵攻中、ウクライナのゼレンスキー大統領は継続的にウクライナにいないわけではない。,https://www.mofa.go.jp/mofaj/erp/c_see/page1_001548.html,ロシアのウクライナ侵攻中、ウクライナのゼレンスキー大統領は継続的にウクライナにいないわけではない。,True,True,https://www.bbc.com/news/world-europe-59667938 https://www3.nhk.or.jp/news/special/tag/g7/2023/leader/13.html https://rm.coe.int/constitution-of-ukraine/168071f58b https://www.refworld.org/pdfid/44a280fa4.pdf https://www.president.gov.ua/en/president/biografiya https://www.lemonde.fr/en/international/article/2023/02/19/volodymyr-zelensky-s-soviet-childhood_6016468_4.html https://www.timesofisrael.com/zelenskys-parents-local-rabbi-they-dont-understand-why-he-wanted-to-be-president/ https://www.washingtonpost.com/history/2022/02/25/zelensky-family-jewish-holocaust/ https://www.huffingtonpost.jp/entry/who-is-zelenskiy_jp_621da790e4b06e1cc59413f9 https://www.dw.com/en/fact-check-zelenskyys-daughter-did-not-flee-to-poland/a-61645317 https://www.mofa.go.jp/mofaj/erp/c_see/page1_001548.html https://www.kantei.go.jp/jp/101_kishida/actions/202303/21ukraine.html https://news.yahoo.co.jp/articles/c362c7c46d5c3d443ff268dc5ac4612483d01e44 https://www.jetro.go.jp/biznews/2023/04/242f15b42b3fa397.html https://www.youtube.com/watch?v=CJBM_3AE-hk https://www.dw.com/en/ukraine-updates-poland-pledges-gear-as-zelenskyy-visits/a-65232075 https://www.bbc.com/japanese/features-and-analysis-60733307 https://jp.reuters.com/article/ukraine-crisis-un-idJPKCN2L829L https://ua.usembassy.gov/embassy/kyiv/sections-offices/defense-threat-reduction-office/biological-threat-reduction-program/ https://www.youtube.com/watch?v=GAhbNgBD4Vg&ab_channel=doddtra https://www.state.gov/wp-content/uploads/2019/02/05-829-Ukraine-Weapons.pdf https://www.nhk.or.jp/kaisetsu-blog/900/462282.html https://treaties.un.org/doc/Publication/UNTS/Volume%202866/Part/volume-2866-I-50069.pdf https://www.mofa.go.jp/mofaj/gaiko/treaty/pdfs/B-S51-0403.pdf https://www.iaea.org/about/governance/list-of-member-states https://www.iaea.org/newscenter/pressreleases/safeguards-inspectors-to-visit-two-nuclear-locations-in-ukraine-iaeas-grossi-says-after-receiving-request-from-ukraine https://www.iaea.org/newscenter/pressreleases/iaea-inspectors-complete-in-field-verification-activities-at-three-ukraine-locations-no-indications-of-undeclared-nuclear-activities-and-materials https://www.yomiuri.co.jp/world/20220307-OYT1T50189/ https://www.myfloridacounty.com/ori/index.do?x=54&y=32 https://www.forbes.com/sites/mattdurot/2022/04/20/president-zelensky-is-not-a-billionaire-so-how-much-is-he-worth/?sh=5c8d57f05bb0 https://www.ukrinform.net/rubric-polytics/3218940-zelensky-submits-asset-declaration-for-2020.html?ref=factcheckcenter.jp#google_vignette https://en.interfax.com.ua/i/general/734407.html https://www.kyivpost.com/post/6156 https://www.forbes.com/billionaires/,True,ドイツのドイチェ・ヴェレの記事は、ゼレンスキー大統領が、検証可能な形で何度もキーウやその近辺にいることを指摘する。日本の外務省ホームページによると、岸田文雄首相が2023年3月21日にウクライナを訪問し、ゼレンスキー大統領と首脳会談を行った。両首脳のキーウなどでの様子は、首相官邸のホームページから確認できる。最近でも、ゼレンスキー大統領はG7広島サミットへの出席後に帰国し、激戦地東部ドネツク州の前線を訪問したよって、総合的にこの画像を正しいと判定した。,1,False,True,False,-,-,-,-,-,-,-,-,-,0,-,-,-,True,True
99,https://www.factcheckcenter.jp/fact-check/international/zelensky-not-in-ukraine-not-ukrainian-misinformation/,2023/6/14,根拠不明,国際,https://x.com/i/status/1660242472373743619,画像1,2023年3月ウクライナのゼレンスキー大統領は生物兵器の開発を行っていない。,https://www.bbc.com/japanese/features-and-analysis-60733307,2023年3月ウクライナのゼレンスキー大統領は生物兵器の開発を行っていない。,True,True,https://www.bbc.com/news/world-europe-59667938 https://www3.nhk.or.jp/news/special/tag/g7/2023/leader/13.html https://rm.coe.int/constitution-of-ukraine/168071f58b https://www.refworld.org/pdfid/44a280fa4.pdf https://www.president.gov.ua/en/president/biografiya https://www.lemonde.fr/en/international/article/2023/02/19/volodymyr-zelensky-s-soviet-childhood_6016468_4.html https://www.timesofisrael.com/zelenskys-parents-local-rabbi-they-dont-understand-why-he-wanted-to-be-president/ https://www.washingtonpost.com/history/2022/02/25/zelensky-family-jewish-holocaust/ https://www.huffingtonpost.jp/entry/who-is-zelenskiy_jp_621da790e4b06e1cc59413f9 https://www.dw.com/en/fact-check-zelenskyys-daughter-did-not-flee-to-poland/a-61645317 https://www.mofa.go.jp/mofaj/erp/c_see/page1_001548.html https://www.kantei.go.jp/jp/101_kishida/actions/202303/21ukraine.html https://news.yahoo.co.jp/articles/c362c7c46d5c3d443ff268dc5ac4612483d01e44 https://www.jetro.go.jp/biznews/2023/04/242f15b42b3fa397.html https://www.youtube.com/watch?v=CJBM_3AE-hk https://www.dw.com/en/ukraine-updates-poland-pledges-gear-as-zelenskyy-visits/a-65232075 https://www.bbc.com/japanese/features-and-analysis-60733307 https://jp.reuters.com/article/ukraine-crisis-un-idJPKCN2L829L https://ua.usembassy.gov/embassy/kyiv/sections-offices/defense-threat-reduction-office/biological-threat-reduction-program/ https://www.youtube.com/watch?v=GAhbNgBD4Vg&ab_channel=doddtra https://www.state.gov/wp-content/uploads/2019/02/05-829-Ukraine-Weapons.pdf https://www.nhk.or.jp/kaisetsu-blog/900/462282.html https://treaties.un.org/doc/Publication/UNTS/Volume%202866/Part/volume-2866-I-50069.pdf https://www.mofa.go.jp/mofaj/gaiko/treaty/pdfs/B-S51-0403.pdf https://www.iaea.org/about/governance/list-of-member-states https://www.iaea.org/newscenter/pressreleases/safeguards-inspectors-to-visit-two-nuclear-locations-in-ukraine-iaeas-grossi-says-after-receiving-request-from-ukraine https://www.iaea.org/newscenter/pressreleases/iaea-inspectors-complete-in-field-verification-activities-at-three-ukraine-locations-no-indications-of-undeclared-nuclear-activities-and-materials https://www.yomiuri.co.jp/world/20220307-OYT1T50189/ https://www.myfloridacounty.com/ori/index.do?x=54&y=32 https://www.forbes.com/sites/mattdurot/2022/04/20/president-zelensky-is-not-a-billionaire-so-how-much-is-he-worth/?sh=5c8d57f05bb0 https://www.ukrinform.net/rubric-polytics/3218940-zelensky-submits-asset-declaration-for-2020.html?ref=factcheckcenter.jp#google_vignette https://en.interfax.com.ua/i/general/734407.html https://www.kyivpost.com/post/6156 https://www.forbes.com/billionaires/,True,ロシアは、アメリカとウクライナが、ウクライナ国内30の研究所で「危険な感染症の病原体」を扱っていると非難した。,1,False,True,False,-,-,-,-,-,-,-,-,-,0,-,-,-,True,True
100,https://www.factcheckcenter.jp/fact-check/international/zelensky-not-in-ukraine-not-ukrainian-misinformation/,2023/6/14,根拠不明,国際,https://x.com/i/status/1660242472373743619,画像1,2023年5月ウクライナのゼレンスキー大統領は核兵器開発を行っていない。,https://treaties.un.org/doc/Publication/UNTS/Volume%202866/Part/volume-2866-I-50069.pdf,2023年5月ウクライナのゼレンスキー大統領は核兵器開発を行っていない。,True,True,https://www.bbc.com/news/world-europe-59667938 https://www3.nhk.or.jp/news/special/tag/g7/2023/leader/13.html https://rm.coe.int/constitution-of-ukraine/168071f58b https://www.refworld.org/pdfid/44a280fa4.pdf https://www.president.gov.ua/en/president/biografiya https://www.lemonde.fr/en/international/article/2023/02/19/volodymyr-zelensky-s-soviet-childhood_6016468_4.html https://www.timesofisrael.com/zelenskys-parents-local-rabbi-they-dont-understand-why-he-wanted-to-be-president/ https://www.washingtonpost.com/history/2022/02/25/zelensky-family-jewish-holocaust/ https://www.huffingtonpost.jp/entry/who-is-zelenskiy_jp_621da790e4b06e1cc59413f9 https://www.dw.com/en/fact-check-zelenskyys-daughter-did-not-flee-to-poland/a-61645317 https://www.mofa.go.jp/mofaj/erp/c_see/page1_001548.html https://www.kantei.go.jp/jp/101_kishida/actions/202303/21ukraine.html https://news.yahoo.co.jp/articles/c362c7c46d5c3d443ff268dc5ac4612483d01e44 https://www.jetro.go.jp/biznews/2023/04/242f15b42b3fa397.html https://www.youtube.com/watch?v=CJBM_3AE-hk https://www.dw.com/en/ukraine-updates-poland-pledges-gear-as-zelenskyy-visits/a-65232075 https://www.bbc.com/japanese/features-and-analysis-60733307 https://jp.reuters.com/article/ukraine-crisis-un-idJPKCN2L829L https://ua.usembassy.gov/embassy/kyiv/sections-offices/defense-threat-reduction-office/biological-threat-reduction-program/ https://www.youtube.com/watch?v=GAhbNgBD4Vg&ab_channel=doddtra https://www.state.gov/wp-content/uploads/2019/02/05-829-Ukraine-Weapons.pdf https://www.nhk.or.jp/kaisetsu-blog/900/462282.html https://treaties.un.org/doc/Publication/UNTS/Volume%202866/Part/volume-2866-I-50069.pdf https://www.mofa.go.jp/mofaj/gaiko/treaty/pdfs/B-S51-0403.pdf https://www.iaea.org/about/governance/list-of-member-states https://www.iaea.org/newscenter/pressreleases/safeguards-inspectors-to-visit-two-nuclear-locations-in-ukraine-iaeas-grossi-says-after-receiving-request-from-ukraine https://www.iaea.org/newscenter/pressreleases/iaea-inspectors-complete-in-field-verification-activities-at-three-ukraine-locations-no-indications-of-undeclared-nuclear-activities-and-materials https://www.yomiuri.co.jp/world/20220307-OYT1T50189/ https://www.myfloridacounty.com/ori/index.do?x=54&y=32 https://www.forbes.com/sites/mattdurot/2022/04/20/president-zelensky-is-not-a-billionaire-so-how-much-is-he-worth/?sh=5c8d57f05bb0 https://www.ukrinform.net/rubric-polytics/3218940-zelensky-submits-asset-declaration-for-2020.html?ref=factcheckcenter.jp#google_vignette https://en.interfax.com.ua/i/general/734407.html https://www.kyivpost.com/post/6156 https://www.forbes.com/billionaires/,True,ロシア政府によるウクライナ国内にある2つの原子力施設で「汚い爆弾」が製造されているとの声明をを受けての要請だった。IAEAは2023年11月3日、ウクライナ国内の原子力施設3か所の査察を実施し、未申告の原子力活動および核物質の兆候は見つからなかったとする声明を発表した。したがって、言説は正しいと判定する。,1,False,True,False,-,-,-,-,-,-,-,-,-,0,-,-,-,True,True
101,https://www.factcheckcenter.jp/fact-check/international/zelensky-not-in-ukraine-not-ukrainian-misinformation/,2023/6/14,根拠不明,国際,https://x.com/i/status/1660242472373743619,画像1,2023年5月ウクライナのゼレンスキー大統領はフロリダに3.5億円の豪邸を所有していない。,https://www.bbc.com/news/world-europe-59667938,2023年5月ウクライナのゼレンスキー大統領はフロリダに3.5億円の豪邸を所有していない。,False,True,https://www.bbc.com/news/world-europe-59667938 https://www3.nhk.or.jp/news/special/tag/g7/2023/leader/13.html https://www.president.gov.ua/en/president/biografiya https://www.washingtonpost.com/history/2022/02/25/zelensky-family-jewish-holocaust/,True,フロリダ州内の資産記録を、ゼレンスキーの英語表記である「Volodymyr Zelensky」の名義で登録されているかを検索したが、同名義の記録は見つからなかった。また、同氏の妻であるオレーナ・ゼレンスカ（Olena Zelenska）の名義で検索したが、同様の結果だった。 したがって、言説は正しいと判定した。,1,False,True,False,-,-,-,-,-,-,-,-,-,0,-,-,-,True,True
102,https://www.factcheckcenter.jp/fact-check/international/zelensky-not-in-ukraine-not-ukrainian-misinformation/,2023/6/14,根拠不明,国際,https://x.com/i/status/1660242472373743619,画像1,2023年5月ウクライナのゼレンスキー大統領は1000億円を超える資産を有していない。,https://www.forbes.com/sites/mattdurot/2022/04/20/president-zelensky-is-not-a-billionaire-so-how-much-is-he-worth/?sh=5c8d57f05bb0,2023年5月ウクライナのゼレンスキー大統領は1000億円を超える資産を有していない。,False,True,https://www.bbc.com/news/world-europe-59667938 https://www3.nhk.or.jp/news/special/tag/g7/2023/leader/13.html https://rm.coe.int/constitution-of-ukraine/168071f58b https://www.refworld.org/pdfid/44a280fa4.pdf https://www.president.gov.ua/en/president/biografiya https://www.lemonde.fr/en/international/article/2023/02/19/volodymyr-zelensky-s-soviet-childhood_6016468_4.html https://www.timesofisrael.com/zelenskys-parents-local-rabbi-they-dont-understand-why-he-wanted-to-be-president/ https://www.washingtonpost.com/history/2022/02/25/zelensky-family-jewish-holocaust/ https://www.huffingtonpost.jp/entry/who-is-zelenskiy_jp_621da790e4b06e1cc59413f9 https://www.dw.com/en/fact-check-zelenskyys-daughter-did-not-flee-to-poland/a-61645317 https://www.mofa.go.jp/mofaj/erp/c_see/page1_001548.html https://www.kantei.go.jp/jp/101_kishida/actions/202303/21ukraine.html https://news.yahoo.co.jp/articles/c362c7c46d5c3d443ff268dc5ac4612483d01e44 https://www.jetro.go.jp/biznews/2023/04/242f15b42b3fa397.html https://www.youtube.com/watch?v=CJBM_3AE-hk https://www.dw.com/en/ukraine-updates-poland-pledges-gear-as-zelenskyy-visits/a-65232075 https://www.bbc.com/japanese/features-and-analysis-60733307 https://jp.reuters.com/article/ukraine-crisis-un-idJPKCN2L829L https://ua.usembassy.gov/embassy/kyiv/sections-offices/defense-threat-reduction-office/biological-threat-reduction-program/ https://www.youtube.com/watch?v=GAhbNgBD4Vg&ab_channel=doddtra https://www.state.gov/wp-content/uploads/2019/02/05-829-Ukraine-Weapons.pdf https://www.nhk.or.jp/kaisetsu-blog/900/462282.html https://treaties.un.org/doc/Publication/UNTS/Volume%202866/Part/volume-2866-I-50069.pdf https://www.mofa.go.jp/mofaj/gaiko/treaty/pdfs/B-S51-0403.pdf https://www.iaea.org/about/governance/list-of-member-states https://www.iaea.org/newscenter/pressreleases/safeguards-inspectors-to-visit-two-nuclear-locations-in-ukraine-iaeas-grossi-says-after-receiving-request-from-ukraine https://www.iaea.org/newscenter/pressreleases/iaea-inspectors-complete-in-field-verification-activities-at-three-ukraine-locations-no-indications-of-undeclared-nuclear-activities-and-materials https://www.yomiuri.co.jp/world/20220307-OYT1T50189/ https://www.myfloridacounty.com/ori/index.do?x=54&y=32 https://www.forbes.com/sites/mattdurot/2022/04/20/president-zelensky-is-not-a-billionaire-so-how-much-is-he-worth/?sh=5c8d57f05bb0 https://www.ukrinform.net/rubric-polytics/3218940-zelensky-submits-asset-declaration-for-2020.html?ref=factcheckcenter.jp#google_vignette https://en.interfax.com.ua/i/general/734407.html https://www.kyivpost.com/post/6156 https://www.forbes.com/billionaires/,True,ウクライナの国営ウクルインフォルム通信やインテルファクス通信ウクライナによると、2021年に公開されたゼレンスキー大統領の世帯資産は約2274万フリヴニャ（UAH）だった（記事1、2）。UAHを日本円に換算すると、2020年時点で1億円を超えることはない。したがって、言説は正しいと判定した。,1,False,True,False,-,-,-,-,-,-,-,-,-,0,-,-,-,True,True
103,https://www.factcheckcenter.jp/fact-check/health/no-graphene-in-pfizer-vaccine/,2023/6/26,誤り,医療・健康,https://x.com/i/status/1642697171572244480,"テキスト,画像1",2023年4月ファイザー社の新型コロナウィルスのワクチンに、非常に毒性の高い導電性物質である酸化グラフェンが含まれている証拠が発見された。,https://www.reuters.com/article/factcheck-graphene-lipidvaccines-idUSL1N2PI2XH/,2024年4月ファイザー社の新型コロナウィルスのワクチンに、非常に毒性の高い導電性物質である酸化グラフェンが含まれている証拠は発見されていない。,False,False,https://x.com/i/status/1645867872521191424 https://www.fda.gov/media/150386/download https://www.reuters.com/article/factcheck-graphene-lipidvaccines-idUSL1N2PI2XH/,False,酸化グラフェンは低温電子顕微鏡法という観察手法で検証をする際に使われているが、製造工程や成分に含まれていない。以上のことから、誤りと判定した。,1,False,False,False,-,-,-,-,-,-,-,-,-,0,-,-,-,NA,False
104,https://www.factcheckcenter.jp/fact-check/health/no-graphene-in-pfizer-vaccine/,2023/6/26,誤り,医療・健康,https://x.com/i/status/1642697171572244480,"テキスト,画像1",2024年4月ファイザー社の新型コロナウィルスのワクチンに、非常に毒性の高い導電性物質である酸化グラフェンが含まれている証拠は発見されていない。,https://www.reuters.com/article/factcheck-graphene-lipidvaccines-idUSL1N2PI2XH/,2024年4月ファイザー社の新型コロナウィルスのワクチンに、非常に毒性の高い導電性物質である酸化グラフェンが含まれている証拠は発見されていない。,False,True,https://x.com/i/status/1645867872521191424 https://www.fda.gov/media/150386/download https://www.reuters.com/article/factcheck-graphene-lipidvaccines-idUSL1N2PI2XH/,True,酸化グラフェンは低温電子顕微鏡法という観察手法で検証をする際に使われているが、製造工程や成分に含まれていない。以上のことから、正しいと判定した。,1,False,True,False,-,-,-,-,-,-,-,-,-,0,-,-,-,NA,True
105,https://www.factcheckcenter.jp/fact-check/health/vaccine-5g-covid-infection-false/,2023/7/6,誤り,医療・健康,https://x.com/i/status/1668762215460274178,"テキスト,画像1,画像2,画像3,画像4",埼玉県の春日部高校で新型コロナ感染が流行したのは、５G（第5世代移動通信システム）が原因である。,https://www.mhlw.go.jp/stf/seisakunitsuite/bunya/kenkou_iryou/dengue_fever_qa_00001.html#Q2-2,埼玉県の春日部高校で新型コロナ感染が流行したのは、５G（第5世代移動通信システム）が原因ではない。,True,False,https://www.mhlw.go.jp/stf/seisakunitsuite/bunya/kenkou_iryou/dengue_fever_qa_00001.html#Q2-2,False,春日部高校でワクチン接種を受けた3年生は今春に卒業しており、6月に起きた集団感染とは無関係。また、コロナ感染の原因をワクチン接種や5Gによるものとする言説は、厚労省やWHOなどによって否定されている。感染経路は、咳やくしゃみ、会話のときに出される飛沫によるもので、ワクチン接種や5Gは関係ない。以上のことから、ワクチン接種・5Gでコロナに感染するという言説は誤り。,4,False,True,False,False,True,False,False,True,False,False,True,False,0,-,-,-,True,True
106,https://www.factcheckcenter.jp/fact-check/health/vaccine-5g-covid-infection-false/,2023/7/6,誤り,医療・健康,https://x.com/i/status/1668762215460274178,"テキスト,画像1,画像2,画像3,画像4",埼玉県の春日部高校で新型コロナ感染が流行したのは、５G（第5世代移動通信システム）が原因ではない。,https://www.mhlw.go.jp/stf/seisakunitsuite/bunya/kenkou_iryou/dengue_fever_qa_00001.html#Q2-2,埼玉県の春日部高校で新型コロナ感染が流行したのは、５G（第5世代移動通信システム）が原因ではない。,False,True,https://www.mhlw.go.jp/stf/seisakunitsuite/bunya/kenkou_iryou/dengue_fever_qa_00001.html#Q2-2,True,SNS上では5Gについて、「コロナの原因は５G」「ワクチン接種で5Gに接続される」といった真偽不明の言説が拡散されている。5Gとコロナ感染については、既にさまざまな公的機関が否定している。,4,False,True,False,False,True,False,False,True,False,False,True,False,0,-,-,-,True,True
107,https://www.factcheckcenter.jp/fact-check/international/joe-biden-death-false-oldest-us-president-repeated-misinformation/,2023/7/14,誤り,国際,https://x.com/i/status/1675717215835004928,テキスト,アメリカ大統領のジョー・バイデン氏が2023年7月1日に心臓発作で亡くなった。,https://www.facebook.com/joebiden/posts/pfbid036ybPvQftGcxUupBERjcGdXTHX3Go1BJ4cfGsvEBBtZauwdwb8jDwYhunio7ibFFDl,アメリカ大統領のジョー・バイデン氏は2023/7/1以降も生存している。,True,False,https://www.facebook.com/joebiden/posts/pfbid036ybPvQftGcxUupBERjcGdXTHX3Go1BJ4cfGsvEBBtZauwdwb8jDwYhunio7ibFFDl https://x.com/i/status/1676743176697028609 https://www3.nhk.or.jp/news/html/20230706/k10014119931000.html https://x.com/i/status/1679590272273899521,False,7/1以降にも、NATO首脳会談やスウェーデン首相との会談の写真、独立記念日で兵士と対面した写真が彼の動静を伝える公式SNSアカウントや報道から確認できた。「アメリカ大統領のジョー・バイデン氏が7/1に心臓発作で亡くなった」は誤り。,1,False,True,False,-,-,-,-,-,-,-,-,-,0,-,-,-,-,-
108,https://www.factcheckcenter.jp/fact-check/international/joe-biden-death-false-oldest-us-president-repeated-misinformation/,2023/7/14,誤り,国際,https://x.com/i/status/1675717215835004928,テキスト,アメリカ大統領のジョー・バイデン氏は2023年7月1日以降も生存している。,https://www.facebook.com/joebiden/posts/pfbid036ybPvQftGcxUupBERjcGdXTHX3Go1BJ4cfGsvEBBtZauwdwb8jDwYhunio7ibFFDl,アメリカ大統領のジョー・バイデン氏は2023/7/1以降も生存している。,True,True,https://www.facebook.com/joebiden/posts/pfbid036ybPvQftGcxUupBERjcGdXTHX3Go1BJ4cfGsvEBBtZauwdwb8jDwYhunio7ibFFDl https://x.com/i/status/1676743176697028609 https://www3.nhk.or.jp/news/html/20230706/k10014119931000.html https://x.com/i/status/1679590272273899521,True,2023/7/1以降にも、NATO首脳会談やスウェーデン首相との会談の写真、独立記念日で兵士と対面した写真が彼の動静を伝える公式SNSアカウントや報道から確認できた。したがって、アメリカ大統領のジョー・バイデン氏は7/1以降も生存しているという言説は正しいと判定した。,1,False,True,False,-,-,-,-,-,-,-,-,-,0,-,-,-,-,-
109,https://www.factcheckcenter.jp/fact-check/international/fact-checking-summary-french-riots-misinformation/,2023/7/21,誤り,国際,https://x.com/i/status/1675019008901349377,"テキスト,画像1",投稿された画像は、「2023年6月27日に起きた警察官が交通検問を拒否した北アフリカ系の17歳の少年を射殺した事件に対する抗議暴動」としてフランスで撮影された警察車両の画像である。,https://www.bbc.com/japanese/features-and-analysis-66083524,投稿された画像は、Netflixが2022年から配信公開しているフランス映画「アテナ（原題：Athena）」の一場面の画像である。,False,False,https://www.bbc.com/japanese/features-and-analysis-66083524 https://www.netflix.com/jp/title/81312828 https://www.youtube.com/watch?v=J0zvbNOAGrc&t=279s https://www.youtube.com/watch?v=ChoqvTPsJlA&t=56s https://www3.nhk.or.jp/news/html/20230704/k10014118211000.html,False,①について、拡散した画像はフランス映画の一場面で、「フランスで1時間前に撮影された写真」ではない。したがって、今回取り上げた言説は全体として「誤り」であると判定した。,1,False,True,False,-,-,-,-,-,-,-,-,-,0,-,-,-,True,True
110,https://www.factcheckcenter.jp/fact-check/international/fact-checking-summary-french-riots-misinformation/,2023/7/21,誤り,国際,https://x.com/i/status/1675019008901349377,"テキスト,画像1",投稿された画像は、Netflixが2022年から配信公開しているフランス映画「アテナ（原題：Athena）」の一場面の画像である。,https://www.bbc.com/japanese/features-and-analysis-66083524,投稿された画像は、Netflixが2022年から配信公開しているフランス映画「アテナ（原題：Athena）」の一場面の画像である。,False,True,https://www.bbc.com/japanese/features-and-analysis-66083524 https://www.netflix.com/jp/title/81312828 https://www.youtube.com/watch?v=J0zvbNOAGrc&t=279s https://www.youtube.com/watch?v=ChoqvTPsJlA&t=56s https://www3.nhk.or.jp/news/html/20230704/k10014118211000.html,True,拡散した画像はフランス映画の一場面で、「フランスで1時間前に撮影された写真」ではない。したがって、今回取り上げた言説は全体として「誤り」であると判定した。したがって、2023年6月27日、警察官が交通検問を拒否した北アフリカ系の17歳の少年を射殺に対する抗議の暴動における、「フランスで撮影された警察車両」の写真ではないという言説は正しいと判定した。,1,False,False,False,-,-,-,-,-,-,-,-,-,0,-,-,-,True,False
111,https://www.factcheckcenter.jp/fact-check/international/fact-checking-summary-french-riots-misinformation/,2023/7/21,誤り,国際,https://x.com/i/status/1675164801914503169,"テキスト,動画1",投稿された動画は、「2023年6月27日に起きた警察官が交通検問を拒否した北アフリカ系の17歳の少年を射殺した事件に対する抗議暴動」としてフランスのルイ・ヴィトンを襲撃する人々の動画である。,https://litmus-factcheck.jp/2023/07/2123/,投稿された動画は、2020年にアメリカのポートランドで撮影されたものである。,False,False,https://litmus-factcheck.jp/2023/07/2123/ https://www.voanews.com/a/usa_portland-oregon-protest-erupts-riot/6190167.html,False,⑤について、フランスの店舗ではなく、アメリカの店舗だった。したがって、今回取り上げた言説は全体として「誤り」であると判定した。,0,-,-,-,-,-,-,-,-,-,-,-,-,1,False,True,False,True,True
112,https://www.factcheckcenter.jp/fact-check/international/fact-checking-summary-french-riots-misinformation/,2023/7/21,誤り,国際,https://x.com/i/status/1675164801914503169,"テキスト,動画1",投稿された動画は、2020年にアメリカのポートランドで撮影されたものである。,https://litmus-factcheck.jp/2023/07/2123/,投稿された動画は、2020年にアメリカのポートランドで撮影されたものである。,False,True,https://litmus-factcheck.jp/2023/07/2123/ https://www.voanews.com/a/usa_portland-oregon-protest-erupts-riot/6190167.html,True,もとの動画は、2020年にアメリカのポートランドで撮影されたものだった。VOAの記事によると、当時、ポートランドのルイ・ヴィトンの店舗には、窃盗の目的で多数の人が侵入したという。,0,-,-,-,-,-,-,-,-,-,-,-,-,1,False,False,False,True,False
113,https://www.factcheckcenter.jp/fact-check/international/fact-checking-summary-french-riots-misinformation/,2023/7/21,誤り,国際,https://x.com/i/status/1675403013748342784,画像1,投稿された画像は、「2023年6月27日に起きた警察官が交通検問を拒否した北アフリカ系の17歳の少年を射殺した事件に対する抗議暴動」としてフランスで撮影された警察車両の画像である。,https://www.bbc.com/japanese/features-and-analysis-66083524,投稿された画像は、Netflixが2022年から配信公開しているフランス映画「アテナ（原題：Athena）」の一場面の画像である。,False,False,https://www.bbc.com/japanese/features-and-analysis-66083524 https://www.netflix.com/jp/title/81312828 https://www.youtube.com/watch?v=J0zvbNOAGrc&t=279s https://www.youtube.com/watch?v=ChoqvTPsJlA&t=56s https://www3.nhk.or.jp/news/html/20230704/k10014118211000.html,False,①について、拡散した画像はフランス映画の一場面で、「フランスで1時間前に撮影された写真」ではない。したがって、今回取り上げた言説は全体として「誤り」であると判定した。,1,False,True,False,-,-,-,-,-,-,-,-,-,0,-,-,-,True,True
114,https://www.factcheckcenter.jp/fact-check/international/fact-checking-summary-french-riots-misinformation/,2023/7/21,誤り,国際,https://x.com/i/status/1675403013748342784,画像1,投稿された画像は、Netflixが2022年から配信公開しているフランス映画「アテナ（原題：Athena）」の一場面の画像である。,https://www.bbc.com/japanese/features-and-analysis-66083524,投稿された画像は、Netflixが2022年から配信公開しているフランス映画「アテナ（原題：Athena）」の一場面の画像である。,False,True,https://www.bbc.com/japanese/features-and-analysis-66083524 https://www.netflix.com/jp/title/81312828 https://www.youtube.com/watch?v=J0zvbNOAGrc&t=279s https://www.youtube.com/watch?v=ChoqvTPsJlA&t=56s https://www3.nhk.or.jp/news/html/20230704/k10014118211000.html,True,拡散した画像はフランス映画の一場面で、「フランスで1時間前に撮影された写真」ではない。したがって、今回取り上げた言説は全体として「誤り」であると判定した。したがって、2023年6月27日、警察官が交通検問を拒否した北アフリカ系の17歳の少年を射殺に対する抗議の暴動における、「フランスで撮影された警察車両」の写真ではないという言説は正しいと判定した。,1,False,False,False,-,-,-,-,-,-,-,-,-,0,-,-,-,True,False
115,https://www.factcheckcenter.jp/fact-check/health/microwave-nutrient-destruction-carcinogens/,2023/7/31,誤り,医療・健康,https://x.com/i/status/1645041716075057155,"テキスト,動画1",電子レンジは食べ物の栄養を破壊する。,https://comeon-house.jp/fromhouse/159/index.html,電子レンジは食べ物の栄養を破壊しない。,NA,False,https://media.kepco.co.jp/study/17560318 https://www.who.int/news-room/questions-and-answers/item/radiation-microwave-ovens https://comeon-house.jp/fromhouse/159/index.html,False,電子レンジでの調理による安全性や栄養価は従来のオーブンで調理するものと同様だ。,0,-,-,-,-,-,-,-,-,-,-,-,-,1,False,False,False,NA,False
116,https://www.factcheckcenter.jp/fact-check/health/microwave-nutrient-destruction-carcinogens/,2023/7/31,誤り,医療・健康,https://x.com/i/status/1645041716075057155,"テキスト,動画1",電子レンジは、発がん物質を発生させる。,https://comeon-house.jp/fromhouse/159/index.html,電子レンジは、発がん物質を発生させない。,NA,False,https://media.kepco.co.jp/_ct/17560318 https://www.who.int/news-room/questions-and-answers/item/radiation-microwave-ovens https://www.pref.fukui.lg.jp/doc/021115/qa23.html https://comeon-house.jp/fromhouse/159/index.html https://www.who.int/news-room/questions-and-answers/item/radiation-electromagnetic-fields,False,電子レンジでの調理による安全性や栄養価は従来のオーブンで調理するものと同様だ。,0,-,-,-,-,-,-,-,-,-,-,-,-,1,False,False,False,NA,False
117,https://www.factcheckcenter.jp/fact-check/health/microwave-nutrient-destruction-carcinogens/,2023/7/31,誤り,医療・健康,https://x.com/i/status/1645041716075057155,"テキスト,動画1",電子レンジは食べ物の栄養を破壊しない。,https://comeon-house.jp/fromhouse/159/index.html,電子レンジは食べ物の栄養を破壊しない。,NA,True,https://media.kepco.co.jp/study/17560318 https://www.who.int/news-room/questions-and-answers/item/radiation-microwave-ovens https://comeon-house.jp/fromhouse/159/index.html,True,電子レンジでの調理による安全性や栄養価は従来のオーブンで調理するものと同様だ。したがって、電子レンジは食べ物の栄養を破壊していないという言説は正しいと判定した。,0,-,-,-,-,-,-,-,-,-,-,-,-,1,False,True,False,NA,True
118,https://www.factcheckcenter.jp/fact-check/health/microwave-nutrient-destruction-carcinogens/,2023/7/31,誤り,医療・健康,https://x.com/i/status/1645041716075057155,"テキスト,動画1",電子レンジは、発がん物質を発生させない。,https://comeon-house.jp/fromhouse/159/index.html,電子レンジは、発がん物質を発生させない。,NA,True,https://media.kepco.co.jp/study/17560318 https://www.who.int/news-room/questions-and-answers/item/radiation-microwave-ovens https://comeon-house.jp/fromhouse/159/index.html,True,電子レンジでの調理による安全性や栄養価は従来のオーブンで調理するものと同様だ。したがって、電子レンジは、発がん物質を発生させないという言説は正しいと判定した。,0,-,-,-,-,-,-,-,-,-,-,-,-,1,False,True,False,NA,True
119,https://www.factcheckcenter.jp/fact-check/international/maui-island-fire-laser-beam-before-incorrect/,2023/8/16,誤り,国際,https://x.com/i/status/1689759844851765251,"テキスト,画像1",2023年8月8日に発生したマウイ島火災は、その直前にレーザーのような光線がハワイのマウイ島を襲った。,https://x.com/i/status/999131732057063425,投稿された画像は、2018年5月23日にSpaceXが投稿したロケット発射時の写真である。,True,False,https://x.com/i/status/999131732057063425 https://www.politifact.com/factchecks/2023/aug/11/instagram-posts/photo-used-to-claim-direct-energy-assault-started/#sources https://www3.nhk.or.jp/news/html/20230816/k10014164181000.html https://www.yomiuri.co.jp/world/20230815-OYT1T50155/,False,添付された写真は2018年のロケット発射時のもので、「マウイ島火災発生の直前にレーザーのような光線がハワイのマウイ島を襲った」は誤り。,1,False,True,False,-,-,-,-,-,-,-,-,-,0,-,-,-,True,True
120,https://www.factcheckcenter.jp/fact-check/international/maui-island-fire-laser-beam-before-incorrect/,2023/8/16,誤り,国際,https://x.com/i/status/1689759844851765251,"テキスト,画像1",投稿された画像は、2018年5月23日にSpaceXが投稿したロケット発射時の写真である。,https://x.com/i/status/999131732057063425,投稿された画像は、2018年5月23日にSpaceXが投稿したロケット発射時の写真である。,True,True,https://x.com/i/status/999131732057063425 https://www.politifact.com/factchecks/2023/aug/11/instagram-posts/photo-used-to-claim-direct-energy-assault-started/#sources https://www3.nhk.or.jp/news/html/20230816/k10014164181000.html https://www.yomiuri.co.jp/world/20230815-OYT1T50155/,True,添付された写真は2018年のロケット発射時のもので、「マウイ島火災発生の直前にレーザーのような光線がハワイのマウイ島を襲った」ものでない。したがって、言説は正しいと判定した。,1,False,False,False,-,-,-,-,-,-,-,-,-,0,-,-,-,True,False
121,https://www.factcheckcenter.jp/fact-check/international/china-tap-water-brown-image-false/,2023/9/13,誤り,国際,https://x.com/i/status/1697915033249054720,"テキスト,画像1",中国の水道水は茶色である。,https://tpakira.hatenablog.com/entry/2021/06/29/130206,断水後、中国の水道水は茶色に変色することがある。,True,False,https://tpakira.hatenablog.com/entry/2021/06/29/130206,False,対象の画像は断水直後に水を流すときに、水道管に付着していた鉄分やマンガンが流れ、一時的に茶色くなったものであり、日常的に水道水が茶色なわけではない。日本でも濁り水として見られる現象である。したがって、「中国の水道水は茶色」なわけではなく、言説は誤りと判定した。,1,True,False,False,-,-,-,-,-,-,-,-,-,0,-,-,-,True,False
122,https://www.factcheckcenter.jp/fact-check/international/china-tap-water-brown-image-false/,2023/9/13,誤り,国際,https://x.com/i/status/1697915033249054720,"テキスト,画像1",断水後、中国の水道水は茶色に変色することがある。,https://tpakira.hatenablog.com/entry/2021/06/29/130206,断水後、中国の水道水は茶色に変色することがある。,True,True,https://tpakira.hatenablog.com/entry/2021/06/29/130206,True,対象の画像は断水直後に水を流すときに、水道管に付着していた鉄分やマンガンが流れ、一時的に茶色くなったものであり、日常的に水道水が茶色なわけではない。日本でも濁り水として見られる現象である。したがって、「中国の水道水は茶色」なわけではなく、言説は誤りと判定した。,1,True,False,False,-,-,-,-,-,-,-,-,-,0,-,-,-,True,False
123,https://www.factcheckcenter.jp/fact-check/health/false-claims-about-hpv-vaccine/,2023/9/21,誤り,医療・健康,https://x.com/i/status/1686309089343934464,"テキスト,画像1",子宮頸がんワクチンにガの幼虫細胞が入っている。,https://gskpro.com/content/dam/global/hcpportal/ja_JP/products-info/cervarix/cervarix.pdf,子宮頸がんワクチンにガの幼虫細胞は入っていない。,False,False,https://www.mhlw.go.jp/bunya/kenkou/kekkaku-kansenshou28/index.html https://gskpro.com/content/dam/global/hcpportal/ja_JP/products-info/cervarix/cervarix.pdf,False,「子宮頸がんワクチンにガの幼虫細胞が入っている」は誤り。バキュロウイルスとイラクサギンウワバ幼虫細胞を使う2価ワクチンの製造法は既に確立されており、安全性に問題はないうえに、製造過程で精製・除去されている。,1,True,False,False,-,-,-,-,-,-,-,-,-,0,-,-,-,-,-
124,https://www.factcheckcenter.jp/fact-check/health/false-claims-about-hpv-vaccine/,2023/9/21,誤り,医療・健康,https://x.com/i/status/1686309089343934464,"テキスト,画像1",子宮頸がんワクチンにガの幼虫細胞は入っていない。,https://gskpro.com/content/dam/global/hcpportal/ja_JP/products-info/cervarix/cervarix.pdf,子宮頸がんワクチンにガの幼虫細胞は入っていない。,False,True,https://www.mhlw.go.jp/bunya/kenkou/kekkaku-kansenshou28/index.html https://gskpro.com/content/dam/global/hcpportal/ja_JP/products-info/cervarix/cervarix.pdf,True,バキュロウイルスとイラクサギンウワバ幼虫細胞を使う2価ワクチンの製造法は既に確立されており、安全性に問題はないうえに、製造過程で精製・除去されている。したがって、子宮頸がんワクチンにガの幼虫細胞は入っていないという言説は正しいと判定した。,1,True,False,False,-,-,-,-,-,-,-,-,-,0,-,-,-,True,False
125,https://www.factcheckcenter.jp/fact-check/international/false-claims-about-trump-and-biden/,2023/9/29,誤り,国際,https://x.com/i/status/1703182466708910307,"テキスト,画像1",2023年9月8日～14日にかけて実施した世論調査結果によると、トランプがバイデンに大差をつけているとロイターが報じている。,https://www.reuters.com/world/us/biden-weighed-by-economic-concerns-age-potential-2024-rematch-with-trump-2023-09-15/,投稿された画像は2023年9月8日～14日にかけて実施したロイターの世論調査結果ではない。,True,False,https://www.reuters.com/fact-check/simulated-2024-election-poll-numbers-falsely-attributed-reuters-2023-09-19/ https://www.reuters.com/world/us/biden-weighed-by-economic-concerns-age-potential-2024-rematch-with-trump-2023-09-15/,False,「トランプ大統領がバイデンに大差をつけているとロイターが報じている」という言説は誤り。言説が根拠にしている画像は、ロイターが作成したものではない。,1,False,True,False,-,-,-,-,-,-,-,-,-,0,-,-,-,NA,True
126,https://www.factcheckcenter.jp/fact-check/international/false-claims-about-trump-and-biden/,2023/9/29,誤り,国際,https://x.com/i/status/1703182466708910307,"テキスト,画像1",投稿された画像は2023年9月8日～14日にかけて実施したロイターの世論調査結果ではない。,https://www.reuters.com/world/us/biden-weighed-by-economic-concerns-age-potential-2024-rematch-with-trump-2023-09-15/,投稿された画像は2023年9月8日～14日にかけて実施したロイターの世論調査結果ではない。,True,True,https://www.reuters.com/fact-check/simulated-2024-election-poll-numbers-falsely-attributed-reuters-2023-09-19/ https://www.reuters.com/world/us/biden-weighed-by-economic-concerns-age-potential-2024-rematch-with-trump-2023-09-15/,True,「トランプ大統領がバイデンに大差をつけているとロイターが報じている」という画像は、ロイターが作成したものではない。したがって、トランプ大統領がバイデンに大差をつけているとロイターが報じていないという言説は正しいと判定した。,1,False,False,False,-,-,-,-,-,-,-,-,-,0,-,-,-,NA,False
127,https://www.factcheckcenter.jp/fact-check/international/false-video-of-hamas-infiltrating-israel-with-parachutes/,2023/10/10,誤り,国際,https://x.com/i/status/1711013453144424868,"テキスト,動画1",投稿された動画は、2023年10月のイスラム組織ハマスとイスラエルの軍事衝突に関連し、「ハマスがイスラエルにパラシュートで侵入した」とするものである。,https://www.huffingtonpost.jp/entry/isreal-fc_jp_65247c62e4b09f4b8d417d5a,投稿された動画は2023年10月のイスラエルとハマスの戦闘とは関係ない。,False,False,https://www.facebook.com/100077706392690/posts/855520256081276/ https://x.com/i/status/1711013453144424868 https://www.huffingtonpost.jp/entry/isreal-fc_jp_65247c62e4b09f4b8d417d5a https://www.verifythis.com/article/news/verify/global-conflicts/video-does-not-show-hamas-militants-parachuting-into-israel-egypt-tiktok-fact-check/536-29ef8b37-877c-49f4-a0d2-7ca7c4754f5e,False,動画は、周囲の状況や投稿のタイミングから、イスラエルとハマスの戦闘を撮影したものではないため、誤り。,0,-,-,-,-,-,-,-,-,-,-,-,-,1,False,True,False,True,True
128,https://www.factcheckcenter.jp/fact-check/international/false-video-of-hamas-infiltrating-israel-with-parachutes/,2023/10/10,誤り,国際,https://x.com/i/status/1711013453144424868,"テキスト,動画1",投稿された動画は2023年10月のイスラエルとハマスの戦闘とは関係ない。,https://www.huffingtonpost.jp/entry/isreal-fc_jp_65247c62e4b09f4b8d417d5a,投稿された動画は2023年10月のイスラエルとハマスの戦闘とは関係ない。,False,True,https://www.facebook.com/100077706392690/posts/855520256081276/ https://x.com/i/status/1711013453144424868 https://www.huffingtonpost.jp/entry/isreal-fc_jp_65247c62e4b09f4b8d417d5a https://www.verifythis.com/article/news/verify/global-conflicts/video-does-not-show-hamas-militants-parachuting-into-israel-egypt-tiktok-fact-check/536-29ef8b37-877c-49f4-a0d2-7ca7c4754f5e,True,動画は、周囲の状況や投稿のタイミングから、イスラエルとハマスの戦闘を撮影したものではない。したがって、言説は正しいと判定した。,0,-,-,-,-,-,-,-,-,-,-,-,-,1,False,False,False,True,False
129,https://www.factcheckcenter.jp/fact-check/international/israeli-soldiers-hamas-aircraft-missile-attack-factcheck/,2023/10/10,誤り,国際,https://x.com/i/status/1711418879879397752,"テキスト,動画1",投稿された動画は、2023年10月にイスラエル兵がイスラム組織ハマスの航空機を撃墜したものである。,https://www.reuters.com/article/factcheck-ukraine-arma-3-idUSL1N35A1ZR/,投稿された2023年10月にイスラエル兵がイスラム組織ハマスの航空機を撃墜したとされる動画は、ミリタリーゲームの映像を使った偽動画である。,False,False,https://www.youtube.com/watch?v=SHP9iH8Wuoo https://www.bohemia.net/blog/arma-3-footage-being-used-as-fake-news https://www.reuters.com/article/factcheck-ukraine-arma-3-idUSL1N35A1ZR/ https://jp.reuters.com/article/factcheck-arma-game/fact-check-video-shows-arma-3-game-not-russian-and-ukrainian-planes-idUSL1N3A91K8/,False,イスラエル兵がイスラム組織ハマスのヘリコプターを撃墜したとする映像は、ミリタリーゲームの映像を使った偽動画で誤り。,0,-,-,-,-,-,-,-,-,-,-,-,-,1,False,True,False,True,True
130,https://www.factcheckcenter.jp/fact-check/international/israeli-soldiers-hamas-aircraft-missile-attack-factcheck/,2023/10/10,誤り,国際,https://x.com/i/status/1711418879879397752,"テキスト,動画1",投稿された2023年10月にイスラエル兵がイスラム組織ハマスの航空機を撃墜したとされる動画は、ミリタリーゲームの映像を使った偽動画である。,https://www.reuters.com/article/factcheck-ukraine-arma-3-idUSL1N35A1ZR/,投稿された2023年10月にイスラエル兵がイスラム組織ハマスの航空機を撃墜したとされる動画は、ミリタリーゲームの映像を使った偽動画である。,False,True,https://www.youtube.com/watch?v=SHP9iH8Wuoo https://www.bohemia.net/blog/arma-3-footage-being-used-as-fake-news https://www.reuters.com/article/factcheck-ukraine-arma-3-idUSL1N35A1ZR/ https://jp.reuters.com/article/factcheck-arma-game/fact-check-video-shows-arma-3-game-not-russian-and-ukrainian-planes-idUSL1N3A91K8/,True,イスラエル兵がイスラム組織ハマスのヘリコプターを撃墜したとする映像は、ミリタリーゲームの映像を使った偽動画で誤り。したがって、言説は正しいと判定した。,0,-,-,-,-,-,-,-,-,-,-,-,-,1,False,False,False,True,False
131,https://www.factcheckcenter.jp/fact-check/international/palestine-fabricating-casualties-video-false/,2023/10/13,誤り,国際,https://x.com/i/status/1712125653607399881,"テキスト,動画1",投稿された動画は、2023年10月のイスラム組織ハマスとイスラエルの軍事衝突に関連した、「パレスチナが死者を捏造している」動画である。,https://www.tiktok.com/@directeur.tamer/video/7266886648707779845,投稿された動画は、2023年10月のイスラム組織ハマスとイスラエルの軍事衝突に関連した、「パレスチナが死者を捏造している」動画は、ゾンビをモチーフにしたショート動画の撮影風景を映したものである。,True,False,https://x.com/i/status/1712125653607399881 https://www.tiktok.com/@directeur.tamer/video/7266886648707779845,False,「パレスチナが死者を捏造している」は、誤り。証拠とされた動画はイスラエルとハマスの戦闘とは関係がなく、ゾンビをモチーフにしたショート動画の撮影風景を映したもの。,0,-,-,-,-,-,-,-,-,-,-,-,-,1,False,True,False,True,True
132,https://www.factcheckcenter.jp/fact-check/international/palestine-fabricating-casualties-video-false/,2023/10/13,誤り,国際,https://x.com/i/status/1712125653607399881,"テキスト,動画1",投稿された動画は、2023年10月のイスラム組織ハマスとイスラエルの軍事衝突に関連した、「パレスチナが死者を捏造している」動画は、ゾンビをモチーフにしたショート動画の撮影風景を映したものである。,https://www.tiktok.com/@directeur.tamer/video/7266886648707779845,投稿された動画は、2023年10月のイスラム組織ハマスとイスラエルの軍事衝突に関連した、「パレスチナが死者を捏造している」動画は、ゾンビをモチーフにしたショート動画の撮影風景を映したものである。,True,True,https://x.com/i/status/1712125653607399881 https://www.tiktok.com/@directeur.tamer/video/7266886648707779845,True,「パレスチナが死者を捏造している」動画は、イスラエルとハマスの戦闘とは関係がなく、ゾンビをモチーフにしたショート動画の撮影風景を映したもの。したがって、言説は正しいと判定した。,0,-,-,-,-,-,-,-,-,-,-,-,-,1,False,False,False,True,False
133,https://www.factcheckcenter.jp/fact-check/international/video-bbc-reports-inaccuracy-ukraine-supplying-weapons-hamas/,2023/10/17,誤り,国際,https://x.com/i/status/1711855146630586411,"テキスト,動画1",2023年10月にBBCが『アメリカやNATOがウクライナに渡した武器がハマスに渡り、イスラエルに対して使われている』と報じた。,https://x.com/i/status/1711792120011391307,2023年10月にBBCが『アメリカやNATOがウクライナに渡した武器がハマスに渡り、イスラエルに対して使われている』と報じた動画は、加工された動画である。,False,False,https://x.com/i/status/1711788647425409104 https://x.com/i/status/1711782985815453902 https://www.bbc.com/news/bbcverify https://x.com/i/status/1711792120011391307,False,「ウクライナがハマスに武器を渡したとBBCが報じた」は、誤り。拡散した動画は、BBCのロゴやブランドを使って偽造されたもので、BBC、べリングキャット、動画に登場する教授の3者がいずれも「フェイクニュースだ」と否定している。,0,-,-,-,-,-,-,-,-,-,-,-,-,1,True,True,False,True,True
134,https://www.factcheckcenter.jp/fact-check/international/video-bbc-reports-inaccuracy-ukraine-supplying-weapons-hamas/,2023/10/17,誤り,国際,https://x.com/i/status/1711855146630586411,"テキスト,動画1",2023年10月にBBCが『アメリカやNATOがウクライナに渡した武器がハマスに渡り、イスラエルに対して使われている』と報じた動画は、加工された動画である。,https://x.com/i/status/1711792120011391307,2023年10月にBBCが『アメリカやNATOがウクライナに渡した武器がハマスに渡り、イスラエルに対して使われている』と報じた動画は、加工された動画である。,False,True,https://x.com/i/status/1711788647425409104 https://x.com/i/status/1711782985815453902 https://www.bbc.com/news/bbcverify https://x.com/i/status/1711792120011391307,True,「ウクライナがハマスに武器を渡したとBBCが報じた」は、誤り。拡散した動画は、BBCのロゴやブランドを使って偽造されたもので、BBC、べリングキャット、動画に登場する教授の3者がいずれも「フェイクニュースだ」と否定している。したがって、言説は正しいと判定した。,0,-,-,-,-,-,-,-,-,-,-,-,-,1,True,False,False,True,False
135,https://www.factcheckcenter.jp/fact-check/international/israeli-occupation-forces-alleged-gaza-nuclear-bombing-misinformation/,2023/10/20,誤り,国際,https://x.com/i/status/1713572797291901167,"テキスト,動画1",2023年10月のイスラエル・パレスチナの武力衝突に関連し、イスラエル占領軍がガザに核爆撃した。,https://www.youtube.com/shorts/Y9mWTuiF5_0,投稿された動画は、2020年に起きたレバノンのベイルート港爆発事故の様子を撮影した動画である。,True,False,https://www.youtube.com/shorts/Y9mWTuiF5_0 https://www.cnn.co.jp/world/35157797.html https://www.bbc.com/japanese/53674255,False,動画は、2020年に起きたレバノンのベイルート港爆発事故の様子を撮影したもので、イスラエル・パレスチナでの武力衝突とは関係ない。硝酸アンモニウムによる爆発で、核爆発でもない。したがって、誤りと判定した。,0,-,-,-,-,-,-,-,-,-,-,-,-,1,False,True,False,True,True
136,https://www.factcheckcenter.jp/fact-check/international/israeli-occupation-forces-alleged-gaza-nuclear-bombing-misinformation/,2023/10/20,誤り,国際,https://x.com/i/status/1713572797291901167,"テキスト,動画1",投稿された動画は、2020年に起きたレバノンのベイルート港爆発事故の様子を撮影した動画である。,https://www.youtube.com/shorts/Y9mWTuiF5_0,投稿された動画は、2020年に起きたレバノンのベイルート港爆発事故の様子を撮影した動画である。,True,True,https://www.youtube.com/shorts/Y9mWTuiF5_0 https://www.cnn.co.jp/world/35157797.html https://www.bbc.com/japanese/53674255,True,動画は、2020年に起きたレバノンのベイルート港爆発事故の様子を撮影したもので、イスラエル・パレスチナでの武力衝突とは関係ない。硝酸アンモニウムによる爆発で、核爆発でもない。したがって、言説は正しいと判定した。,0,-,-,-,-,-,-,-,-,-,-,-,-,1,False,False,False,True,False
137,https://www.factcheckcenter.jp/fact-check/international/misinformation-video-of-hamas-rocket-losing-control-hitting-hospital-instantly/,2023/10/25,誤り,国際,https://x.com/i/status/1714378093211824187,"テキスト,動画1",投稿された動画は、2023年10月のイスラエル・パレスチナの武力衝突に関連し、「ハマスのロケットがコントロールを失い、ガザの病院を直撃した」動画である。,https://x.com/i/status/1556342315211538432,投稿された動画は、2022年8月に撮影された動画である。,False,False,https://www.almayadeen.net/ https://www.memri.org/tv/pij-rocket-misfire-live-tv-lands-gaza-neighborhood-reporter https://twitter.com/i/status/1556342315211538432 https://www.bbc.com/japanese/67142149 https://apnews.com/article/hospital-airstrike-gaza-rocket-74ae3e38d9f771abd23d6d49c814b980,False,今回の映像を用いての「ハマスのロケットがコントロールを失い病院に直撃した」という言説は誤り。証拠とされた映像は2023年10月17日に発生した病院の爆発とは無関係であり、2022年8月に撮影されたものである。,0,-,-,-,-,-,-,-,-,-,-,-,-,1,False,True,False,True,True
138,https://www.factcheckcenter.jp/fact-check/international/misinformation-video-of-hamas-rocket-losing-control-hitting-hospital-instantly/,2023/10/25,誤り,国際,https://x.com/i/status/1714378093211824187,"テキスト,動画1",投稿された動画は、2022年8月に撮影された動画である。,https://x.com/i/status/1556342315211538432,投稿された動画は、2022年8月に撮影された動画である。,False,True,https://www.almayadeen.net/ https://www.memri.org/tv/pij-rocket-misfire-live-tv-lands-gaza-neighborhood-reporter https://twitter.com/i/status/1556342315211538432 https://www.bbc.com/japanese/67142149 https://apnews.com/article/hospital-airstrike-gaza-rocket-74ae3e38d9f771abd23d6d49c814b980,True,証拠とされた映像は2023年10月17日に発生した病院の爆発とは無関係であり、2022年8月に撮影されたものである。したがって、イスラエル・パレスチナの武力衝突に関連し、「ハマスのロケットがコントロールを失い、ガザの病院を直撃した」動画ではないという言説は正しいと判定した。,0,-,-,-,-,-,-,-,-,-,-,-,-,1,False,False,False,True,False
139,https://www.factcheckcenter.jp/fact-check/international/gaza-south-no-bombing-misinformation/,2023/11/6,誤り,国際,https://x.com/i/status/1718510648156667926,テキスト,2023年10月のイスラエル・パレスチナの武力衝突に関連し、ガザ南部の退避地域にイスラエル軍の空爆は行われていない。,https://www.bbc.com/japanese/features-and-analysis-67142082,2023年10月のイスラエル・パレスチナの武力衝突で、ガザ南部の退避地域にイスラエル軍の空爆は行われた。,True,False,https://twitter.com/i/status/1718519728291868840 https://www.unrwa.org/resources/reports/unrwa-situation-report-8-situation-gaza-strip-and-west-bank-including-east-Jerusalem?ref=factcheckcenter.jp#:~:text=an%20UNRWA%20school%20in%20Al%20Maghazi%20refugee%20camp%20in%20the%20middle%20area%20of%20Gaza%2C%20sheltering%20some%204%2C000%20displaced%20people%2C%20was%20hit.%20As%20a%20result%2C%20eight%20people%20were%20killed%20and%2040%20injured%2C%20including%20three%20UNRWA%20staff.%C2%A0 https://twitter.com/i/status/1714309202955428169 https://www.unrwa.org/newsroom/official-statements/gaza-unrwa-school-sheltering-displaced-families-hit https://jp.reuters.com/article/israeli-palestinians-unrwa-idAFKBN31H1TY https://twitter.com/TreyYingst https://twitter.com/i/status/1717904544137363778 https://twitter.com/i/status/1718650006888997233 https://www.reuters.com/graphics/ISRAEL-PALESTINIANS/MAPS/movajdladpa/?ref=factcheckcenter.jp#israeli-military-orders-gazans-to-leave-northern-half-of-territory https://www.foxnews.com/world/hamas-preventing-gaza-residents-fleeing-to-safety-palestinian-activist?ref=factcheckcenter.jp#:~:text=Palestinians%20walk%20amid%20the%20rubble%20of%20destroyed%20and%20damaged%20building%20in%20the%20heavily%20bombarded%20city%20center%20of%20Khan%20Yunis%20in%20the%20southern%20Gaza%20Strip%20following%20overnight%20Israeli%20shelling%2C%20on%20October%2010%2C%202023.%C2%A0%20(Photo%20by%20Said%20Khatib/AFP%20via%20Getty%20Images) https://twitter.com/i/status/1713065991511388610 https://www.bbc.com/japanese/features-and-analysis-67142082 https://www.yomiuri.co.jp/world/20231020-OYT1T50135/?ref=factcheckcenter.jp#r1 https://www3.nhk.or.jp/news/html/20231026/k10014237261000.html?ref=factcheckcenter.jp#amp_tf=%251%24s%20%E3%82%88%E3%82%8A&aoh=16985951461611&referrer=https%3A%2F%2Fwww.google.com&share=https%3A%2F%2Fwww3.nhk.or.jp%2Fnews%2Fhtml%2F20231026%2Fk10014237261000.html:~:text=%E3%80%8C%E5%8D%97%E9%83%A8%E3%81%AB%E9%81%BF%E9%9B%A3%E3%81%97%E3%82%8D%E3%81%A8%E3%81%84%E3%81%86%E8%AD%A6%E5%91%8A%E3%81%AF%E7%9F%A5%E3%81%A3%E3%81%A6%E3%81%84%E3%81%BE%E3%81%99%E3%80%82%E3%81%97%E3%81%8B%E3%81%97%E5%8D%97%E9%83%A8%E3%81%AB%E3%82%82%E7%A9%BA%E7%88%86%E3%81%8C%E3%81%82%E3%82%8A%E3%80%81%E5%AE%89%E5%85%A8%E3%81%8C%E7%A2%BA%E4%BF%9D%E3%81%95%E3%82%8C%E3%81%A6%E3%81%84%E3%81%AA%E3%81%84%E3%82%93%E3%81%A7%E3%81%99%E3%80%82%E3%81%A9%E3%81%93%E3%81%8C%E5%AE%89%E5%85%A8%E3%81%AA%E3%81%AE%E3%81%8B%E6%83%85%E5%A0%B1%E3%81%8C%E7%84%A1%E3%81%8F%E3%80%81%E5%B1%85%E5%A0%B4%E6%89%80%E3%82%82%E3%81%AA%E3%81%8F%E3%80%81%E3%81%A9%E3%81%93%E3%82%92%E9%A0%BC%E3%81%A3%E3%81%9F%E3%82%89%E3%81%84%E3%81%84%E3%81%8B%E5%88%86%E3%81%8B%E3%82%8A%E3%81%BE%E3%81%9B%E3%82%93%E3%80%82%E5%AE%9F%E9%9A%9B%E3%81%AE%E3%81%A8%E3%81%93%E3%82%8D%E8%A1%8C%E3%81%91%E3%81%AA%E3%81%84%E3%82%93%E3%81%A7%E3%81%99%E3%80%8D https://www.cnn.co.jp/world/35210343.html https://www.reuters.com/world/middle-east/why-is-israel-attacking-south-gaza-after-telling-people-go-there-2023-10-25/ https://www.unrwa.org/newsroom/official-statements/gaza-strip-four-unrwa-shelters-damaged-less-24-hours https://www.unrwa.org/newsroom/official-statements/gaza-strip-four-unrwa-shelters-damaged-less-24-hours?ref=factcheckcenter.jp#:~:text=Further%20south%2C%20two%20schools%2Dturned%2Dshelters%20in%20the%20Al%20Bureij%20Refugee%20Camp%20were%20hit.%20Two%20people%20were%20reportedly%20killed%20and%2031%20injured https://twitter.com/i/status/1720164234015715570,False,「ガザ南部の退避地域に空爆は行われていない」という言説は誤り。イスラエル軍は「ガザ地区全域の軍事目標を攻撃した」と発表しており、北部の退避区域より南の難民キャンプでも運営側の国連職員を含めて死者が出ている。,0,-,-,-,-,-,-,-,-,-,-,-,-,0,-,-,-,-,-
140,https://www.factcheckcenter.jp/fact-check/international/gaza-south-no-bombing-misinformation/,2023/11/6,誤り,国際,https://x.com/i/status/1718510648156667926,テキスト,2023年10月のイスラエル・パレスチナの武力衝突で、ガザ南部の退避地域にイスラエル軍の空爆は行われた。,https://www.bbc.com/japanese/features-and-analysis-67142082,2023年10月のイスラエル・パレスチナの武力衝突で、ガザ南部の退避地域にイスラエル軍の空爆は行われた。,True,True,https://twitter.com/i/status/1718519728291868840 https://www.unrwa.org/resources/reports/unrwa-situation-report-8-situation-gaza-strip-and-west-bank-including-east-Jerusalem?ref=factcheckcenter.jp#:~:text=an%20UNRWA%20school%20in%20Al%20Maghazi%20refugee%20camp%20in%20the%20middle%20area%20of%20Gaza%2C%20sheltering%20some%204%2C000%20displaced%20people%2C%20was%20hit.%20As%20a%20result%2C%20eight%20people%20were%20killed%20and%2040%20injured%2C%20including%20three%20UNRWA%20staff.%C2%A0 https://twitter.com/i/status/1714309202955428169 https://www.unrwa.org/newsroom/official-statements/gaza-unrwa-school-sheltering-displaced-families-hit https://jp.reuters.com/article/israeli-palestinians-unrwa-idAFKBN31H1TY https://twitter.com/TreyYingst https://twitter.com/i/status/1717904544137363778 https://twitter.com/i/status/1718650006888997233 https://www.reuters.com/graphics/ISRAEL-PALESTINIANS/MAPS/movajdladpa/?ref=factcheckcenter.jp#israeli-military-orders-gazans-to-leave-northern-half-of-territory https://www.foxnews.com/world/hamas-preventing-gaza-residents-fleeing-to-safety-palestinian-activist?ref=factcheckcenter.jp#:~:text=Palestinians%20walk%20amid%20the%20rubble%20of%20destroyed%20and%20damaged%20building%20in%20the%20heavily%20bombarded%20city%20center%20of%20Khan%20Yunis%20in%20the%20southern%20Gaza%20Strip%20following%20overnight%20Israeli%20shelling%2C%20on%20October%2010%2C%202023.%C2%A0%20(Photo%20by%20Said%20Khatib/AFP%20via%20Getty%20Images) https://twitter.com/i/status/1713065991511388610 https://www.bbc.com/japanese/features-and-analysis-67142082 https://www.yomiuri.co.jp/world/20231020-OYT1T50135/?ref=factcheckcenter.jp#r1 https://www3.nhk.or.jp/news/html/20231026/k10014237261000.html?ref=factcheckcenter.jp#amp_tf=%251%24s%20%E3%82%88%E3%82%8A&aoh=16985951461611&referrer=https%3A%2F%2Fwww.google.com&share=https%3A%2F%2Fwww3.nhk.or.jp%2Fnews%2Fhtml%2F20231026%2Fk10014237261000.html:~:text=%E3%80%8C%E5%8D%97%E9%83%A8%E3%81%AB%E9%81%BF%E9%9B%A3%E3%81%97%E3%82%8D%E3%81%A8%E3%81%84%E3%81%86%E8%AD%A6%E5%91%8A%E3%81%AF%E7%9F%A5%E3%81%A3%E3%81%A6%E3%81%84%E3%81%BE%E3%81%99%E3%80%82%E3%81%97%E3%81%8B%E3%81%97%E5%8D%97%E9%83%A8%E3%81%AB%E3%82%82%E7%A9%BA%E7%88%86%E3%81%8C%E3%81%82%E3%82%8A%E3%80%81%E5%AE%89%E5%85%A8%E3%81%8C%E7%A2%BA%E4%BF%9D%E3%81%95%E3%82%8C%E3%81%A6%E3%81%84%E3%81%AA%E3%81%84%E3%82%93%E3%81%A7%E3%81%99%E3%80%82%E3%81%A9%E3%81%93%E3%81%8C%E5%AE%89%E5%85%A8%E3%81%AA%E3%81%AE%E3%81%8B%E6%83%85%E5%A0%B1%E3%81%8C%E7%84%A1%E3%81%8F%E3%80%81%E5%B1%85%E5%A0%B4%E6%89%80%E3%82%82%E3%81%AA%E3%81%8F%E3%80%81%E3%81%A9%E3%81%93%E3%82%92%E9%A0%BC%E3%81%A3%E3%81%9F%E3%82%89%E3%81%84%E3%81%84%E3%81%8B%E5%88%86%E3%81%8B%E3%82%8A%E3%81%BE%E3%81%9B%E3%82%93%E3%80%82%E5%AE%9F%E9%9A%9B%E3%81%AE%E3%81%A8%E3%81%93%E3%82%8D%E8%A1%8C%E3%81%91%E3%81%AA%E3%81%84%E3%82%93%E3%81%A7%E3%81%99%E3%80%8D https://www.cnn.co.jp/world/35210343.html https://www.reuters.com/world/middle-east/why-is-israel-attacking-south-gaza-after-telling-people-go-there-2023-10-25/ https://www.unrwa.org/newsroom/official-statements/gaza-strip-four-unrwa-shelters-damaged-less-24-hours https://www.unrwa.org/newsroom/official-statements/gaza-strip-four-unrwa-shelters-damaged-less-24-hours?ref=factcheckcenter.jp#:~:text=Further%20south%2C%20two%20schools%2Dturned%2Dshelters%20in%20the%20Al%20Bureij%20Refugee%20Camp%20were%20hit.%20Two%20people%20were%20reportedly%20killed%20and%2031%20injured https://twitter.com/i/status/1720164234015715570,True,イスラエル軍は「ガザ地区全域の軍事目標を攻撃した」と発表しており、北部の退避区域より南の難民キャンプでも運営側の国連職員を含めて死者が出ている。したがって、イスラエル・パレスチナの武力衝突に関連し、ガザ南部の退避地域にイスラエル軍の空爆は行われているという言説は正しいと判定した。,0,-,-,-,-,-,-,-,-,-,-,-,-,0,-,-,-,-,-
141,https://www.factcheckcenter.jp/fact-check/international/ai-generated-image-of-man-rescuing-children-from-rubble/,2023/11/7,誤り,国際,https://x.com/i/status/1718262759249326313,画像1,投稿された画像は、2023年10月のイスラエル・パレスチナでの武力衝突のなか、男性が子どもたちを救出したものである。,https://factcheck.afp.com/doc.afp.com.33ZJ8WU,投稿された画像は、2023年10月のイスラエル・パレスチナでの武力衝突のなか、男性が子どもたちを救出したとされるものだが、フェイク画像である。,False,False,なし https://factcheck.afp.com/doc.afp.com.33ZJ8WU,False,国内外のソーシャルメディアで大きく拡散したが、AI特有の不自然な描写があり、画像は誤りと判定した。,1,True,True,True,-,-,-,-,-,-,-,-,-,0,-,-,-,NA,True
142,https://www.factcheckcenter.jp/fact-check/international/ai-generated-image-of-man-rescuing-children-from-rubble/,2023/11/7,誤り,国際,https://x.com/i/status/1718262759249326313,画像1,投稿された画像は、2023年10月のイスラエル・パレスチナでの武力衝突のなか、男性が子どもたちを救出したとされるものですが、フェイク画像です。,https://factcheck.afp.com/doc.afp.com.33ZJ8WU,投稿された画像は、2023年10月のイスラエル・パレスチナでの武力衝突のなか、男性が子どもたちを救出したとされるものだが、フェイク画像である。,False,True,なし https://factcheck.afp.com/doc.afp.com.33ZJ8WU,True,国内外のソーシャルメディアで大きく拡散したが、AI特有の不自然な描写があり、フェイク画像と判定した。したがって、イスラエル・パレスチナでの武力衝突のなか、男性が子どもたちを救出した画像は、フェイク画像という言説は正しいと判定した。,1,True,False,True,-,-,-,-,-,-,-,-,-,0,-,-,-,NA,False
143,https://www.factcheckcenter.jp/fact-check/international/misrepresentation-atletico-madrid-fans-supporting-palestine-image/,2023/11/7,誤り,国際,https://x.com/i/status/1714606965609939197,画像1,投稿された画像は、スペインのサッカーチーム「アトレティコ・マドリード」のサポーターが、スタジアムでパレスチナの旗を掲げている様子である。,https://www.boomlive.in/fact-check/atletico-madrid-supports-palestine-israel-hamas-ai-image-fact-check-23406?infinitescroll=1,投稿された画像は、スペインのサッカーチーム「アトレティコ・マドリード」のサポーターが、スタジアムでパレスチナの旗を掲げている様子であるように見えせているフェイク画像である。,False,False,なし https://www.boomlive.in/fact-check/atletico-madrid-supports-palestine-israel-hamas-ai-image-fact-check-23406?infinitescroll=1,False,X上で大きく拡散したが、AI特有の不自然な描写があり、画像は誤りと判定した。,1,True,True,True,-,-,-,-,-,-,-,-,-,0,-,-,-,NA,True
144,https://www.factcheckcenter.jp/fact-check/international/misrepresentation-atletico-madrid-fans-supporting-palestine-image/,2023/11/7,誤り,国際,https://x.com/i/status/1714606965609939197,画像1,投稿された画像は、スペインのサッカーチーム「アトレティコ・マドリード」のサポーターが、スタジアムでパレスチナの旗を掲げている様子であるように見えせているフェイク画像である。,https://www.boomlive.in/fact-check/atletico-madrid-supports-palestine-israel-hamas-ai-image-fact-check-23406?infinitescroll=1,投稿された画像は、スペインのサッカーチーム「アトレティコ・マドリード」のサポーターが、スタジアムでパレスチナの旗を掲げている様子であるように見えせているフェイク画像である。,False,True,なし https://www.boomlive.in/fact-check/atletico-madrid-supports-palestine-israel-hamas-ai-image-fact-check-23406?infinitescroll=1,True,X上で大きく拡散したが、AI特有の不自然な描写があり、画像は誤りと判定した。,1,True,False,True,-,-,-,-,-,-,-,-,-,0,-,-,-,NA,False
145,https://www.factcheckcenter.jp/fact-check/international/incorrect-information-on-changing-registry-based-on-gender-identity-without-surgery/,2023/11/10,誤り,国際,https://x.com/i/status/1717602451769967043,"テキスト,動画1",投稿された動画における、パレスチナ人ブロガーと入院中のパレスチナ人は同一人物で、けが人を装っている。,https://palsolidarity.org/2023/08/palestinian-child-looses-his-leg-after-israeli-occupation-invades-nur-shams-camp/,投稿された動画における、パレスチナ人ブロガーと入院中のパレスチナ人は別人だ。,True,False,https://palsolidarity.org/2023/08/palestinian-child-looses-his-leg-after-israeli-occupation-invades-nur-shams-camp/,False,ガザの空爆を記録した男性と入院中の男性は別人で、同一人物ではない。「昨日」と表示された動画はガザ空爆よりも数カ月前に撮影されており、「1日で回復」でもない。以上から言説は誤り。,0,-,-,-,-,-,-,-,-,-,-,-,-,1,False,True,False,True,True
146,https://www.factcheckcenter.jp/fact-check/international/incorrect-information-on-changing-registry-based-on-gender-identity-without-surgery/,2023/11/10,誤り,国際,https://x.com/i/status/1717602451769967043,"テキスト,動画1",投稿された動画における、パレスチナ人ブロガーと入院中のパレスチナ人は別人だ。,https://palsolidarity.org/2023/08/palestinian-child-looses-his-leg-after-israeli-occupation-invades-nur-shams-camp/,投稿された動画における、パレスチナ人ブロガーと入院中のパレスチナ人は別人だ。,True,True,https://palsolidarity.org/2023/08/palestinian-child-looses-his-leg-after-israeli-occupation-invades-nur-shams-camp/,True,ガザの空爆を記録した男性と入院中の男性は別人で、同一人物ではない。「昨日」と表示された動画はガザ空爆よりも数カ月前に撮影されており、「1日で回復」でもない。以上からガザの空爆を記録したパレスチナ人ブロガーと入院中のパレスチナ人は別人であるという言説は正しいと判定した。,0,-,-,-,-,-,-,-,-,-,-,-,-,1,False,False,False,True,False
147,https://www.factcheckcenter.jp/fact-check/international/ai-generated-israeli-camping-tents-image/,2023/11/13,誤り,国際,https://x.com/i/status/1716341254517313952,"テキスト,画像1",投稿された画像は、2023年10月のイスラエル・パレスチナの武力衝突に関連して、「イスラエル人が戦火の中、仮設テントで避難生活を始めた」様子の画像である。,https://www.thequint.com/news/webqoof/ai-generated-image-shared-as-tent-camp-for-displaced-israeli-citizens-fact-check#read-more,投稿された画像は、2023年10月のイスラエル・パレスチナの武力衝突に関連して、「イスラエル人が戦火の中、仮設テントで避難生活を始めた」様子を映しだしたフェイク画像である。,False,False,https://www.verifythis.com/article/news/verify/israel-hamas-war/no-this-image-doesnt-show-a-real-tent-city-for-displaced-israelis-it-was-created-with-ai/536-12075e1c-502b-4e02-aa2c-0303c4290df1 https://www.thequint.com/news/webqoof/ai-generated-image-shared-as-tent-camp-for-displaced-israeli-citizens-fact-check#read-more https://www.thequint.com/news/webqoof/ai-generated-image-shared-as-tent-camp-for-displaced-israeli-citizens-fact-check#read-more,False,画像に使われている旗や群衆の姿、画面奥のテントのように見える物体の造形などから、AIによって生成された「偽画像」だと判定した。,1,True,True,True,-,-,-,-,-,-,-,-,-,0,-,-,-,NA,True
148,https://www.factcheckcenter.jp/fact-check/international/ai-generated-israeli-camping-tents-image/,2023/11/13,誤り,国際,https://x.com/i/status/1716341254517313952,"テキスト,画像1",投稿された画像は、2023年10月のイスラエル・パレスチナの武力衝突に関連して、「イスラエル人が戦火の中、仮設テントで避難生活を始めた」様子を映しだしたフェイク画像である。,https://www.thequint.com/news/webqoof/ai-generated-image-shared-as-tent-camp-for-displaced-israeli-citizens-fact-check#read-more,投稿された画像は、2023年10月のイスラエル・パレスチナの武力衝突に関連して、「イスラエル人が戦火の中、仮設テントで避難生活を始めた」様子を映しだしたフェイク画像である。,False,True,https://www.verifythis.com/article/news/verify/israel-hamas-war/no-this-image-doesnt-show-a-real-tent-city-for-displaced-israelis-it-was-created-with-ai/536-12075e1c-502b-4e02-aa2c-0303c4290df1 https://www.thequint.com/news/webqoof/ai-generated-image-shared-as-tent-camp-for-displaced-israeli-citizens-fact-check#read-more https://www.thequint.com/news/webqoof/ai-generated-image-shared-as-tent-camp-for-displaced-israeli-citizens-fact-check#read-more,True,画像に使われている旗や群衆の姿、画面奥のテントのように見える物体の造形などから、AIによって生成された「偽画像」だと判定した。したがって、正しいと判定した。,1,True,False,True,-,-,-,-,-,-,-,-,-,0,-,-,-,NA,False
149,https://www.factcheckcenter.jp/fact-check/international/misinformation-doctor-allegedly-complaining-about-damage-palestinian-hospital/,2023/11/22,誤り,国際,https://x.com/i/status/1723364923290374566,"テキスト,動画1",2023年11月12日にパレスチナの病院で被害を訴えている動画に登場する医師は、イスラエルの女優Hannah Abutbulである。,https://x.com/i/status/1724635731417616680,2023年11月12日にパレスチナの病院で被害を訴えている動画に登場する医師と、イスラエルの女優Hannah Abutbulは別人である。,False,False,https://www.instagram.com/p/CzqeC49oVqK/ https://x.com/i/status/1724635731417616680,False,本人や所属元の公式アカウントが否定し、複数の記者が別人だと報告している。よって誤りと判定した。,0,-,-,-,-,-,-,-,-,-,-,-,-,1,False,True,False,True,True
150,https://www.factcheckcenter.jp/fact-check/international/misinformation-doctor-allegedly-complaining-about-damage-palestinian-hospital/,2023/11/22,誤り,国際,https://x.com/i/status/1723364923290374566,"テキスト,動画1",2023年11月12日にパレスチナの病院で被害を訴えている動画に登場する医師と、イスラエルの女優Hannah Abutbulは別人である。,https://x.com/i/status/1724635731417616680,2023年11月12日にパレスチナの病院で被害を訴えている動画に登場する医師と、イスラエルの女優Hannah Abutbulは別人である。,False,True,https://www.instagram.com/p/CzqeC49oVqK/ https://x.com/i/status/1724635731417616680,True,本人や所属元の公式アカウントが否定し、複数の記者が別人だと報告している。よってパレスチナの病院で被害を訴えている動画の医師は、イスラエルの女優ではないという言説は正しいと判定した。,0,-,-,-,-,-,-,-,-,-,-,-,-,1,False,True,False,True,True
151,https://www.factcheckcenter.jp/fact-check/international/misinformation-doctor-allegedly-complaining-about-damage-palestinian-hospital/,2023/11/22,誤り,国際,https://x.com/i/status/1724235781676343506,"テキスト,画像1",2023年11月12日投稿された、パレスチナの病院で被害を訴えている動画に登場する医師は、イスラエルの女優Hannah Abutbulである。,https://x.com/i/status/1724635731417616680,2023年11月12日投稿された、パレスチナの病院で被害を訴えている動画に登場する医師は、イスラエルの女優Hannah Abutbulとは別人である。,False,False,https://www.instagram.com/p/CzqeC49oVqK/ https://x.com/i/status/1724635731417616680,False,本人や所属元の公式アカウントが否定し、複数の記者が別人だと報告している。よって誤りと判定した。,1,True,True,False,-,-,-,-,-,-,-,-,-,0,-,-,-,True,True
152,https://www.factcheckcenter.jp/fact-check/international/misinformation-doctor-allegedly-complaining-about-damage-palestinian-hospital/,2023/11/22,誤り,国際,https://x.com/i/status/1724235781676343506,"テキスト,画像1",2023年11月12日投稿された、パレスチナの病院で被害を訴えている動画に登場する医師は、イスラエルの女優Hannah Abutbulとは別人である。,https://x.com/i/status/1724635731417616680,2023年11月12日投稿された、パレスチナの病院で被害を訴えている動画に登場する医師は、イスラエルの女優Hannah Abutbulとは別人である。,False,True,https://www.instagram.com/p/CzqeC49oVqK/ https://x.com/i/status/1724635731417616680,True,本人や所属元の公式アカウントが否定し、複数の記者が別人だと報告している。よってパレスチナの病院で被害を訴えている動画の医師は、イスラエルの女優ではないという言説は正しいと判定した。,1,True,False,False,-,-,-,-,-,-,-,-,-,0,-,-,-,True,False
153,https://www.factcheckcenter.jp/fact-check/politics/abe-return-vaccine-ivermectin-citizens/,2023/12/14,誤り,政治,https://x.com/i/status/1724721154638877149,"テキスト,画像1",安倍晋三元首相が、2020年9月までの首相在任期間中に国民にイベルメクチンを投与した。,https://news.web.nhk/newsweb/na/na-k10013838301000,2022年9月26日、感染症の特効薬「イベルメクチン」について、新型コロナ患者に投与しても、有効性が見られなかったとする治験の結果を製薬会社「興和」が発表した。,True,False,https://www.cov19-vaccine.mhlw.go.jp/qa/0067.html https://www.mhlw.go.jp/stf/seisakunitsuite/bunya/vaccine_tmmiawase.html https://www3.nhk.or.jp/news/html/20220926/k10013838301000.html,False,言説には複数の誤りがある。日本政府の対応としても、ワクチン返送、イベルメクチンの投与はしていない。,1,True,False,False,-,-,-,-,-,-,-,-,-,0,-,-,-,True,False
154,https://www.factcheckcenter.jp/fact-check/politics/abe-return-vaccine-ivermectin-citizens/,2023/12/14,誤り,政治,https://x.com/i/status/1724721154638877149,"テキスト,画像1",安倍晋三元首相が、2020年9月までの首相在任期間中に国民にイベルメクチンを投与していない。,https://news.web.nhk/newsweb/na/na-k10013838301000,2022年9月26日、感染症の特効薬「イベルメクチン」について、新型コロナ患者に投与しても、有効性が見られなかったとする治験の結果を製薬会社「興和」が発表した。,True,True,https://www.cov19-vaccine.mhlw.go.jp/qa/0067.html https://www.mhlw.go.jp/stf/seisakunitsuite/bunya/vaccine_tmmiawase.html https://www3.nhk.or.jp/news/html/20220926/k10013838301000.html,True,日本政府の対応としても、ワクチン返送、イベルメクチンの投与はしていない。ので正しい。,1,True,True,False,-,-,-,-,-,-,-,-,-,0,-,-,-,True,True
155,https://www.factcheckcenter.jp/fact-check/international/germany-demo-incorrect-islamic-law-ruled-autonomous-zone-isis-flag-video/,2023/12/20,誤り,国際,https://x.com/i/status/1720507252656791885,"テキスト,動画1",投稿された動画は、2023年に発生したイスラエル・パレスチナでの武力衝突に関連したドイツ国内のデモの様子であり、「イスラム法によって統治する自治区の要求」や「イスラム国の旗掲揚」が見られる。,https://www1.wdr.de/nachrichten/ruhrgebiet/essen-demo-polizei-100.html,2023年に発生したイスラエル・パレスチナでの武力衝突に関連したドイツ国内のデモの中で、イスラム法によって統治する自治区を認めろという要求やイスラム国の旗を掲げることはなかった。,True,False,https://www1.wdr.de/nachrichten/ruhrgebiet/essen-demo-polizei-100.html,False,拡散した動画では「（ドイツ国内で）イスラム法で統治された自治区を認めろ」という要求は確認できない。動画内でデモ参加者がイスラム国の旗を掲げていることも確認できず、現地警察による捜査でも、ISISによく似たシンボルを使っていたというコメントはあるが、旗そのものは見つかっていない。よって、「（動画）ドイツ国内、イスラム法で統治された自治区を認めろと要求するデモ、イスラム国の旗も」は誤りと判定した。,0,-,-,-,-,-,-,-,-,-,-,-,-,1,False,True,False,True,True
156,https://www.factcheckcenter.jp/fact-check/international/germany-demo-incorrect-islamic-law-ruled-autonomous-zone-isis-flag-video/,2023/12/20,誤り,国際,https://x.com/i/status/1720507252656791885,"テキスト,動画1",投稿された動画は、2023年に発生したイスラエル・パレスチナでの武力衝突に関連したドイツ国内のデモを写した動画だが、「イスラム法によって統治する自治区を認めろという要求やイスラム国の旗を掲げる」描写は、フェイクである。,https://www1.wdr.de/nachrichten/ruhrgebiet/essen-demo-polizei-100.html,投稿された動画は、2023年に発生したイスラエル・パレスチナでの武力衝突に関連したドイツ国内のデモを写した動画だが、「イスラム法によって統治する自治区を認めろという要求やイスラム国の旗を掲げる」描写は、フェイクである。,True,True,https://www1.wdr.de/nachrichten/ruhrgebiet/essen-demo-polizei-100.html,True,拡散した動画では「（ドイツ国内で）イスラム法で統治された自治区を認めろ」という要求は確認できない。動画内でデモ参加者がイスラム国の旗を掲げていることも確認できず、現地警察による捜査でも、ISISによく似たシンボルを使っていたというコメントはあるが、旗そのものは見つかっていないので、正しい。,0,-,-,-,-,-,-,-,-,-,-,-,-,1,False,False,False,True,False
157,https://www.factcheckcenter.jp/fact-check/international/japan-removing-hamas-taliban-terrorism-list-incorrect-criteria-change/,2023/12/22,不正確,国際,https://x.com/i/status/1729518819176235190,テキスト,2023年、日本は、ハマスやタリバンをテロ組織ではないとして、「国際テロリズム要覧２０２３」の「世界のテロ・武装組織等」からハマスやタリバンをはずした。,https://www.moj.go.jp/psia/ITH/index.html,2023年、日本は、「国際テロリズム要覧２０２３」の「世界のテロ・武装組織等」に安保理テロ制裁委員会が指定した63団体のみを掲示したことからハマスやタリバンが外れたが、政府の立場について誤解を一部招いたことから、当該ページを削除し、「国際テロリズム要覧２０２２」を参照するよう求めている。,False,False,https://www.moj.go.jp/psia/ITH/index.html https://www.moj.go.jp/psia/ITH/menace/index.html https://www.youtube.com/live/0MqFaqGsMxY?t=9259s,NEI,ハマスやタリバンが「国際テロリズム要覧2023」のリストに掲載されていないことは事実だ。だが掲載基準の変更によるもので、テロ組織として日本の資産凍結対象であることに変わりはなく、他の資料には今もテロ組織として明示されている。また、要覧の再検討もなされている。したがって、「日本がハマスやタリバンをテロ組織のリストからはずした」はミスリーディングであり、不正確と判定した。,1,False,True,False,-,-,-,-,-,-,-,-,-,0,-,-,-,-,-
158,https://www.factcheckcenter.jp/fact-check/international/japan-removing-hamas-taliban-terrorism-list-incorrect-criteria-change/,2023/12/22,不正確,国際,https://x.com/i/status/1729518819176235190,テキスト,2023年、日本は、「国際テロリズム要覧２０２３」の「世界のテロ・武装組織等」に安保理テロ制裁委員会が指定した63団体のみを掲示したことからハマスやタリバンが外れたが、政府の立場について誤解を一部招いたことから、当該ページを削除し、「国際テロリズム要覧２０２２」を参照するよう求めている。,https://www.moj.go.jp/psia/ITH/index.html,2023年、日本は、「国際テロリズム要覧２０２３」の「世界のテロ・武装組織等」に安保理テロ制裁委員会が指定した63団体のみを掲示したことからハマスやタリバンが外れたが、政府の立場について誤解を一部招いたことから、当該ページを削除し、「国際テロリズム要覧２０２２」を参照するよう求めている。,False,True,https://www.moj.go.jp/psia/ITH/index.html https://www.moj.go.jp/psia/ITH/menace/index.html https://www.youtube.com/live/0MqFaqGsMxY?t=9259s,True,ハマスやタリバンがテロ組織として日本の資産凍結対象であることに変わりはなく、今もテロ組織として明示されているので、正しい。,1,False,True,False,-,-,-,-,-,-,-,-,-,0,-,-,-,-,-
159,https://www.factcheckcenter.jp/fact-check/disasters/noto-peninsula-earthquake-false-claims/,2024/1/3,誤り,災害,https://x.com/i/status/1741771655695987037,"テキスト,動画1",投稿された動画は、2024年1月1日午後4時10分に発生した能登半島地震が人工地震である証拠の動画である。,https://www.afpbb.com/articles/-/3352696,投稿された動画は、アメリカ海軍が2021年6月18日に新型空母「ジェラルド・R・フォード（USS Gerald R. Ford）」の耐衝撃性能試験を開始し、至近距離で大量の爆薬を爆発させた動画である。,True,False,https://www.afpbb.com/articles/-/3352696 https://www.cbsnews.com/news/uss-gerald-ford-shock-trials-earthquake-florida/ https://www.factcheckcenter.jp/fact-check/disasters/incorrect-claim-mie-prefecture-southeast-offshore-earthquake-True/ https://www.factcheckcenter.jp/fact-check/disasters/True-earthquake-theory-debunked-experts-explain/,False,2024年1月1日に発生した能登半島地震の津波だとする映像や人工地震だと主張する動画は、いずれも過去の映像や無関係な映像を使ったもので誤り。,0,-,-,-,-,-,-,-,-,-,-,-,-,1,False,True,False,True,True
160,https://www.factcheckcenter.jp/fact-check/disasters/noto-peninsula-earthquake-false-claims/,2024/1/3,誤り,災害,https://x.com/i/status/1741771655695987037,"テキスト,動画1",投稿された動画は、アメリカ海軍が2021年6月18日に新型空母「ジェラルド・R・フォード（USS Gerald R. Ford）」の耐衝撃性能試験を開始し、至近距離で大量の爆薬を爆発させた動画である。,https://www.afpbb.com/articles/-/3352696,投稿された動画は、アメリカ海軍が2021年6月18日に新型空母「ジェラルド・R・フォード（USS Gerald R. Ford）」の耐衝撃性能試験を開始し、至近距離で大量の爆薬を爆発させた動画である。,True,True,https://www.afpbb.com/articles/-/3352696 https://www.cbsnews.com/news/uss-gerald-ford-shock-trials-earthquake-florida/ https://www.factcheckcenter.jp/fact-check/disasters/incorrect-claim-mie-prefecture-southeast-offshore-earthquake-True/ https://www.factcheckcenter.jp/fact-check/disasters/True-earthquake-theory-debunked-experts-explain/,True,この映像は、2021年6月、米海軍の空母「ジェラルド・R・フォード」の耐衝撃性能試験（近くで爆発を起こし攻撃を受けた時に対する被害や強度を測る）を撮影したもので、AFPやCBSのニュース映像でも確認できる。,0,-,-,-,-,-,-,-,-,-,-,-,-,1,False,False,False,True,False
161,https://www.factcheckcenter.jp/fact-check/disasters/yamazaki-pan-full-of-additives-carrying-bread-for-population-reduction/,2024/1/10,誤り,災害,https://twitter.com/i/status/1742558602617852122,"テキスト,画像1",ヤマザキパンには国の安全性基準値を上回る過剰な食品添加物が含まれている。,https://www.yamazakipan.co.jp/oshirase/0326_page.html,ヤマザキパンには国が科学的根拠をもってその安全性を評価している食品添加物が含まれている。,True,False,https://www.mhlw.go.jp/stf/seisakunitsuite/bunya/kenkou_iryou/shokuhin/syokuten/index.html https://www.yamazakipan.co.jp/oshirase/0326_page.html https://archive.md/Vf6ih https://archive.md/gQ8hQ https://www.yamazakipan.co.jp/oshirase/index2.html?ref=factcheckcenter.jp#q3 https://www.yamazakipan.co.jp/oshirase/0225_page.html,False,山崎製パンは国が科学的根拠をもって安全性を評価している食品添加物を使っている。よって「ヤマザキパンは添加物だらけ、人口削減のためにパンを運んでいる」は誤り。,1,True,False,False,-,-,-,-,-,-,-,-,-,0,-,-,-,-,-
162,https://www.factcheckcenter.jp/fact-check/disasters/yamazaki-pan-full-of-additives-carrying-bread-for-population-reduction/,2024/1/10,誤り,災害,https://twitter.com/i/status/1742558602617852122,"テキスト,画像1",ヤマザキパンには国が科学的根拠をもってその安全性を評価している食品添加物が含まれている。,https://www.yamazakipan.co.jp/oshirase/0326_page.html,ヤマザキパンには国が科学的根拠をもってその安全性を評価している食品添加物が含まれている。,True,True,https://www.mhlw.go.jp/stf/seisakunitsuite/bunya/kenkou_iryou/shokuhin/syokuten/index.html https://www.yamazakipan.co.jp/oshirase/0326_page.html https://archive.md/Vf6ih https://archive.md/gQ8hQ https://www.yamazakipan.co.jp/oshirase/index2.html?ref=factcheckcenter.jp#q3 https://www.yamazakipan.co.jp/oshirase/0225_page.html,True,山崎製パンは国が科学的根拠をもって安全性を評価している食品添加物を使っている。,1,True,False,False,-,-,-,-,-,-,-,-,-,0,-,-,-,-,-
163,https://www.factcheckcenter.jp/fact-check/disasters/verification-of-criticism-spreading-in-the-noto-peninsula-earthquake/,2024/1/13,-,災害,https://x.com/i/status/1741725517169168683,テキスト,2024年1月1日の能登半島地震において、取材用ヘリコプターの騒音が救助者発見の障害となっている。,https://www.bousai.go.jp/kyoiku/kyokun/hanshin_awaji/data/detail/1-4-1.html,1995年1月17日の阪神・淡路大震災において、取材ヘリコプターの騒音が救助者発見の障害となった。,NA,False,https://www.bousai.go.jp/kyoiku/kyokun/hanshin_awaji/data/detail/1-4-1.html https://j-ba.or.jp/category/broadcasting/jba100949 https://www.pressnet.or.jp/statement/report/650714_106.html https://www3.nhk.or.jp/news/special/note/article/20210430.html,NEI,大きな災害や事故では、上空からの状況を知らせるために報道ヘリが飛びます。その全てについて救助の妨げになっているかを確認することは困難です。,0,-,-,-,-,-,-,-,-,-,-,-,-,0,-,-,-,-,-
164,https://www.factcheckcenter.jp/fact-check/disasters/verification-of-criticism-spreading-in-the-noto-peninsula-earthquake/,2024/1/13,-,災害,https://x.com/i/status/1741725517169168683,テキスト,1995年1月17日の阪神・淡路大震災において、取材ヘリコプターの騒音が救助者発見の障害となった。,https://www.bousai.go.jp/kyoiku/kyokun/hanshin_awaji/data/detail/1-4-1.html,1995年1月17日の阪神・淡路大震災において、取材ヘリコプターの騒音が救助者発見の障害となった。,NA,True,https://www.bousai.go.jp/kyoiku/kyokun/hanshin_awaji/data/detail/1-4-1.html https://j-ba.or.jp/category/broadcasting/jba100949 https://www.pressnet.or.jp/statement/report/650714_106.html https://www3.nhk.or.jp/news/special/note/article/20210430.html,True,大きな災害や事故では、上空からの状況を知らせるために報道ヘリが飛びます。その全てについて救助の妨げになっているかを確認することは困難です。,0,-,-,-,-,-,-,-,-,-,-,-,-,0,-,-,-,-,-
165,https://www.factcheckcenter.jp/fact-check/disasters/false-uplifted-sea-block-noto-earthquake/,2024/1/17,誤り,災害,https://twitter.com/i/status/1746114096473444368,"テキスト,画像1",画像は、2024年1月1日能登半島地震による沿岸部の海底隆起により、汀線部障害と化した消波ブロックである。,https://x.com/i/status/1303172562185195520,画像は、2021年8月に北海道で陸上自衛隊の演習用に置かれた消波ブロックである。,True,False,https://x.com/i/status/1303172562185195520,False,拡散した消波ブロックの画像は、北海道での自衛隊の演習用に置かれたもので、隆起の影響によるものではない。したがって、誤り。,1,False,True,False,-,-,-,-,-,-,-,-,-,0,-,-,-,True,True
166,https://www.factcheckcenter.jp/fact-check/disasters/false-uplifted-sea-block-noto-earthquake/,2024/1/17,誤り,災害,https://twitter.com/i/status/1746114096473444368,"テキスト,画像1",画像は、2021年8月に北海道で陸上自衛隊の演習用に置かれた消波ブロックである。,https://x.com/i/status/1303172562185195520,画像は、2021年8月に北海道で陸上自衛隊の演習用に置かれた消波ブロックである。,True,True,https://x.com/i/status/1303172562185195520,True,拡散した消波ブロックの画像は、北海道での自衛隊の演習用に置かれたもので、隆起の影響によるものではない。,1,False,False,False,-,-,-,-,-,-,-,-,-,0,-,-,-,True,False
167,https://www.factcheckcenter.jp/fact-check/disasters/inaccurate-government-loan-20k-noto-earthquake/,2024/1/17,不正確,災害,https://twitter.com/i/status/1745396083147346243,テキスト,2024年1月1日能登半島地震における政府の被災者への貸付が20万円のみである。,https://www.bousai.go.jp/updates/r60101notojishin/index.html,2024年1月1日能登半島地震における政府の被災者へは、「生活福祉資金貸付」の20万円だけでなく、住宅を再建する際は支援金や災害弔慰金・災害障害見舞金制度などの様々な支援金や制度がある。,NA,False,https://www.mhlw.go.jp/content/001189112.pdf https://www.bousai.go.jp/pdf/240106_shien_ishikawa.pdf https://www.pref.ishikawa.lg.jp/bousai/bousai_g/hisaisha_shien/chouikin.html https://www.bousai.go.jp/taisaku/hisaisyagyousei/seido.html,False,最大20万円の生活福祉資金貸付のほかにも、住宅の被害状況に応じて様々な支援金や制度がある。よって、「家が崩壊したり、甚大な被害にあった人に、たった20万円じゃ足りない」という言説は不正確（ミスリード）と判定した。,0,-,-,-,-,-,-,-,-,-,-,-,-,0,-,-,-,-,-
168,https://www.factcheckcenter.jp/fact-check/disasters/inaccurate-government-loan-20k-noto-earthquake/,2024/1/17,不正確,災害,https://twitter.com/i/status/1745396083147346243,テキスト,2024年1月1日能登半島地震の被災者に対しては、最大20万円の生活福祉資金貸付のほかにも、住宅の被害状況に応じて様々な支援金や制度がある。,https://www.bousai.go.jp/updates/r60101notojishin/index.html,2024年1月1日能登半島地震における政府の被災者へは、「生活福祉資金貸付」の20万円だけでなく、住宅を再建する際は支援金や災害弔慰金・災害障害見舞金制度などの様々な支援金や制度がある。,NA,True,https://www.mhlw.go.jp/content/001189112.pdf https://www.bousai.go.jp/pdf/240106_shien_ishikawa.pdf https://www.pref.ishikawa.lg.jp/bousai/bousai_g/hisaisha_shien/chouikin.html https://www.bousai.go.jp/taisaku/hisaisyagyousei/seido.html,True,最大20万円の生活福祉資金貸付のほかにも、住宅の被害状況に応じて様々な支援金や制度がある。よって、「家が崩壊したり、甚大な被害にあった人に、たった20万円じゃ足りない」という言説は不正確（ミスリード）と判定した。,0,-,-,-,-,-,-,-,-,-,-,-,-,0,-,-,-,-,-
169,https://www.factcheckcenter.jp/fact-check/disasters/inaccurate_evacuation_to_bill_gates_villa/,2024/1/22,誤り,災害,https://twitter.com/i/status/1745975735913988208,"テキスト,画像1",2024年1月1日能登半島地震において、輪島市で被災した中学生の集団避難先は長野のビルゲイツ別荘か、淡路島である。,https://www.youtube.com/watch?v=oMA7F_4J5XI,2024年1月1日能登半島地震において、輪島市で被災した中学生の集団避難先は、石川県白山市にある施設である。,False,False,https://www3.nhk.or.jp/lnews/kanazawa/20240117/3020018231.html https://www.youtube.com/watch?v=oMA7F_4J5XI,False,輪島市の中学生は公表されている石川県の施設に避難しており、拡散した言説は誤り。,3,False,False,False,False,True,False,False,True,False,-,-,-,0,-,-,-,-,-
170,https://www.factcheckcenter.jp/fact-check/disasters/inaccurate_evacuation_to_bill_gates_villa/,2024/1/22,誤り,災害,https://twitter.com/i/status/1745975735913988208,"テキスト,画像1",2024年1月1日能登半島地震において、輪島市で被災した中学生の集団避難先は、石川県白山市にある施設である。,https://www.youtube.com/watch?v=oMA7F_4J5XI,2024年1月1日能登半島地震において、輪島市で被災した中学生の集団避難先は、石川県白山市にある施設である。,False,True,https://www3.nhk.or.jp/lnews/kanazawa/20240117/3020018231.html https://www.youtube.com/watch?v=oMA7F_4J5XI,True,輪島市の中学生は公表されている石川県の施設に避難している。,3,False,False,False,False,True,False,False,True,False,-,-,-,0,-,-,-,-,-
171,https://www.factcheckcenter.jp/fact-check/international/false-gaza-video-myth-2022/,2024/1/23,誤り,国際,https://twitter.com/i/status/1746713659047367034,"テキスト,動画1",投稿された動画は、2023年10月のイスラム組織ハマスとイスラエルの軍事衝突に関連して、ガザの子供が極度の飢えから地面の草を食べている動画である。,https://www.vishvasnews.com/english/viral/fact-check-the-video-of-a-child-eating-grass-has-nothing-to-do-with-the-recent-food-crisis-in-pakistan-due-to-floods/,投稿された画像は、2022年から世界中で繰り返し拡散されている動画で、2023年10月のイスラム組織ハマスとイスラエルの軍事衝突以前のものである。,True,False,https://m.facebook.com/Tawakal-Bookshop-%D9%85%D9%83%D8%AA%D8%A8%D8%A9-%D8%AA%D9%88%D9%83%D9%84-372526013343624/videos/%D9%88%D8%AA%D9%84%D9%83-%D8%A7%D9%84%D8%A7%D9%8A%D8%A7%D9%85-%D9%86%D8%AF%D8%A7%D9%88%D9%84%D9%87%D8%A7-%D8%A8%D9%8A%D9%86-%D8%A7%D9%84%D9%86%D8%A7%D8%B3/290239569830576/ https://www.youtube.com/watch?v=OVbIRFOA-dA https://www.youtube.com/watch?v=otHxoYohxhw https://www.youtube.com/watch?app=desktop&v=cGsiSPVepLE https://www.vishvasnews.com/english/viral/fact-check-the-video-of-a-child-eating-grass-has-nothing-to-do-with-the-recent-food-crisis-in-pakistan-due-to-floods/ https://www.boomlive.in/fact-check/viral-video-child-eating-grass-palestine-israel-claims-social-media-24109,False,2022年から世界中で繰り返し拡散されている動画で、2023年10月からの今回のイスラエル・パレスチナでの武力衝突とは直接関係がない。したがって誤りと判定した。,0,-,-,-,-,-,-,-,-,-,-,-,-,1,False,True,False,True,True
172,https://www.factcheckcenter.jp/fact-check/international/false-gaza-video-myth-2022/,2024/1/23,誤り,国際,https://twitter.com/i/status/1746713659047367034,"テキスト,動画1",投稿された画像は、2022年から世界中で繰り返し拡散されている動画で、2023年10月のイスラム組織ハマスとイスラエルの軍事衝突以前のものである。,https://www.vishvasnews.com/english/viral/fact-check-the-video-of-a-child-eating-grass-has-nothing-to-do-with-the-recent-food-crisis-in-pakistan-due-to-floods/,投稿された画像は、2022年から世界中で繰り返し拡散されている動画で、2023年10月のイスラム組織ハマスとイスラエルの軍事衝突以前のものである。,True,True,https://m.facebook.com/Tawakal-Bookshop-%D9%85%D9%83%D8%AA%D8%A8%D8%A9-%D8%AA%D9%88%D9%83%D9%84-372526013343624/videos/%D9%88%D8%AA%D9%84%D9%83-%D8%A7%D9%84%D8%A7%D9%8A%D8%A7%D9%85-%D9%86%D8%AF%D8%A7%D9%88%D9%84%D9%87%D8%A7-%D8%A8%D9%8A%D9%86-%D8%A7%D9%84%D9%86%D8%A7%D8%B3/290239569830576/ https://www.youtube.com/watch?v=OVbIRFOA-dA https://www.youtube.com/watch?v=otHxoYohxhw https://www.youtube.com/watch?app=desktop&v=cGsiSPVepLE https://www.vishvasnews.com/english/viral/fact-check-the-video-of-a-child-eating-grass-has-nothing-to-do-with-the-recent-food-crisis-in-pakistan-due-to-floods/ https://www.boomlive.in/fact-check/viral-video-child-eating-grass-palestine-israel-claims-social-media-24109,True,2022年から世界中で繰り返し拡散されている動画で、2023年10月からの今回のイスラエル・パレスチナでの武力衝突とは直接関係がない。したがって正しいと判定した。,0,-,-,-,-,-,-,-,-,-,-,-,-,1,False,False,False,True,False
173,https://www.factcheckcenter.jp/fact-check/health/article-false-vaccine-minister-claim/,2024/1/25,誤り,医療・健康,https://x.com/i/status/1748904401132232895,"テキスト,画像1",2024年1月19日の厚労省定例会見の中で、武見敬三厚生労働大臣が新型コロナウィルスワクチンについて「殺人の証拠は調べません」「危険なロットがあろうが　何人死のうが調べねーよ」と発言した。,https://www.mhlw.go.jp/stf/kaiken/daijin/0000194708_00651.html,2024年1月19日の厚労省定例会見の中で、武見敬三厚生労働大臣は「審議会において、ロット別の副反応数および死亡数、それらの頻度も資料を示している」「現時点で特段の懸念があるとの専門家のご意見はいただいていない」「副反応に関する十分な情報の収集には常に努めるとともに、様々な観点から安全性の評価も行う」と回答した。,False,False,https://x.com/i/status/1748334168537473096 https://www.mhlw.go.jp/stf/kaiken/daijin/0000194708_00651.html,False,武見大臣は「殺人の証拠は調べない」「危険なロットがあろうが　何人死のうが調べねーよ」などと発言していない。よって誤りと判定した。,1,True,False,False,-,-,-,-,-,-,-,-,-,0,-,-,-,NA,False
174,https://www.factcheckcenter.jp/fact-check/health/article-false-vaccine-minister-claim/,2024/1/25,誤り,医療・健康,https://x.com/i/status/1748904401132232895,"テキスト,画像1",2024年1月19日の厚労省定例会見の中で、武見敬三厚生労働大臣は「審議会において、ロット別の副反応数および死亡数、それらの頻度も資料を示している」「現時点で特段の懸念があるとの専門家のご意見はいただいていない」「副反応に関する十分な情報の収集には常に努めるとともに、様々な観点から安全性の評価も行う」と回答した。,https://www.mhlw.go.jp/stf/kaiken/daijin/0000194708_00651.html,2024年1月19日の厚労省定例会見の中で、武見敬三厚生労働大臣は「審議会において、ロット別の副反応数および死亡数、それらの頻度も資料を示している」「現時点で特段の懸念があるとの専門家のご意見はいただいていない」「副反応に関する十分な情報の収集には常に努めるとともに、様々な観点から安全性の評価も行う」と回答した。,False,True,https://x.com/i/status/1748334168537473096 https://www.mhlw.go.jp/stf/kaiken/daijin/0000194708_00651.html,True,武見大臣は「殺人の証拠は調べない」「危険なロットがあろうが　何人死のうが調べねーよ」などと発言していない。,1,True,True,False,-,-,-,-,-,-,-,-,-,0,-,-,-,NA,True
175,https://www.factcheckcenter.jp/fact-check/international/article-false-uprising-against-german-government/,2024/1/29,誤り,国際,https://x.com/i/status/1749659409935163565,"テキスト,動画1",2024年1月21日、22日にあったドイツ政府への国民のデモが、日本では報道されていない。,https://news.tv-asahi.co.jp/news_international/articles/000333687.html,ドイツの現地メディアによると、20日と21日の週末、首都ベルリンや南部最大の都市・ミュンヘンなどドイツ各地で極右政党「ドイツのための選択肢（AfD）」の政策に抗議する大規模なデモがあった。,True,False,https://www.tiktok.com/@spdbt/video/7326606549701414177 https://www.jiji.com/jc/article?k=2024012200565&g=int https://digital.asahi.com/articles/ASS1Q6213S1QUHBI00V.html,False,動画はドイツの極右政党に反対するデモで、政府批判や農家によるデモではない。また、日本の報道各社も報じているため、誤り。,0,-,-,-,-,-,-,-,-,-,-,-,-,1,False,False,False,True,False
176,https://www.factcheckcenter.jp/fact-check/international/article-false-uprising-against-german-government/,2024/1/29,誤り,国際,https://x.com/i/status/1749659409935163565,"テキスト,動画1",2024年1月21日、22日にあったドイツの極右政党に反対する国民のデモは、日本でも報道されている。,https://news.tv-asahi.co.jp/news_international/articles/000333687.html,ドイツの現地メディアによると、20日と21日の週末、首都ベルリンや南部最大の都市・ミュンヘンなどドイツ各地で極右政党「ドイツのための選択肢（AfD）」の政策に抗議する大規模なデモがあった。,True,True,https://www.tiktok.com/@spdbt/video/7326606549701414177 https://www.jiji.com/jc/article?k=2024012200565&g=int https://digital.asahi.com/articles/ASS1Q6213S1QUHBI00V.html,True,動画はドイツの極右政党に反対するデモで、政府批判や農家によるデモではない。また、日本の報道各社も報じている。,0,-,-,-,-,-,-,-,-,-,-,-,-,1,False,False,False,True,False
177,https://www.factcheckcenter.jp/fact-check/international/false_houthi_uk_tanker_destruction_video/,2024/1/31,不正確,国際,https://twitter.com/i/status/1751146688834670781,"テキスト,画像1,画像2,動画1",投稿された動画は、2024年1月にフーシ派がイギリスのタンカーを破壊した動画である。,https://gulftoday.ae/news/2019/09/04/fire-engulfs-sea-vessel-guts-104-vehicles,画像は、UAEのシャルジャ首長国で100台以上の車両を詰んだ船が炎上した画像である。,True,False,https://gulftoday.ae/news/2019/09/04/fire-engulfs-sea-vessel-guts-104-vehicles https://www.sponichi.co.jp/entertainment/news/2018/04/02/kiji/20180402s00041000333000c.html https://nordot.app/438523210201220193 https://www.bloomberg.co.jp/news/articles/2024-01-26/S7VUIRDWX2PS00 https://www.bbc.com/news/world-middle-east-68110358,NEI,動画や画像はフーシ派がイギリスのタンカーを破壊した時のものではない。ただし、フーシ派がタンカーを攻撃した事実はある。したがって不正確と判定する。,2,True,True,False,True,True,False,-,-,-,-,-,-,1,False,True,False,True,True
178,https://www.factcheckcenter.jp/fact-check/international/false_houthi_uk_tanker_destruction_video/,2024/1/31,不正確,国際,https://twitter.com/i/status/1751146688834670781,"テキスト,画像1,画像2,動画1",投稿された動画は、2024年1月にフーシ派がイギリスのタンカーを破壊したフェイク動画である。,https://gulftoday.ae/news/2019/09/04/fire-engulfs-sea-vessel-guts-104-vehicles,画像は、UAEのシャルジャ首長国で100台以上の車両を詰んだ船が炎上した画像である。,True,True,https://gulftoday.ae/news/2019/09/04/fire-engulfs-sea-vessel-guts-104-vehicles https://www.sponichi.co.jp/entertainment/news/2018/04/02/kiji/20180402s00041000333000c.html https://nordot.app/438523210201220193 https://www.bloomberg.co.jp/news/articles/2024-01-26/S7VUIRDWX2PS00 https://www.bbc.com/news/world-middle-east-68110358,True,動画や画像はフーシ派がイギリスのタンカーを破壊した時のものではない。ただし、フーシ派がタンカーを攻撃した事実はある。,2,True,False,False,True,False,False,-,-,-,-,-,-,1,False,False,False,True,False
179,https://www.factcheckcenter.jp/fact-check/international/false-texas-conflict-us/,2024/2/2,誤り,国際,https://twitter.com/i/status/1750882924239405509,"テキスト,画像1",2024年1月24日にテキサス州知事が連合衆国憲法第1条第10節第3項を発動し、州が戒厳令を宣言し、連邦政府を無視して活動できるようにした。,https://gov.texas.gov/uploads/files/press/Border_Statement_1.24.2024.pdf,2024年1月24日テキサス州のアボット知事は、メキシコとの国境の警備や移民をめぐって州独自に自衛権を行使して州境の安全を確保すると声明を出した。,True,False,https://gov.texas.gov/uploads/files/press/Border_Statement_1.24.2024.pdf https://x.com/i/status/1751371006353240444 https://perma.cc/DL3U-RGVU https://www.verifythis.com/article/news/verify/social-media/video-tanks-texas-border-fact-check/536-807af09b-47f0-40bc-b714-5e28205c0e45,False,アメリカの国境警備をめぐって政府を批判するテキサス州が独自に自衛権を行使すると宣言した動きであり、連邦政府と戦争するという内容ではない。その他の投稿の映像も無関係で、誤りと判定した。,1,False,True,False,-,-,-,-,-,-,-,-,-,0,-,-,-,-,-
180,https://www.factcheckcenter.jp/fact-check/international/false-texas-conflict-us/,2024/2/2,誤り,国際,https://twitter.com/i/status/1750882924239405509,"テキスト,画像1",2024年1月24日テキサス州のアボット知事は、メキシコとの国境の警備や移民をめぐって州独自に自衛権を行使して州境の安全を確保すると声明を出した。,https://gov.texas.gov/uploads/files/press/Border_Statement_1.24.2024.pdf,2024年1月24日テキサス州のアボット知事は、メキシコとの国境の警備や移民をめぐって州独自に自衛権を行使して州境の安全を確保すると声明を出した。,True,True,https://gov.texas.gov/uploads/files/press/Border_Statement_1.24.2024.pdf https://x.com/i/status/1751371006353240444 https://perma.cc/DL3U-RGVU https://www.verifythis.com/article/news/verify/social-media/video-tanks-texas-border-fact-check/536-807af09b-47f0-40bc-b714-5e28205c0e45,True,アメリカの国境警備をめぐって政府を批判するテキサス州が独自に自衛権を行使すると宣言した動きであり、連邦政府と戦争するという内容ではない。,1,False,False,False,-,-,-,-,-,-,-,-,-,0,-,-,-,True,False
181,https://www.factcheckcenter.jp/fact-check/health/inaccurate_covid_vaccine_deaths_over_360k_after_start/,2024/2/6,誤り,医療・健康,https://twitter.com/i/status/1717511134079766605,"テキスト,画像1",日本国内でコロナウィルスワクチン接種を始めた2021年5月から2023年10月までの2年半で超過死亡が38万人になる。,https://exdeaths-japan.org/graph/numberof/,日本国内でコロナウィルスワクチン接種を始めた2021年5月から2023年10月までの2年半の超過死亡の大まかな規模感は、7万4810～16万8272人である。,NA,False,https://exdeaths-japan.org/graph/numberof/ https://www.who.int/data/stories/the-true-death-toll-of-covid-19-estimating-global-excess-mortality https://www.mhlw.go.jp/toukei/list/81-1.html https://id-info.jihs.go.jp/ https://www.mhlw.go.jp/stf/shingi2/0000208910_00038.html https://www.mhlw.go.jp/content/10601000/000900468.pdf https://www3.nhk.or.jp/news/html/20230623/k10014107281000.html https://www.asahi.com/articles/DA3S15629410.html https://www.mhlw.go.jp/toukei/saikin/hw/jinkou/kakutei22/,False,（コロナ）ワクチン接種から2年半で超過死亡が38万人は、誤り。感染研が公表する超過死亡の推定と大きく異なり、また、因果関係は特定されていない。,1,True,False,False,-,-,-,-,-,-,-,-,-,0,-,-,-,NA,False
182,https://www.factcheckcenter.jp/fact-check/health/inaccurate_covid_vaccine_deaths_over_360k_after_start/,2024/2/6,誤り,医療・健康,https://twitter.com/i/status/1717511134079766605,"テキスト,画像1",日本国内でコロナウィルスワクチン接種を始めた2021年5月から2023年10月までの2年半の超過死亡の大まかな規模感は、7万4810～16万8272人である。,https://exdeaths-japan.org/graph/numberof/,日本国内でコロナウィルスワクチン接種を始めた2021年5月から2023年10月までの2年半の超過死亡の大まかな規模感は、7万4810～16万8272人である。,NA,True,https://exdeaths-japan.org/graph/numberof/ https://www.who.int/data/stories/the-true-death-toll-of-covid-19-estimating-global-excess-mortality https://www.mhlw.go.jp/toukei/list/81-1.html https://id-info.jihs.go.jp/ https://www.mhlw.go.jp/stf/shingi2/0000208910_00038.html https://www.mhlw.go.jp/content/10601000/000900468.pdf https://www3.nhk.or.jp/news/html/20230623/k10014107281000.html https://www.asahi.com/articles/DA3S15629410.html https://www.mhlw.go.jp/toukei/saikin/hw/jinkou/kakutei22/,True,（コロナ）ワクチン接種から2年半で超過死亡が38万人は、誤り。感染研が公表する超過死亡の推定と大きく異なり、また、因果関係は特定されていない。,1,True,True,False,-,-,-,-,-,-,-,-,-,0,-,-,-,NA,True
183,https://www.factcheckcenter.jp/fact-check/politics/false_prime_minister_kishida__immigration/,2024/2/13,誤り,政治,https://twitter.com/i/status/1756282883302629695,"テキスト,動画1",2023年7月22日令和国民会議（令和臨調）1周年大会で岸田首相は「日本人の割合は10％で残りは移民や不法難民で構わない」と発言した。,https://www.youtube.com/watch?v=POXl6L0tc9s&t=4739s,2023年7月22日令和国民会議（令和臨調）1周年大会で岸田首相は「外国人が90％を占め共生している国もあるが、日本は日本の現実にあった共生社会を考えていく」と発言した。,True,False,https://www.youtube.com/watch?v=POXl6L0tc9s&t=4739s https://www.reiwarincho.jp/news/2023/20230830_002.html https://www.ipss.go.jp/pp-zenkoku/j/zenkoku2023/pp_zenkoku2023.asp,False,「岸田首相が、日本人の割合は10％で残りの90％は移民や不法難民で構わないみたいな発言」という動画は、誤り。動画は岸田首相の発言の一部を編集で切り取ったもの。,0,-,-,-,-,-,-,-,-,-,-,-,-,1,True,False,False,True,False
184,https://www.factcheckcenter.jp/fact-check/politics/false_prime_minister_kishida__immigration/,2024/2/13,誤り,政治,https://twitter.com/i/status/1756282883302629695,"テキスト,動画1",2023年7月22日令和国民会議（令和臨調）1周年大会で岸田首相は「外国人が90％を占め共生している国もあるが、日本は日本の現実にあった共生社会を考えていく」と発言した。,https://www.youtube.com/watch?v=POXl6L0tc9s&t=4739s,2023年7月22日令和国民会議（令和臨調）1周年大会で岸田首相は「外国人が90％を占め共生している国もあるが、日本は日本の現実にあった共生社会を考えていく」と発言した。,True,True,https://www.youtube.com/watch?v=POXl6L0tc9s&t=4739s https://www.reiwarincho.jp/news/2023/20230830_002.html https://www.ipss.go.jp/pp-zenkoku/j/zenkoku2023/pp_zenkoku2023.asp,True,「岸田首相が、日本人の割合は10％で残りの90％は移民や不法難民で構わないみたいな発言」という動画は、誤り。動画は岸田首相の発言の一部を編集で切り取ったもの。,0,-,-,-,-,-,-,-,-,-,-,-,-,1,True,False,False,True,False
185,https://www.factcheckcenter.jp/fact-check/politics/false_future_of_yen_banknotes/,2024/2/15,誤り,政治,https://twitter.com/i/status/1757171904430145933,テキスト,2024年7月の日本銀行券新紙幣発行後に伴って、1〜2年後にはこれまで通用していた一万円、五千円及び千円の日本銀行券は市場で使えなくなる。,https://www.mof.go.jp/policy/currency/bill/230628.html,2024年7月の日本銀行券新紙幣発行後もこれまで通用していた一万円、五千円及び千円の日本銀行券は引き続き通用する。,True,False,https://www.mof.go.jp/policy/currency/bill/230628.html https://www.boj.or.jp/about/education/oshiete/money/c07.htm,False,2024年7月に新紙幣が発行されるのに伴って「1〜2年後には今の諭吉の銀行券を使えなくさせる」という言説が拡散したが、誤り。新しい紙幣が発行された後も、現在使われている紙幣は使うことができる。,1,False,False,False,-,-,-,-,-,-,-,-,-,0,-,-,-,-,-
186,https://www.factcheckcenter.jp/fact-check/politics/false_future_of_yen_banknotes/,2024/2/15,誤り,政治,https://twitter.com/i/status/1757171904430145933,テキスト,2024年7月の日本銀行券新紙幣発行後もこれまで通用していた一万円、五千円及び千円の日本銀行券は引き続き通用する。,https://www.mof.go.jp/policy/currency/bill/230628.html,2024年7月の日本銀行券新紙幣発行後もこれまで通用していた一万円、五千円及び千円の日本銀行券は引き続き通用する。,True,True,https://www.mof.go.jp/policy/currency/bill/230628.html https://www.boj.or.jp/about/education/oshiete/money/c07.htm,True,2024年7月に新紙幣が発行されるのに伴って「1〜2年後には今の諭吉の銀行券を使えなくさせる」という言説が拡散したが、誤り。新しい紙幣が発行された後も、現在使われている紙幣は使うことができる。,1,False,False,False,-,-,-,-,-,-,-,-,-,0,-,-,-,-,-
187,https://www.factcheckcenter.jp/fact-check/health/inaccurate-nurse-protective-suit-kishida-pm-mask-charade/,2024/2/19,誤り,医療・健康,https://twitter.com/i/status/1756537501161005135,"テキスト,画像1",投稿された画像は、2021年10月10日に岸田文雄首相が神奈川県の宿泊療養施設での実際の治療現場を視察した際の画像である。,https://www.kantei.go.jp/jp/100_kishida/actions/202110/10shisatsu.html,投稿された画像は、2021年10月10日に岸田文雄首相が神奈川県の宿泊療養施設でのデモンストレーションを視察した際の画像である。,True,False,https://www.kantei.go.jp/jp/100_kishida/actions/202110/10shisatsu.html,False,「看護師さんが完全防護服でやってる横で形だけマスクをつけて佇んでる コロナは茶番」は誤り。画像は実演の視察で、実際の新型コロナウイルスに対する治療をマスク姿で視察しているものではない。,1,False,True,False,-,-,-,-,-,-,-,-,-,0,-,-,-,True,True
188,https://www.factcheckcenter.jp/fact-check/health/inaccurate-nurse-protective-suit-kishida-pm-mask-charade/,2024/2/19,誤り,医療・健康,https://twitter.com/i/status/1756537501161005135,"テキスト,画像1",投稿された画像は、2021年10月10日に岸田文雄首相が神奈川県の宿泊療養施設でのデモンストレーションを視察した際の画像である。,https://www.kantei.go.jp/jp/100_kishida/actions/202110/10shisatsu.html,投稿された画像は、2021年10月10日に岸田文雄首相が神奈川県の宿泊療養施設でのデモンストレーションを視察した際の画像である。,True,True,https://www.kantei.go.jp/jp/100_kishida/actions/202110/10shisatsu.html,True,「看護師さんが完全防護服でやってる横で形だけマスクをつけて佇んでる コロナは茶番」は誤り。画像は実演の視察で、実際の新型コロナウイルスに対する治療をマスク姿で視察しているものではない。,1,False,False,False,-,-,-,-,-,-,-,-,-,0,-,-,-,True,False
189,https://www.factcheckcenter.jp/fact-check/politics/inaccurate_images_videos_about_kishida_pm/,2024/2/20,誤り,政治,https://x.com/i/status/1757025231900958795,"テキスト,画像1",投稿された画像は、岸田首相がビクトリア・ヌーランド米国務次官と会談している画像である。,https://x.com/i/status/1519311795797831686,投稿された画像は、2022年4月のビクトリア・ヌーランド米国務次官とブラジルのカルロス・フランサ外務大臣が面会した際の写真をもとに岸田首相が会談しているように加工されたフェイク画像である。,True,False,https://x.com/i/status/1519311795797831686 https://www3.nhk.or.jp/news/html/20240218/k10014362371000.html,False,岸田首相がアメリカ政府の高官と対談している画像は、加工されているので、誤り。,1,True,True,False,-,-,-,-,-,-,-,-,-,0,-,-,-,True,True
190,https://www.factcheckcenter.jp/fact-check/politics/inaccurate_images_videos_about_kishida_pm/,2024/2/20,誤り,政治,https://x.com/i/status/1757025231900958795,"テキスト,画像1",投稿された画像は、2022年4月のビクトリア・ヌーランド米国務次官とブラジルのカルロス・フランサ外務大臣が面会した際の写真をもとに岸田首相が会談しているように加工されたフェイク画像である。,https://x.com/i/status/1519311795797831686,投稿された画像は、2022年4月のビクトリア・ヌーランド米国務次官とブラジルのカルロス・フランサ外務大臣が面会した際の写真をもとに岸田首相が会談しているように加工されたフェイク画像である。,True,True,https://x.com/i/status/1519311795797831686 https://www3.nhk.or.jp/news/html/20240218/k10014362371000.html,True,岸田首相がアメリカ政府の高官と対談している画像は、加工されている。,1,True,False,False,-,-,-,-,-,-,-,-,-,0,-,-,-,True,False
191,https://www.factcheckcenter.jp/fact-check/international/inaccurate_support_for_ukraine_by_japan/,2024/2/21,誤り,国際,https://x.com/i/status/1755456613568393561,テキスト,ロシアによるウクライナ侵略におけるウクライナへの支援について、日本だけが巨額の支援を続けている。,https://app.23degrees.io/view/6wd2VvGlaunBgtM9-pie-country-share,ロシアによるウクライナ侵略における支援において、2022年2月24日から2024年1月15日までの間の日本のウクライナへの累計支援額は41か国・1機関（EU）中7番目である。,True,False,https://www.ifw-kiel.de/publications/ukraine-support-tracker-data-20758/ https://app.23degrees.io/view/6wd2VvGlaunBgtM9-pie-country-share https://app.23degrees.io/view/tAuBi41LxvWwKZex-bar-stacked-horizontal-figure-2_csv_final https://app.23degrees.io/view/c0trxasK3ET7wU98-bar-stacked-horizontal-figure-11_csv https://www.mofa.go.jp/mofaj/erp/c_see/ua/pageit_000001_00299.html,False,ウクライナへの累計支援額では約3分の2をEUとアメリカで占め、日本は41か国・1機関（EU）のうちでも7番目の支援額だ。また、対GDPでは日本からの支援は36番目だった。したがって、「日本だけがウクライナに巨額の支援」は誤り。,0,-,-,-,-,-,-,-,-,-,-,-,-,0,-,-,-,-,-
192,https://www.factcheckcenter.jp/fact-check/international/inaccurate_support_for_ukraine_by_japan/,2024/2/21,誤り,国際,https://x.com/i/status/1755456613568393561,テキスト,ロシアによるウクライナ侵略における支援において、2022年2月24日から2024年1月15日までの間の日本のウクライナへの累計支援額は41か国・1機関（EU）中7番目である。,https://app.23degrees.io/view/6wd2VvGlaunBgtM9-pie-country-share,ロシアによるウクライナ侵略における支援において、2022年2月24日から2024年1月15日までの間の日本のウクライナへの累計支援額は41か国・1機関（EU）中7番目である。,True,True,https://www.ifw-kiel.de/publications/ukraine-support-tracker-data-20758/ https://app.23degrees.io/view/6wd2VvGlaunBgtM9-pie-country-share https://app.23degrees.io/view/tAuBi41LxvWwKZex-bar-stacked-horizontal-figure-2_csv_final https://app.23degrees.io/view/c0trxasK3ET7wU98-bar-stacked-horizontal-figure-11_csv https://www.mofa.go.jp/mofaj/erp/c_see/ua/pageit_000001_00299.html,True,ウクライナへの累計支援額では約3分の2をEUとアメリカで占め、日本は41か国・1機関（EU）のうちでも7番目の支援額だ。また、対GDPでは日本からの支援は36番目だった。,0,-,-,-,-,-,-,-,-,-,-,-,-,0,-,-,-,-,-
193,https://www.factcheckcenter.jp/fact-check/politics/false_nisa_regulation_finance_minister/,2024/2/22,誤り,政治,https://twitter.com/i/status/1759873177482838204,テキスト,2024年2月20日の閣議後記者会見で、鈴木財務大臣兼内閣府特命担当大臣が「円安の元凶は、投資先として外国株や外国債券が選ばれていることであると見ている」と発言した。,https://www.mof.go.jp/public_relations/conference/my20240220.html,2024年2月20日に鈴木俊一財務大臣は、為替相場は、これは国内外の経済・財政状況、あるいは国際収支、金融政策の動向、そして投資家の予測やセンチメント、こういった様々な要因によって決定されるものであるので、変動の概要を一概に申し上げることはできないと発言した。,True,False,https://x.com/i/status/1759739382850883910 https://www.mof.go.jp/public_relations/conference/my20240220.html https://www.nikkei.com/article/DGKKZO78570660X10C24A2EA1000/,False,「新NISA、規制か」は５ちゃんねるの投稿を見出しにしたもので、引用元のX投稿には記載されていない。また、Xの元となったと見られる記者会見での発言でも、鈴木財務大臣は円安の元凶はNISAとは発言していない。よって誤りと判定した。,0,-,-,-,-,-,-,-,-,-,-,-,-,0,-,-,-,-,-
194,https://www.factcheckcenter.jp/fact-check/politics/false_nisa_regulation_finance_minister/,2024/2/22,誤り,政治,https://twitter.com/i/status/1759873177482838204,テキスト,2024年2月20日に鈴木俊一財務大臣は、為替相場は、これは国内外の経済・財政状況、あるいは国際収支、金融政策の動向、そして投資家の予測やセンチメント、こういった様々な要因によって決定されるものであるので、変動の概要を一概に申し上げることはできないと発言した。,https://www.mof.go.jp/public_relations/conference/my20240220.html,2024年2月20日に鈴木俊一財務大臣は、為替相場は、これは国内外の経済・財政状況、あるいは国際収支、金融政策の動向、そして投資家の予測やセンチメント、こういった様々な要因によって決定されるものであるので、変動の概要を一概に申し上げることはできないと発言した。,True,True,https://x.com/i/status/1759739382850883910 https://www.mof.go.jp/public_relations/conference/my20240220.html https://www.nikkei.com/article/DGKKZO78570660X10C24A2EA1000/,True,「新NISA、規制か」は５ちゃんねるの投稿を見出しにしたもので、引用元のX投稿には記載されていない。また、X投稿の元となったと見られる記者会見での発言でも、鈴木財務大臣は円安の元凶はNISAとは発言していない。,0,-,-,-,-,-,-,-,-,-,-,-,-,0,-,-,-,-,-
195,https://www.factcheckcenter.jp/fact-check/health/false-horie-admits-vaccine-dangers/,2024/2/23,誤り,医療・健康,https://x.com/i/status/1759912740494393758,画像1,実業家の堀江貴文氏が、2023/09/19公開のYouTube動画HORIE ONEの中で、「ワクチンの危険性がついに発覚しました」と発言した。,https://www.youtube.com/watch?v=C6e0D1w5f2w,実業家の堀江貴文氏が、2023/09/19公開のYouTube動画HORIE ONEの中には「ワクチンの危険性がついに発覚しました」にあたるような発言はない。,True,False,https://archive.md/VLnDE https://archive.md/jmH64 https://yutura.net/channel/70902/video/gKJZ1opdbmI/ https://www.youtube.com/watch?v=C6e0D1w5f2w,False,実業家の堀江貴文氏が「ワクチンの危険性がついに発覚しました」と語っているかのような画像は、誤り。元となった動画ではそうした発言は確認できず、本人も明確に否定している。,1,True,False,False,-,-,-,-,-,-,-,-,-,0,-,-,-,True,False
196,https://www.factcheckcenter.jp/fact-check/health/false-horie-admits-vaccine-dangers/,2024/2/23,誤り,医療・健康,https://x.com/i/status/1759912740494393758,画像1,実業家の堀江貴文氏が、2023/09/19公開のYouTube動画HORIE ONEの中には「ワクチンの危険性がついに発覚しました」にあたるような発言はない。,https://www.youtube.com/watch?v=C6e0D1w5f2w,実業家の堀江貴文氏が、2023/09/19公開のYouTube動画HORIE ONEの中には「ワクチンの危険性がついに発覚しました」にあたるような発言はない。,True,True,https://archive.md/VLnDE https://archive.md/jmH64 https://yutura.net/channel/70902/video/gKJZ1opdbmI/ https://www.youtube.com/watch?v=C6e0D1w5f2w,True,実業家の堀江貴文氏が「ワクチンの危険性がついに発覚しました」と語っているかのような画像は、誤り。元となった動画ではそうした発言は確認できず、本人も明確に否定している。,1,True,True,False,-,-,-,-,-,-,-,-,-,0,-,-,-,True,True
197,https://www.factcheckcenter.jp/fact-check/international/inaccurate_dance_zelensky/,2024/3/4,誤り,国際,https://x.com/i/status/1761826967924490728,"テキスト,動画1",投稿された動画は、ウクライナのゼレンスキー大統領が金色の衣装でダンスを披露している動画である。,https://www.tiktok.com/@pabloacostabellydancer/video/7239782504431996166,投稿された動画は、アルゼンチンの振付師でダンサーの「Pablo Acosta」さんが投稿した動画にゼレンスキー大統領の顔を合成したものである。,True,False,https://www.tiktok.com/@pabloacostabellydancer/video/7239782504431996166 https://factcheck.afp.com/doc.afp.com.33VN4CG,False,拡散した動画はSNSに投稿されたダンサーの動画にゼレンスキー大統領の顔を合成した動画で、誤り。,0,-,-,-,-,-,-,-,-,-,-,-,-,1,True,True,False,True,True
198,https://www.factcheckcenter.jp/fact-check/international/inaccurate_dance_zelensky/,2024/3/4,誤り,国際,https://x.com/i/status/1761826967924490728,"テキスト,動画1",投稿された動画は、アルゼンチンの振付師でダンサーの「Pablo Acosta」さんが投稿した動画にゼレンスキー大統領の顔を合成したものである。,https://www.tiktok.com/@pabloacostabellydancer/video/7239782504431996166,投稿された動画は、アルゼンチンの振付師でダンサーの「Pablo Acosta」さんが投稿した動画にゼレンスキー大統領の顔を合成したものである。,True,True,https://www.tiktok.com/@pabloacostabellydancer/video/7239782504431996166 https://factcheck.afp.com/doc.afp.com.33VN4CG,True,拡散した動画はSNSに投稿されたダンサーの動画にゼレンスキー大統領の顔を合成した動画。,0,-,-,-,-,-,-,-,-,-,-,-,-,1,True,False,False,True,False
199,https://www.factcheckcenter.jp/fact-check/international/false-claim-by-biden-about-food/,2024/3/8,誤り,国際,https://twitter.com/i/status/1764325029452632178,"テキスト,動画1",投稿された動画は、アメリカのバイデン大統領が「あなたのお金は偽物」「食べ物と飲み物は汚染され、全ての戦争は嘘に基づいてる」などと発言する動画である。,https://www.youtube.com/watch?v=SdfvIvYPPRo,投稿された、アメリカのバイデン大統領が「あなたのお金は偽物」「食べ物と飲み物は汚染され、全ての戦争は嘘に基づいてる」などと発言する動画は、AIで作られたフェイク動画である。,True,False,https://www.youtube.com/watch?v=SdfvIvYPPRo,False,バイデン大統領が「食べ物と飲み物は汚染され、全ての戦争は嘘に基づいている」と発言する動画はAIによる加工で誤り。,0,-,-,-,-,-,-,-,-,-,-,-,-,1,True,True,True,NA,True
200,https://www.factcheckcenter.jp/fact-check/international/false-claim-by-biden-about-food/,2024/3/8,誤り,国際,https://twitter.com/i/status/1764325029452632178,"テキスト,動画1",投稿された、アメリカのバイデン大統領が「あなたのお金は偽物」「食べ物と飲み物は汚染され、全ての戦争は嘘に基づいてる」などと発言する動画は、AIで作られたフェイク動画である。,https://www.youtube.com/watch?v=SdfvIvYPPRo,投稿された、アメリカのバイデン大統領が「あなたのお金は偽物」「食べ物と飲み物は汚染され、全ての戦争は嘘に基づいてる」などと発言する動画は、AIで作られたフェイク動画である。,True,True,https://www.youtube.com/watch?v=SdfvIvYPPRo,True,バイデン大統領が「食べ物と飲み物は汚染され、全ての戦争は嘘に基づいている」と発言する動画はAIによる加工。,0,-,-,-,-,-,-,-,-,-,-,-,-,1,True,False,True,NA,False
201,https://www.factcheckcenter.jp/fact-check/international/false_special_passport_for_pharaoh/,2024/3/13,誤り,国際,https://twitter.com/i/status/1762831265475313767,"テキスト,画像1",投稿された画像は、オジマンディアス（ファラオ）に発行された本物のパスポートの画像である。,https://factcheck.afp.com/image-was-digitally-created-representative-purposes,投稿された画像は、オジマンディアス（ファラオ）に発行されたとされるパスポートの想像図である。,True,False,https://face2faceafrica.com/article/all-about-the-powerful-ancient-egyptian-king-who-got-a-passport-3000-years-after-his-death https://www.heritagedaily.com/2020/03/the-passport-of-ramesses-ii/126812 https://www.nytimes.com/1976/09/28/archives/paris-mounts-honor-guard-for-a-mummy.html https://madainproject.com/ramesses_ii_mummy https://www.manchester.ac.uk/discover/news/was-the-great-pharaoh-ramesses-ii-a-true-redhead/ https://www.boomlive.in/world/no-evidence-of-a-passport-being-issued-to-mummy-of-pharaoh-ramesses-ii-10274?ref=factcheckcenter.jp#google_vignette https://teyit.org/analiz/gorselin-ii-ramses-adina-duzenlenen-pasaportu-gosterdigi-iddiasi https://factcheck.afp.com/image-was-digitally-created-representative-purposes,False,パスポート画像は、アーティスト作成のイメージ画像であり、「オジマンディアスに発行されたパスポートの画像」という言説は誤り。パスポートが発行されたという言説も根拠がなく、誤りの可能性が高い。,1,True,True,False,-,-,-,-,-,-,-,-,-,0,-,-,-,True,True
202,https://www.factcheckcenter.jp/fact-check/international/false_special_passport_for_pharaoh/,2024/3/13,誤り,国際,https://twitter.com/i/status/1762831265475313767,"テキスト,画像1",投稿された画像は、オジマンディアス（ファラオ）に発行されたとされるパスポートの想像図である。,https://factcheck.afp.com/image-was-digitally-created-representative-purposes,投稿された画像は、オジマンディアス（ファラオ）に発行されたとされるパスポートの想像図である。,True,True,https://face2faceafrica.com/article/all-about-the-powerful-ancient-egyptian-king-who-got-a-passport-3000-years-after-his-death https://www.heritagedaily.com/2020/03/the-passport-of-ramesses-ii/126812 https://www.nytimes.com/1976/09/28/archives/paris-mounts-honor-guard-for-a-mummy.html https://madainproject.com/ramesses_ii_mummy https://www.manchester.ac.uk/discover/news/was-the-great-pharaoh-ramesses-ii-a-true-redhead/ https://www.boomlive.in/world/no-evidence-of-a-passport-being-issued-to-mummy-of-pharaoh-ramesses-ii-10274?ref=factcheckcenter.jp#google_vignette https://teyit.org/analiz/gorselin-ii-ramses-adina-duzenlenen-pasaportu-gosterdigi-iddiasi https://factcheck.afp.com/image-was-digitally-created-representative-purposes,True,パスポート画像は、アーティスト作成のイメージ画像であり、「オジマンディアスに発行されたパスポートの画像」という言説は誤り。パスポートが発行されたという言説も根拠がなく、誤りの可能性が高い。,1,True,False,False,-,-,-,-,-,-,-,-,-,0,-,-,-,True,False
203,https://www.factcheckcenter.jp/fact-check/health/measles-vaccine-misinformation-false/,2024/3/25,誤り,医療・健康,https://twitter.com/i/status/1768857508800868674,"テキスト,画像1",MMRワクチン接種は、自閉症の原因となる。,https://www.asahi.com/articles/ASR2W53V2R2WUTFL01F.html,MMRワクチンが自閉症の原因となるという証拠は見つかっていない。,True,False,https://www.mhlw.go.jp/bunya/kenkou/kekkaku-kansenshou21/dl/080410a_0011.pdf https://www.mhlw.go.jp/bunya/kenkou/kekkaku-kansenshou21/dl/080410a_0013.pdf https://medicalnote.jp/nj_articles/230627-001-GO https://www.forth.go.jp/moreinfo/topics/20190520.html https://www.thelancet.com/journals/lancet/article/PIIS0140-6736(97)11096-0/fulltext https://idsc.niid.go.jp/iasr/22/254/fr2546.html,False,麻疹に関して「ワクチンは必要ない」「自分で罹って免疫を獲得すれば良い」「ワクチンで自閉症になる」などの言説は誤りと判定する。麻疹は、極めて感染力が強い上に発症すれば約1000人に一人が死亡する危険な感染症。ワクチン接種の予防効果は高い。また、接種と自閉症を結びつける論文は撤回されている。,1,True,False,False,-,-,-,-,-,-,-,-,-,0,-,-,-,NA,False
204,https://www.factcheckcenter.jp/fact-check/health/measles-vaccine-misinformation-false/,2024/3/25,誤り,医療・健康,https://twitter.com/i/status/1768857508800868674,"テキスト,画像1",MMRワクチンが自閉症の原因となるという証拠は見つかっていない。,https://www.asahi.com/articles/ASR2W53V2R2WUTFL01F.html,MMRワクチンが自閉症の原因となるという証拠は見つかっていない。,True,True,https://www.mhlw.go.jp/bunya/kenkou/kekkaku-kansenshou21/dl/080410a_0011.pdf https://www.mhlw.go.jp/bunya/kenkou/kekkaku-kansenshou21/dl/080410a_0013.pdf https://medicalnote.jp/nj_articles/230627-001-GO https://www.forth.go.jp/moreinfo/topics/20190520.html https://www.thelancet.com/journals/lancet/article/PIIS0140-6736(97)11096-0/fulltext https://idsc.niid.go.jp/iasr/22/254/fr2546.html,True,麻疹は、極めて感染力が強い上に発症すれば約1000人に一人が死亡する危険な感染症。ワクチン接種の予防効果は高い。また、麻疹ワクチン接種と自閉症を結びつける論文は撤回されている。,1,True,True,False,-,-,-,-,-,-,-,-,-,0,-,-,-,NA,True
205,https://www.factcheckcenter.jp/fact-check/health/measles-vaccine-misinformation-false/,2024/3/25,誤り,医療・健康,https://twitter.com/i/status/1770068533231464627,"テキスト,画像1",麻疹ワクチンを接種すると麻疹が流行する。,https://www.forth.go.jp/moreinfo/topics/20190520.html,麻疹ワクチンの接種率が低いと麻疹の流行が発生する。,True,False,https://www.forth.go.jp/moreinfo/topics/20190520.html,False,麻疹に関して「ワクチンは必要ない」「自分で罹って免疫を獲得すれば良い」「ワクチンで自閉症になる」などの言説は誤りと判定する。麻疹は、極めて感染力が強い上に発症すれば約1000人に一人が死亡する危険な感染症。ワクチン接種の予防効果は高い。また、接種と自閉症を結びつける論文は撤回されている。,1,True,False,False,-,-,-,-,-,-,-,-,-,0,-,-,-,NA,False
206,https://www.factcheckcenter.jp/fact-check/health/measles-vaccine-misinformation-false/,2024/3/25,誤り,医療・健康,https://twitter.com/i/status/1770068533231464627,"テキスト,画像1",麻疹ワクチンの接種率が低いと麻疹の流行が発生する。,https://www.forth.go.jp/moreinfo/topics/20190520.html,麻疹ワクチンの接種率が低いと麻疹の流行が発生する。,True,True,https://www.forth.go.jp/moreinfo/topics/20190520.html,True,麻疹は、極めて感染力が強い上に発症すれば約1000人に一人が死亡する危険な感染症。ワクチン接種の予防効果は高い。,1,True,True,False,-,-,-,-,-,-,-,-,-,0,-,-,-,NA,True
207,https://www.factcheckcenter.jp/fact-check/health/measles-vaccine-misinformation-false/,2024/3/25,誤り,医療・健康,https://twitter.com/i/status/1770661615358353635,"テキスト,画像1",麻疹ワクチン接種による免疫獲得よりも、自然感染による免疫獲得の方が健康リスクが小さい。,https://www.forth.go.jp/moreinfo/topics/20190520.html,麻疹ワクチン接種による免疫獲得よりも、自然感染による免疫獲得の方が健康リスクが大きい。,True,False,https://www.forth.go.jp/moreinfo/topics/20190520.html,False,麻疹に関して「ワクチンは必要ない」「自分で罹って免疫を獲得すれば良い」「ワクチンで自閉症になる」などの言説は誤りと判定する。麻疹は、極めて感染力が強い上に発症すれば約1000人に一人が死亡する危険な感染症。ワクチン接種の予防効果は高い。また、接種と自閉症を結びつける論文は撤回されている。,1,True,False,False,-,-,-,-,-,-,-,-,-,0,-,-,-,-,-
208,https://www.factcheckcenter.jp/fact-check/health/measles-vaccine-misinformation-false/,2024/3/25,誤り,医療・健康,https://twitter.com/i/status/1770661615358353635,"テキスト,画像1",麻疹ワクチン接種による免疫獲得よりも、自然感染による免疫獲得の方が健康リスクが大きい。,https://www.forth.go.jp/moreinfo/topics/20190520.html,麻疹ワクチン接種による免疫獲得よりも、自然感染による免疫獲得の方が健康リスクが大きい。,True,True,https://www.forth.go.jp/moreinfo/topics/20190520.html,True,麻疹は、極めて感染力が強い上に発症すれば約1000人に一人が死亡する危険な感染症。ワクチン接種の予防効果は高い。,1,True,False,False,-,-,-,-,-,-,-,-,-,0,-,-,-,-,-
209,https://www.factcheckcenter.jp/fact-check/international/moscow-terror-suspect-false/,2024/3/27,誤り,国際,https://twitter.com/i/status/1771908739970617687,"テキスト,画像1,画像2,画像3,画像4",2024年3月22日に、ロシアの首都モスクワ近郊のコンサートホールで発生した迷彩服を着た武装集団による銃撃事件や火災の実行犯4人は、ウクライナ国籍である。,https://tass.ru/proisshestviya/20348319,2024年3月22日に、ロシアの首都モスクワ近郊のコンサートホールで発生した迷彩服を着た武装集団による銃撃事件や火災の実行犯4人は、タジキスタン国籍である。,True,False,https://tass.ru/proisshestviya/20348319,False,「モスクワでのテロ攻撃の容疑者が特定され、全員がウクライナ国民」とする画像は、事件以前にネット上で公開されていたIDカードやパスポートの画像で2枚は明らかに無関係。残る2枚も関係性を示す証拠はない。また、国籍も異なる。よって誤りと判定する。,4,True,True,False,True,True,False,True,True,False,True,True,False,0,-,-,-,True,True
210,https://www.factcheckcenter.jp/fact-check/international/moscow-terror-suspect-false/,2024/3/27,誤り,国際,https://twitter.com/i/status/1771908739970617687,"テキスト,画像1,画像2,画像3,画像4",投稿された画像は、2024年3月22日にロシアの首都モスクワ近郊のコンサートホールで発生した迷彩服を着た武装集団による銃撃事件や火災の実行犯4人の顔写真である。,https://www.unian.info/society/synagogue-incident-ukraine-police-apprehend-mariupol-attacker-11110607.html https://www.facebook.com/mykola.malukha/posts/pfbid0UsCgZvBwEcy2dDmZxhkWnzvh3n83jT3boPZwuoHNYTbw3yZZ7iYS2dp4gZ52RzuQl https://one.kr.ua/news/28861 https://commons.wikimedia.org/wiki/File:Int_pass_Ukr_2002.jpg,投稿された画像は、2024年3月22日にロシアの首都モスクワ近郊のコンサートホールで発生した迷彩服を着た武装集団による銃撃事件や火災の実行犯4人の顔写真を装ったフェイク画像である。,True,False,https://jp.reuters.com/world/ukraine/EJSZ5Y3C2FNNTMCAUUPK3IM3HA-2024-03-24/ https://tass.ru/proisshestviya/20348319 https://www.yomiuri.co.jp/world/20240325-OYT1T50057/ https://www.bbc.com/news/world-europe-68652380 https://www.unian.info/static/about https://www.unian.info/society/synagogue-incident-ukraine-police-apprehend-mariupol-attacker-11110607.html https://apostrophe.ua/ua/news/society/2016-09-18/rossiyanin-obradovalsya-ukrainskomu-pasportu-v-seti-umilyayutsya/71666 https://www.facebook.com/mykola.malukha/posts/pfbid0UsCgZvBwEcy2dDmZxhkWnzvh3n83jT3boPZwuoHNYTbw3yZZ7iYS2dp4gZ52RzuQl https://www.facebook.com/mykola.malukha/posts/pfbid0AEEw19Tn5F4FqkBQj8wjGPJcXqdidW7nehruo9WsQH1gFCytFGadKwpdf1t55ZhFl https://one.kr.ua/news/28861 https://commons.wikimedia.org/wiki/File:Int_pass_Ukr_2002.jpg https://commons.wikimedia.org/wiki/Commons:Welcome https://factuel.afp.com/doc.afp.com.34MA3PH https://www.ellinikahoaxes.gr/2024/03/24/aftes-oi-fotografies-den-deichnoun-oukranous-pou-einai-ypoptoi-gia-tin-epithesi-sti-moscha/,False,「モスクワでのテロ攻撃の容疑者が特定され、全員がウクライナ国民」とする画像は、事件以前にネット上で公開されていたIDカードやパスポートの画像で2枚は明らかに無関係。残る2枚も関係性を示す証拠はない。また、国籍も異なる。よって誤りと判定する。,4,True,True,False,True,True,False,True,True,False,True,True,False,0,-,-,-,True,True
211,https://www.factcheckcenter.jp/fact-check/international/moscow-terror-suspect-false/,2024/3/27,誤り,国際,https://twitter.com/i/status/1771908739970617687,"テキスト,画像1,画像2,画像3,画像4",2024年3月22日に、ロシアの首都モスクワ近郊のコンサートホールで発生した迷彩服を着た武装集団による銃撃事件や火災の実行犯4人は、タジキスタン国籍である。,https://tass.ru/proisshestviya/20348319,2024年3月22日に、ロシアの首都モスクワ近郊のコンサートホールで発生した迷彩服を着た武装集団による銃撃事件や火災の実行犯4人は、タジキスタン国籍である。,True,True,https://tass.ru/proisshestviya/20348319,True,拡散した投稿は4人の国籍を「ウクライナ人」としているが、ロシア国営通信社タス通信の報道によると、実行犯として起訴された4人の容疑者は全員タジキスタン人だという。,4,True,True,False,True,True,False,True,True,False,True,True,False,0,-,-,-,True,True
212,https://www.factcheckcenter.jp/fact-check/international/moscow-terror-suspect-false/,2024/3/27,誤り,国際,https://twitter.com/i/status/1771908739970617687,"テキスト,画像1,画像2,画像3,画像4",投稿された画像は、2024年3月22日にロシアの首都モスクワ近郊のコンサートホールで発生した迷彩服を着た武装集団による銃撃事件や火災の実行犯4人の顔写真を装ったフェイク画像である。,https://www.unian.info/society/synagogue-incident-ukraine-police-apprehend-mariupol-attacker-11110607.html https://www.facebook.com/mykola.malukha/posts/pfbid0UsCgZvBwEcy2dDmZxhkWnzvh3n83jT3boPZwuoHNYTbw3yZZ7iYS2dp4gZ52RzuQl https://one.kr.ua/news/28861 https://commons.wikimedia.org/wiki/File:Int_pass_Ukr_2002.jpg,投稿された画像は、2024年3月22日にロシアの首都モスクワ近郊のコンサートホールで発生した迷彩服を着た武装集団による銃撃事件や火災の実行犯4人の顔写真を装ったフェイク画像である。,True,True,https://jp.reuters.com/world/ukraine/EJSZ5Y3C2FNNTMCAUUPK3IM3HA-2024-03-24/ https://tass.ru/proisshestviya/20348319 https://www.yomiuri.co.jp/world/20240325-OYT1T50057/ https://www.bbc.com/news/world-europe-68652380 https://www.unian.info/static/about https://www.unian.info/society/synagogue-incident-ukraine-police-apprehend-mariupol-attacker-11110607.html https://apostrophe.ua/ua/news/society/2016-09-18/rossiyanin-obradovalsya-ukrainskomu-pasportu-v-seti-umilyayutsya/71666 https://www.facebook.com/mykola.malukha/posts/pfbid0UsCgZvBwEcy2dDmZxhkWnzvh3n83jT3boPZwuoHNYTbw3yZZ7iYS2dp4gZ52RzuQl https://www.facebook.com/mykola.malukha/posts/pfbid0AEEw19Tn5F4FqkBQj8wjGPJcXqdidW7nehruo9WsQH1gFCytFGadKwpdf1t55ZhFl https://one.kr.ua/news/28861 https://commons.wikimedia.org/wiki/File:Int_pass_Ukr_2002.jpg https://commons.wikimedia.org/wiki/Commons:Welcome https://factuel.afp.com/doc.afp.com.34MA3PH https://www.ellinikahoaxes.gr/2024/03/24/aftes-oi-fotografies-den-deichnoun-oukranous-pou-einai-ypoptoi-gia-tin-epithesi-sti-moscha/,True,「モスクワでのテロ攻撃の容疑者が特定され、全員がウクライナ国民」とする画像は、事件以前にネット上で公開されていたIDカードやパスポートの画像で2枚は明らかに無関係。残る2枚も関係性を示す証拠はない。また、国籍も異なる。よって誤りと判定する。,4,True,False,False,True,False,False,True,False,False,True,False,False,0,-,-,-,True,False
213,https://www.factcheckcenter.jp/fact-check/health/false-coloring-agent-in-foods/,2024/3/29,誤り,医療・健康,https://twitter.com/i/status/1772828136717025337,"テキスト,画像1",食品添加物の赤色着色料として、小林製薬の紅麹が使われている。,https://www.mhlw.go.jp/file/06-Seisakujouhou-11130500-Shokuhinanzenbu/0000192874.pdf,食品添加物の赤色着色料として使われるベニコウジ色素は小林製薬の紅麹とは別物である。,True,False,https://www.mhlw.go.jp/file/06-Seisakujouhou-11130500-Shokuhinanzenbu/0000192874.pdf,False,「小林製薬の紅麹があらゆる食品に着色料として使われている」という言説が拡散したが、誤り。着色料として使われるベニコウジ色素は、食品安全委員会の評価を受けた食品添加物で小林製薬の紅麹とは別物だ。,2,False,True,False,False,True,False,-,-,-,-,-,-,0,-,-,-,True,True
214,https://www.factcheckcenter.jp/fact-check/health/false-coloring-agent-in-foods/,2024/3/29,誤り,医療・健康,https://twitter.com/i/status/1772828136717025337,"テキスト,画像1",食品添加物の赤色着色料として使われるベニコウジ色素は小林製薬の紅麹とは別物である。,https://www.mhlw.go.jp/file/06-Seisakujouhou-11130500-Shokuhinanzenbu/0000192874.pdf,食品添加物の赤色着色料として使われるベニコウジ色素は小林製薬の紅麹とは別物である。,True,True,https://www.mhlw.go.jp/file/06-Seisakujouhou-11130500-Shokuhinanzenbu/0000192874.pdf,True,「小林製薬の紅麹があらゆる食品に着色料として使われている」という言説が拡散したが、誤り。着色料として使われるベニコウジ色素は、食品安全委員会の評価を受けた食品添加物で小林製薬の紅麹とは別物だ。,2,False,True,False,False,True,False,-,-,-,-,-,-,0,-,-,-,-,-
215,https://www.factcheckcenter.jp/fact-check/politics/article-false-immigration-law-revised-by-democratic-party-government-when-enacting-it-was-under-liberal-democratic-party-administration/,2024/3/29,誤り,政治,https://twitter.com/i/status/1760482936229626258,テキスト,難民申請中の強制送還が出来ないように入管法を改正したのは、民主党政権である。,https://kokkai.ndl.go.jp/#/detail?minId=115915254X01320040407&spkNum=3&single,難民申請中の強制送還が出来ないように入管法を改正したのは、2004年の自公連立の小泉純一郎政権である。,True,False,https://www.moj.go.jp/isa/refugee/procedures/nanmin_00001.html https://www.kantei.go.jp/jp/rekidainaikaku/index.html https://kokkai.ndl.go.jp/txt/115915254X01320040407/3,False,難民認定申請者の強制送還を停止する「仮滞在許可」を制度化したのは、民主党政権ではなく自公連立の小泉純一郎政権。「難民申請中の強制送還が出来ないよう、入管法を改正したのは民主党政権」は誤り。,0,-,-,-,-,-,-,-,-,-,-,-,-,0,-,-,-,-,-
216,https://www.factcheckcenter.jp/fact-check/politics/article-false-immigration-law-revised-by-democratic-party-government-when-enacting-it-was-under-liberal-democratic-party-administration/,2024/3/29,誤り,政治,https://twitter.com/i/status/1760482936229626258,テキスト,難民申請中の強制送還が出来ないように入管法を改正したのは、2004年の自公連立の小泉純一郎政権である。,https://kokkai.ndl.go.jp/#/detail?minId=115915254X01320040407&spkNum=3&single,難民申請中の強制送還が出来ないように入管法を改正したのは、2004年の自公連立の小泉純一郎政権である。,True,True,https://www.moj.go.jp/isa/refugee/procedures/nanmin_00001.html https://www.kantei.go.jp/jp/rekidainaikaku/index.html https://kokkai.ndl.go.jp/txt/115915254X01320040407/3,True,難民認定申請者の強制送還を停止する「仮滞在許可」を制度化したのは、民主党政権ではなく自公連立の小泉純一郎政権。,0,-,-,-,-,-,-,-,-,-,-,-,-,0,-,-,-,-,-
217,https://www.factcheckcenter.jp/fact-check/politics/false-politician-eriko-imai/,2024/3/29,誤り,政治,https://twitter.com/i/status/1770567790891855939,"テキスト,画像1",自民党の今井絵理子参議院議員が、2023年10月8日公開の週刊女性プライムのインタビューにおいて、国会議員になった理由を問われ、「遊んでいてお金が入ることかな」と発言した。,https://www.jprime.jp/articles/-/29534?display=b,自民党の今井絵理子参議院議員のインスタグラムにおいて、議員になってよかったことに回答した動画に対して「議員になってよかったことって遊んでて金が入ることじゃないのかな」というコメントがついた。,True,False,https://www.jprime.jp/articles/-/29534?display=b,False,今井絵理子議員が「議員になって良かったのは遊んでいてお金が入ること」と発言は、誤り。今井氏はそのような発言はしていない。週刊誌の記事の見出しをもとに誤った投稿が拡散したもの。,1,True,False,False,-,-,-,-,-,-,-,-,-,0,-,-,-,NA,False
218,https://www.factcheckcenter.jp/fact-check/politics/false-politician-eriko-imai/,2024/3/29,誤り,政治,https://twitter.com/i/status/1770567790891855939,"テキスト,画像1",自民党の今井絵理子参議院議員のインスタグラムにおいて、議員になってよかったことに回答した動画に対して「議員になってよかったことって遊んでて金が入ることじゃないのかな」というコメントがついた。,https://www.jprime.jp/articles/-/29534?display=b,自民党の今井絵理子参議院議員のインスタグラムにおいて、議員になってよかったことに回答した動画に対して「議員になってよかったことって遊んでて金が入ることじゃないのかな」というコメントがついた。,True,True,https://www.jprime.jp/articles/-/29534?display=b,True,今井絵理子議員が「議員になって良かったのは遊んでいてお金が入ること」と今井氏はそのような発言はしていない。週刊誌の記事の見出しをもとに誤った投稿が拡散したもの。,1,True,False,False,-,-,-,-,-,-,-,-,-,0,-,-,-,NA,False
219,https://www.factcheckcenter.jp/fact-check/disasters/false-taiwan-earthquake-tsunami-footage/,2024/4/4,誤り,災害,https://x.com/i/status/1775455237915955288,"テキスト,動画1",投稿された動画は、2024年4月3日に台湾で発生した地震における津波の動画である。,https://www.youtube.com/watch?v=5gELOQf_pMc,投稿された動画は、2011年3月11日の東日本大震災で宮城県多賀城市で発生した津波の動画である。,True,False,https://www.youtube.com/watch?v=5gELOQf_pMc,False,拡散した動画は2011年の東日本大震災の津波の映像で、今回の台湾で撮影された津波ではない。よって誤り。,0,-,-,-,-,-,-,-,-,-,-,-,-,1,True,True,False,True,True
220,https://www.factcheckcenter.jp/fact-check/disasters/false-taiwan-earthquake-tsunami-footage/,2024/4/4,誤り,災害,https://x.com/i/status/1775455237915955288,"テキスト,動画1",投稿された動画は、2011年3月11日の東日本大震災で宮城県多賀城市で発生した津波の動画である。,https://www.youtube.com/watch?v=5gELOQf_pMc,投稿された動画は、2011年3月11日の東日本大震災で宮城県多賀城市で発生した津波の動画である。,True,True,https://www.youtube.com/watch?v=5gELOQf_pMc,True,拡散した動画は2011年の東日本大震災の津波の映像。,0,-,-,-,-,-,-,-,-,-,-,-,-,1,True,False,False,True,False
221,https://www.factcheckcenter.jp/fact-check/international/false-youth-abroad-permanent-residency-false-570000-in-a-year/,2024/4/4,誤り,国際,https://twitter.com/i/status/1772827842302427298,テキスト,2023年に海外で永住権をとった若者は1年間で57万人だった。,https://www.mofa.go.jp/mofaj/files/100436737.pdf,2023年10月時点で日本国外に居住している「永住者」の日本人総数は57万人である。,True,False,https://www.mofa.go.jp/mofaj/files/100436737.pdf,False,日本国外に居住している「永住者」の総数は57万4727人（2023年10月時点）で、1年間に57万人の永住者が増えたわけではない。したがって、「海外で永住権をとった若者は1年間で57万人」は誤り。,0,-,-,-,-,-,-,-,-,-,-,-,-,0,-,-,-,-,-
222,https://www.factcheckcenter.jp/fact-check/international/false-youth-abroad-permanent-residency-false-570000-in-a-year/,2024/4/4,誤り,国際,https://twitter.com/i/status/1772827842302427298,テキスト,2023年10月時点で日本国外に居住している「永住者」の日本人総数は57万人である。,https://www.mofa.go.jp/mofaj/files/100436737.pdf,2023年10月時点で日本国外に居住している「永住者」の日本人総数は57万人である。,True,True,https://www.mofa.go.jp/mofaj/files/100436737.pdf,True,日本国外に居住している「永住者」の総数は57万4727人（2023年10月時点）で、1年間に57万人の永住者が増えたわけではない。,0,-,-,-,-,-,-,-,-,-,-,-,-,0,-,-,-,-,-
223,https://www.factcheckcenter.jp/fact-check/disasters/inaccurate-volunteer-recruitment-n-noto-peninsula-earthquake/,2024/4/5,不正確,災害,https://x.com/i/status/1772456004484989001,"テキスト,画像1",2024年3月26日時点で能登半島地震に対するボランティアを募集していない。,https://prefvc-ishikawa.jimdofree.com/,2024年３月26日時点で能登半島地震に対するボランティアを募集しているところがある。,True,False,https://prefvc-ishikawa.jimdofree.com/ https://notovc-ishikawa.jimdofree.com/ https://prefvc-ishikawa.jimdofree.com/2024-03-19-volunteerbc/ https://niigatanishiku-syakyo.jp/4479/ https://himivc-toyama.jimdofree.com/ https://prefvc-ishikawa.jimdofree.com/%E5%A5%A5%E8%83%BD%E7%99%BB%E3%83%99%E3%83%BC%E3%82%B9%E3%82%AD%E3%83%A3%E3%83%B3%E3%83%97/ https://www3.nhk.or.jp/news/html/20240324/k10014401181000.html,False,「能登半島地震から3ヶ月、ボランティアを募集していない」は不正確。地域によって異なる。被害の大きい地域を中心にボランティアを募集している。,1,False,False,False,-,-,-,-,-,-,-,-,-,0,-,-,-,-,-
224,https://www.factcheckcenter.jp/fact-check/disasters/inaccurate-volunteer-recruitment-n-noto-peninsula-earthquake/,2024/4/5,不正確,災害,https://x.com/i/status/1772456004484989001,"テキスト,画像1",2024年3月26日時点で能登半島地震に対するボランティアを募集しているところがある。,https://prefvc-ishikawa.jimdofree.com/,2024年３月26日時点で能登半島地震に対するボランティアを募集しているところがある。,True,True,https://prefvc-ishikawa.jimdofree.com/ https://notovc-ishikawa.jimdofree.com/ https://prefvc-ishikawa.jimdofree.com/2024-03-19-volunteerbc/ https://niigatanishiku-syakyo.jp/4479/ https://himivc-toyama.jimdofree.com/ https://prefvc-ishikawa.jimdofree.com/%E5%A5%A5%E8%83%BD%E7%99%BB%E3%83%99%E3%83%BC%E3%82%B9%E3%82%AD%E3%83%A3%E3%83%B3%E3%83%97/ https://www3.nhk.or.jp/news/html/20240324/k10014401181000.html,True,「能登半島地震から3ヶ月、ボランティアを募集していない」は不正確。地域によって異なる。被害の大きい地域を中心にボランティアを募集している。,1,False,False,False,-,-,-,-,-,-,-,-,-,0,-,-,-,-,-
225,https://www.factcheckcenter.jp/fact-check/health/false-claim-by-kobayashi-pharmaceutical-president/,2024/4/9,誤り,医療・健康,https://twitter.com/i/status/1774824813586207055,"テキスト,画像1",2024年4月1日に「小林製薬がワクチン被害のスケープゴートにされた」と小林社長が発言した。,https://www.youtube.com/watch?v=VKMhwcxZWQY,2024年3月29日の会見で小林製薬の小林社長は、「コロナウイルス」や「ワクチン」との関連性や「小林製薬がスケープゴートにされた」という発言をしていない。,True,False,https://www.youtube.com/watch?v=jROfkVhiZ38&t=16s https://www.youtube.com/watch?v=VKMhwcxZWQY,False,「小林製薬がワクチン被害のスケープゴートにされたと小林社長が発言」は、誤り。,1,True,False,False,-,-,-,-,-,-,-,-,-,0,-,-,-,-,-
226,https://www.factcheckcenter.jp/fact-check/health/false-claim-by-kobayashi-pharmaceutical-president/,2024/4/9,誤り,医療・健康,https://twitter.com/i/status/1774824813586207055,"テキスト,画像1",2024年3月29日の会見で小林製薬の小林社長は、「コロナウイルス」や「ワクチン」との関連性や「小林製薬がスケープゴートにされた」という発言をしていない。,https://www.youtube.com/watch?v=VKMhwcxZWQY,2024年3月29日の会見で小林製薬の小林社長は、「コロナウイルス」や「ワクチン」との関連性や「小林製薬がスケープゴートにされた」という発言をしていない。,True,True,https://www.youtube.com/watch?v=jROfkVhiZ38&t=16s https://www.youtube.com/watch?v=VKMhwcxZWQY,True,「小林製薬がワクチン被害のスケープゴートにされたと小林社長が発言」は、誤りで、実際そのような投稿がある。,1,True,False,False,-,-,-,-,-,-,-,-,-,0,-,-,-,-,-
227,https://www.factcheckcenter.jp/fact-check/health/false-benikoji-issues-announced-by-renal-society/,2024/4/12,誤り,医療・健康,https://twitter.com/i/status/1776372995482955889,"テキスト,画像1",2024年4月1日に腎臓学会が発表した紅麹健康被害の病名は、新型コロナウィルスワクチンの副反応と同一である。,https://jsn.or.jp/medic/newstopics/formember/post-557.php,2024年4月1日に腎臓学会が発表した紅麹健康被害の病名は、新型コロナウィルスワクチンの副反応とは関係ない。,True,False,https://jsn.or.jp/medic/newstopics/formember/post-557.php https://www.yomiuri.co.jp/national/20240401-OYT1T50113/ https://www.mhlw.go.jp/stf/shingi/shingi-kousei_284075.html,False,拡散した言説が引用した読売新聞の記事（2024年4月1日）は、日本腎臓学会の紅麹健康被害アンケート調査（中間報告）を報じたものだが、新型コロナワクチンの副反応との関連は記載されていない。日本腎臓学会の報告では、紅麹健康被害の主な病変は「尿細管間質性腎炎、尿細管壊死、急性尿細管障害」だが、同症状は厚労省のワクチン副反応疑い報告（2021年2月〜2023年10月）の症例のうち約0.012%に過ぎず、「新型コロナワクチンの副反応そのもの」とは言えない。日本腎臓学会も紅麹健康被害とコロナワクチンとの関連を否定している。,1,True,False,False,-,-,-,-,-,-,-,-,-,0,-,-,-,NA,False
228,https://www.factcheckcenter.jp/fact-check/health/false-benikoji-issues-announced-by-renal-society/,2024/4/12,誤り,医療・健康,https://twitter.com/i/status/1776372995482955889,"テキスト,画像1",2024年4月1日に腎臓学会が発表した紅麹健康被害の病名は、新型コロナウィルスワクチンの副反応とは関係ない。,https://jsn.or.jp/medic/newstopics/formember/post-557.php,2024年4月1日に腎臓学会が発表した紅麹健康被害の病名は、新型コロナウィルスワクチンの副反応とは関係ない。,True,True,https://jsn.or.jp/medic/newstopics/formember/post-557.php https://www.yomiuri.co.jp/national/20240401-OYT1T50113/ https://www.mhlw.go.jp/stf/shingi/shingi-kousei_284075.html,True,「腎臓学会が発表した紅麹健康被害の病名が新型コロナワクチン副反応と同一」ではなく、一致する症例は新型コロナワクチンの副反応疑いの0.012%で、調査を発表した日本腎臓学会も関連を否定している。,1,True,True,False,-,-,-,-,-,-,-,-,-,0,-,-,-,NA,True
229,https://www.factcheckcenter.jp/fact-check/health/inaccurate-covid-vaccine-donor-ban/,2024/5/8,誤り,医療・健康,https://x.com/i/status/1785398321097408845,画像1,日本政府は、新型コロナウィルスワクチンを接種した人の献血を禁止するとした。,https://www.jrc.or.jp/donation/about/refrain/detail_08/,新型コロナウィルスワクチン接種の後、規定期間経過していれば献血できる。,NA,False,https://www.mhlw.go.jp/content/11127000/000978120.pdf?ref=factcheckcenter.jp https://www.mhlw.go.jp/content/11127000/000773666.pdf https://www.jrc.or.jp/donation/about/refrain/detail_08/ https://www.factcheckcenter.jp/fact-check/health/covid-vaccine-blood-donation-ineligibility-false/,False,「コロナワクチン接種者の献血を日本が禁止した」は誤り。禁止されておらず、接種から一定期間経過すれば献血できる。,1,True,False,False,-,-,-,-,-,-,-,-,-,0,-,-,-,True,False
230,https://www.factcheckcenter.jp/fact-check/health/inaccurate-covid-vaccine-donor-ban/,2024/5/8,誤り,医療・健康,https://x.com/i/status/1785398321097408845,画像1,新型コロナウィルスワクチン接種の後、規定期間経過していれば献血できる。,https://www.jrc.or.jp/donation/about/refrain/detail_08/,新型コロナウィルスワクチン接種の後、規定期間経過していれば献血できる。,NA,True,https://www.mhlw.go.jp/content/11127000/000978120.pdf?ref=factcheckcenter.jp https://www.mhlw.go.jp/content/11127000/000773666.pdf https://www.jrc.or.jp/donation/about/refrain/detail_08/ https://www.factcheckcenter.jp/fact-check/health/covid-vaccine-blood-donation-ineligibility-false/,True,「コロナワクチン接種者の献血を日本が禁止していない」は正しい。禁止されておらず、接種から一定期間経過すれば献血できる。,1,True,True,False,-,-,-,-,-,-,-,-,-,0,-,-,-,True,True
231,https://www.factcheckcenter.jp/fact-check/international/false-iran-president-accident-photo/,2024/5/20,誤り,国際,https://x.com/i/status/1792205342136553678,"テキスト,画像1",投稿された画像は、2024年5月19日午後、イランのライシ大統領が搭乗していたヘリコプター事故が発生したが、大統領は無事であることを示す写真である。,https://www.alamy.com/firuzkuh-tehran-iran-31st-july-2022-a-handout-photo-made-available-by-the-iranian-presidential-office-shows-iranian-president-ebrahim-raisi-visiting-firuzkuh-after-floods-according-to-the-iranian-red-crescent-society-quoting-local-officials-at-least-56-people-have-died-and-18-are-missing-in-recent-floods-in-most-cities-of-iran-credit-image-iranian-presidency-via-zuma-press-wire-image476468702.html?imageid=FD9DC175-CD3C-4D33-9D7C-CECEA7BF0B47&p=151045&pn=2&searchId=5215ddf52fb7d8b4171027a0e1d7e6ae&searchtype=0,投稿された画像は、2022年7月31日洪水被害を受けたフィルズクーを訪問するエブラヒム・ライシ大統領の様子である。,True,False,https://www.alamy.com/firuzkuh-tehran-iran-31st-july-2022-a-handout-photo-made-available-by-the-iranian-presidential-office-shows-iranian-president-ebrahim-raisi-visiting-firuzkuh-after-floods-according-to-the-iranian-red-crescent-society-quoting-local-officials-at-least-56-people-have-died-and-18-are-missing-in-recent-floods-in-most-cities-of-iran-credit-image-iranian-presidency-via-zuma-press-wire-image476468702.html?imageid=FD9DC175-CD3C-4D33-9D7C-CECEA7BF0B47&p=151045&pn=2&searchId=5215ddf52fb7d8b4171027a0e1d7e6ae&searchtype=0,False,イラン大統領が搭乗するヘリコプター墜落事故で拡散した「ヘリコプターから降りるライシ大統領」の画像は誤り。この画像は2022年7月に撮影されたもの。,1,False,True,False,-,-,-,-,-,-,-,-,-,0,-,-,-,True,True
232,https://www.factcheckcenter.jp/fact-check/international/false-iran-president-accident-photo/,2024/5/20,誤り,国際,https://x.com/i/status/1792205342136553678,"テキスト,画像1",投稿された画像は、2022年7月31日洪水被害を受けたフィルズクーを訪問するエブラヒム・ライシ大統領の様子である。,https://www.alamy.com/firuzkuh-tehran-iran-31st-july-2022-a-handout-photo-made-available-by-the-iranian-presidential-office-shows-iranian-president-ebrahim-raisi-visiting-firuzkuh-after-floods-according-to-the-iranian-red-crescent-society-quoting-local-officials-at-least-56-people-have-died-and-18-are-missing-in-recent-floods-in-most-cities-of-iran-credit-image-iranian-presidency-via-zuma-press-wire-image476468702.html?imageid=FD9DC175-CD3C-4D33-9D7C-CECEA7BF0B47&p=151045&pn=2&searchId=5215ddf52fb7d8b4171027a0e1d7e6ae&searchtype=0,投稿された画像は、2022年7月31日洪水被害を受けたフィルズクーを訪問するエブラヒム・ライシ大統領の様子である。,True,True,https://www.alamy.com/firuzkuh-tehran-iran-31st-july-2022-a-handout-photo-made-available-by-the-iranian-presidential-office-shows-iranian-president-ebrahim-raisi-visiting-firuzkuh-after-floods-according-to-the-iranian-red-crescent-society-quoting-local-officials-at-least-56-people-have-died-and-18-are-missing-in-recent-floods-in-most-cities-of-iran-credit-image-iranian-presidency-via-zuma-press-wire-image476468702.html?imageid=FD9DC175-CD3C-4D33-9D7C-CECEA7BF0B47&p=151045&pn=2&searchId=5215ddf52fb7d8b4171027a0e1d7e6ae&searchtype=0,True,イラン大統領府 英語版のページではタイトルに「visiting the flooded village of Mazdaran in Firuzkuh」とあり、ライシ大統領が2022年7月の豪雨で被害を受けた地域を視察した際のものだ。  また、同じ写真は、報道写真のアーカイブ「Alamy」でも提供しており、そこには2022年7月30日に撮影したものだというメタデータがついている。,1,False,False,False,-,-,-,-,-,-,-,-,-,0,-,-,-,True,False
233,https://www.factcheckcenter.jp/fact-check/international/article-false-zelensky-villa-aid/,2024/5/23,誤り,国際,https://x.com/i/status/1777656716642951313,テキスト,2024年初頭、ウクライナのゼレンスキー大統領は、チャールズ王室が私的に所有していたハイグローブ・ハウス邸宅を2000万ポンドで取得した。,https://www.snopes.com/fact-check/zelenskyy-highgrove-house/?ref=factcheckcenter.jp,英国王室の公式サイトや英国政府の公式サイトでは2024年5月23日時点で、国王や王室がゼレンスキー大統領にハイグローブ邸を売却したという発表はしていない。,False,False,https://www.snopes.com/fact-check/zelenskyy-highgrove-house/?ref=factcheckcenter.jp,False,「ウクライナに支援してもゼレンスキーの別荘になるだけ」は誤り。英国政府は邸宅の売却について発表していないうえ、購入したとされる邸宅はこれまで通り一般公開されている。,1,False,True,False,-,-,-,-,-,-,-,-,-,0,-,-,-,-,-
234,https://www.factcheckcenter.jp/fact-check/international/article-false-zelensky-villa-aid/,2024/5/23,誤り,国際,https://x.com/i/status/1777656716642951313,テキスト,英国王室の公式サイトや英国政府の公式サイトでは2024年5月23日時点で、国王や王室がゼレンスキー大統領にハイグローブ邸を売却したという発表はしていない。,https://www.snopes.com/fact-check/zelenskyy-highgrove-house/?ref=factcheckcenter.jp,英国王室の公式サイトや英国政府の公式サイトでは2024年5月23日時点で、国王や王室がゼレンスキー大統領にハイグローブ邸を売却したという発表はしていない。,False,True,https://www.snopes.com/fact-check/zelenskyy-highgrove-house/?ref=factcheckcenter.jp,True,英国王邸、売却の形跡なし 邸宅の空撮画像をGoogle画像検索したところ、英国南西部のグロスターシャー州にあるチャールズ国王所有のハイグローブ邸（Highgrove House）という結果が出た。 英国王室の公式サイトや英国政府の公式サイトでは5月23日時点で、国王や王室がゼレンスキー大統領にハイグローブ邸を売却したという発表はない。,1,False,True,False,-,-,-,-,-,-,-,-,-,0,-,-,-,-,-
235,https://www.factcheckcenter.jp/fact-check/international/article-false-zelensky-villa-aid/,2024/5/23,誤り,国際,https://x.com/i/status/1790652595712954495,テキスト,2024年初頭、ウクライナのゼレンスキー大統領は、チャールズ王室が私的に所有していたハイグローブ・ハウス邸宅を2000万ポンドで取得した。,https://www.snopes.com/fact-check/zelenskyy-highgrove-house/?ref=factcheckcenter.jp,英国王室の公式サイトや英国政府の公式サイトでは2024年5月23日時点で、国王や王室がゼレンスキー大統領にハイグローブ邸を売却したという発表はしていない。,True,False,https://www.snopes.com/fact-check/zelenskyy-highgrove-house/?ref=factcheckcenter.jp,False,「ウクライナに支援してもゼレンスキーの別荘になるだけ」は誤り。英国政府は邸宅の売却について発表していないうえ、購入したとされる邸宅はこれまで通り一般公開されている。,1,False,True,False,-,-,-,-,-,-,-,-,-,0,-,-,-,-,-
236,https://www.factcheckcenter.jp/fact-check/international/article-false-zelensky-villa-aid/,2024/5/23,誤り,国際,https://x.com/i/status/1790652595712954495,テキスト,英国王室の公式サイトや英国政府の公式サイトでは2024年5月23日時点で、国王や王室がゼレンスキー大統領にハイグローブ邸を売却したという発表はしていない。,https://www.snopes.com/fact-check/zelenskyy-highgrove-house/?ref=factcheckcenter.jp,英国王室の公式サイトや英国政府の公式サイトでは2024年5月23日時点で、国王や王室がゼレンスキー大統領にハイグローブ邸を売却したという発表はしていない。,True,True,https://www.snopes.com/fact-check/zelenskyy-highgrove-house/?ref=factcheckcenter.jp,True,英国王邸、売却の形跡なし 邸宅の空撮画像をGoogle画像検索したところ、英国南西部のグロスターシャー州にあるチャールズ国王所有のハイグローブ邸（Highgrove House）という結果が出た。 英国王室の公式サイトや英国政府の公式サイトでは5月23日時点で、国王や王室がゼレンスキー大統領にハイグローブ邸を売却したという発表はない。,1,False,True,False,-,-,-,-,-,-,-,-,-,0,-,-,-,-,-
237,https://www.factcheckcenter.jp/fact-check/health/false-who-logo-devil-control/,2024/5/31,誤り,医療・健康,https://x.com/i/status/1787790332253573161,"テキスト,画像1",WHOや日本医師会のロゴは「悪魔の手先として人間を支配する」という意味である。,https://www.who.int/about/policies/publishing/logo,WHOや日本医師会のロゴの、「杖と蛇」はギリシャ神話の医の神様「アスクレピオス」に由来し、医療を象徴する紋様である。,True,False,https://www.who.int/about/policies/publishing/logo,False,WHOと日本医師会のロゴは「悪魔の手先で人間を支配する」は誤り。「杖と蛇」はギリシャ神話の医の神様「アスクレピオス」に由来し、医療を象徴する紋様。,1,True,True,False,-,-,-,-,-,-,-,-,-,0,-,-,-,-,-
238,https://www.factcheckcenter.jp/fact-check/health/false-who-logo-devil-control/,2024/5/31,誤り,医療・健康,https://x.com/i/status/1787790332253573161,"テキスト,画像1",WHOや日本医師会のロゴの、「杖と蛇」はギリシャ神話の医の神様「アスクレピオス」に由来し、医療を象徴する紋様である。,https://www.who.int/about/policies/publishing/logo,WHOや日本医師会のロゴの、「杖と蛇」はギリシャ神話の医の神様「アスクレピオス」に由来し、医療を象徴する紋様である。,True,True,https://www.who.int/about/policies/publishing/logo,True,WHOと日本医師会のロゴは「悪魔の手先で人間を支配する」意味ではないは正しい。「杖と蛇」はギリシャ神話の医の神様「アスクレピオス」に由来し、医療を象徴する紋様。,1,True,False,False,-,-,-,-,-,-,-,-,-,0,-,-,-,NA,False
239,https://www.factcheckcenter.jp/fact-check/health/false-combat-misinformation-treaty/,2024/6/5,不正確,医療・健康,https://x.com/i/status/1796722917637828639,テキスト,2024年5月時点で交渉が進められているパンデミック条約案には、偽情報・誤情報を取り締まる。,https://apps.who.int/gb/ebwha/pdf_files/WHA77/A77_10-en.pdf,2024年5月時点で交渉が進められているパンデミック条約案には、偽情報・誤情報の拡散に対処するための措置を各国に求める条項が含まれているが、偽情報・誤情報を取り締まる内容は入っていない。,True,False,https://www.mofa.go.jp/mofaj/files/100677431.pdf https://apps.who.int/gb/ebwha/pdf_files/WHA77/A77_10-en.pdf https://apps.who.int/gb/inb/pdf_files/inb5/A_INB5_6-en.pdf https://www.mofa.go.jp/mofaj/files/100675464.pdf https://www.mofa.go.jp/mofaj/ic/ghp/page23_004456.html,NEI,パンデミック条約は偽情報・誤情報対策を含んでいるが、それらは偽情報や誤情報の拡散を防ぐための信頼構築や情報発信の重要性を強調するという内容だ。具体的な方策として、リテラシーの強化や研究、WHOからの公衆啓発に関する技術的支援と書かれている。  これらを「取り締まり」につながるのではないかと懸念する見方もあるが、少なくとも条約案に、偽情報や誤情報を誰かが判定したり、取り締まったり、積極的な対応を推奨するという内容は書かれていない。よって、「パンデミック条約は偽情報・誤情報を取り締まる」という言説は不正確と判定する。,1,False,True,False,-,-,-,-,-,-,-,-,-,0,-,-,-,-,-
240,https://www.factcheckcenter.jp/fact-check/health/false-combat-misinformation-treaty/,2024/6/5,不正確,医療・健康,https://x.com/i/status/1796722917637828639,テキスト,2024年5月時点で交渉が進められているパンデミック条約案には、偽情報・誤情報の拡散に対処するための措置を各国に求める条項が含まれている。,https://apps.who.int/gb/ebwha/pdf_files/WHA77/A77_10-en.pdf,2024年5月時点で交渉が進められているパンデミック条約案には、偽情報・誤情報の拡散に対処するための措置を各国に求める条項が含まれているが、偽情報・誤情報を取り締まる内容は入っていない。,True,True,https://www.mofa.go.jp/mofaj/files/100677431.pdf https://apps.who.int/gb/ebwha/pdf_files/WHA77/A77_10-en.pdf https://apps.who.int/gb/inb/pdf_files/inb5/A_INB5_6-en.pdf https://www.mofa.go.jp/mofaj/files/100675464.pdf https://www.mofa.go.jp/mofaj/ic/ghp/page23_004456.html,True,これらを「取り締まり」につながるのではないかと懸念する見方もあるが、少なくとも条約案に、偽情報や誤情報を誰かが判定したり、取り締まったり、積極的な対応を推奨するという内容は書かれていない。よって、正しいと判定した。,1,False,True,False,-,-,-,-,-,-,-,-,-,0,-,-,-,-,-
241,https://www.factcheckcenter.jp/fact-check/health/false-vaccine-mandate-treaty/,2024/6/5,誤り,医療・健康,https://x.com/i/status/1796317847712670198,テキスト,2024年5月時点で交渉が進められているパンデミック条約では、ワクチンを強制接種しなければならない。,https://apps.who.int/gb/ebwha/pdf_files/WHA77/A77_10-en.pdf,2024年5月時点で交渉が進められているパンデミック条約案には、ワクチンに関して生産・配分・調達の協力を求めているが、強制接種に関わるような内容は含まれていない。,True,False,https://www.mofa.go.jp/mofaj/files/100677431.pdf https://apps.who.int/gb/ebwha/pdf_files/WHA77/A77_10-en.pdf https://www.mofa.go.jp/mofaj/files/100675464.pdf https://www.mofa.go.jp/mofaj/ic/ghp/page23_004456.html,False,パンデミック条約はワクチンに関して生産・配分・調達の協力を求めているが、強制接種に関わるような内容は含まれていない。よって、「パンデミック条約でワクチンが強制接種になる」は誤りと判定する。,0,-,-,-,-,-,-,-,-,-,-,-,-,0,-,-,-,-,-
242,https://www.factcheckcenter.jp/fact-check/health/false-vaccine-mandate-treaty/,2024/6/5,誤り,医療・健康,https://x.com/i/status/1796317847712670198,テキスト,2024年5月時点で交渉が進められているパンデミック条約には、ワクチンの強制接種に関わるような内容は含まれていない。,https://apps.who.int/gb/ebwha/pdf_files/WHA77/A77_10-en.pdf,2024年5月時点で交渉が進められているパンデミック条約案には、ワクチンに関して生産・配分・調達の協力を求めているが、強制接種に関わるような内容は含まれていない。,True,True,https://www.mofa.go.jp/mofaj/files/100677431.pdf https://apps.who.int/gb/ebwha/pdf_files/WHA77/A77_10-en.pdf https://www.mofa.go.jp/mofaj/files/100675464.pdf https://www.mofa.go.jp/mofaj/ic/ghp/page23_004456.html,True,パンデミック条約はワクチンに関して生産・配分・調達の協力を求めているが、強制接種に関わるような内容は含まれていない。よって、正しいと判定する。,0,-,-,-,-,-,-,-,-,-,-,-,-,0,-,-,-,-,-
243,https://www.factcheckcenter.jp/fact-check/politics/false-hikakin-question-governor-koike/,2024/6/10,誤り,政治,https://x.com/i/status/1794616059783422150,"テキスト,画像1",ヒカキンが2020年4月10日に自身のユーチューブチャンネルにアップした動画内で、小池都知事に「老けました？」と失礼な質問をした。,https://www.youtube.com/watch?v=ofCsslfc-So,ヒカキンが2020年4月10日に自身のユーチューブチャンネルにアップした動画内で、小池都知事に「老けました？」と失礼な質問をした画像は、改ざんされた画像である。,True,False,https://www.youtube.com/watch?v=ofCsslfc-So,False,ヒカキン氏が小池都知事に「老けました？」と質問したという言説は誤り。そのような発言はなく、両者の対談動画に第三者が異なるテロップを付けたものだ。,1,True,True,False,-,-,-,-,-,-,-,-,-,0,-,-,-,NA,True
244,https://www.factcheckcenter.jp/fact-check/politics/false-hikakin-question-governor-koike/,2024/6/10,誤り,政治,https://x.com/i/status/1794616059783422150,"テキスト,画像1",ヒカキンが2020年4月10日に自身のユーチューブチャンネルにアップした動画内で、小池都知事に「老けました？」と失礼な質問をした画像は、改ざんされた画像である。,https://www.youtube.com/watch?v=ofCsslfc-So,ヒカキンが2020年4月10日に自身のユーチューブチャンネルにアップした動画内で、小池都知事に「老けました？」と失礼な質問をした画像は、改ざんされた画像である。,True,True,https://www.youtube.com/watch?v=ofCsslfc-So,True,ヒカキン氏が小池都知事に「老けました？」と質問したという言説は誤り。そのような発言はなく、両者の対談動画に第三者が異なるテロップを付けたもので、正しい。,1,True,False,False,-,-,-,-,-,-,-,-,-,0,-,-,-,NA,False
245,https://www.factcheckcenter.jp/fact-check/politics/false-koike-cairo-university-graduation/,2024/6/25,誤り,政治,https://x.com/i/status/1804685306140242209,"テキスト,画像1",投稿された画像は、小池百合子氏の2024年東京都知事選演説で「カイロ大学首席卒業」の垂れ幕を映したものである。,https://x.com/i/status/1804411011946156289,投稿された画像は、小池百合子氏の都知事選演説で「カイロ大学首席卒業」の垂れ幕を映したものであるが、フェイク画像である。,True,False,https://x.com/i/status/1804411011946156289,False,確認できる最も古い時期の画像では、垂れ幕に「カイロ大学首席卒業」などの文字はない。検証対象は、白い垂れ幕に文字を加えるコラージュをしたもので、誤りである。,1,False,True,False,-,-,-,-,-,-,-,-,-,0,-,-,-,True,True
246,https://www.factcheckcenter.jp/fact-check/politics/false-koike-cairo-university-graduation/,2024/6/25,誤り,政治,https://x.com/i/status/1804685306140242209,"テキスト,画像1",投稿された画像は、小池百合子氏の2024年東京都知事選演説で「カイロ大学首席卒業」の垂れ幕を映したものであるが、フェイク画像である。,https://x.com/i/status/1804411011946156289,投稿された画像は、小池百合子氏の都知事選演説で「カイロ大学首席卒業」の垂れ幕を映したものであるが、フェイク画像である。,True,True,https://x.com/i/status/1804411011946156289,True,確認できる最も古い時期の画像では、垂れ幕に「カイロ大学首席卒業」などの文字はない。よって、元の画像には文字はなく、コラージュであることが確認できる。,1,False,False,False,-,-,-,-,-,-,-,-,-,0,-,-,-,True,False
247,https://www.factcheckcenter.jp/fact-check/politics/false-tokyo-2024-election-turnout/,2024/7/9,誤り,政治,https://x.com/i/status/1809914184144146497,テキスト,2024年東京都知事選の投票率は40％弱で、6割の人が投票していない。,https://www.senkyo.metro.tokyo.lg.jp/election/turnout/tochiji-turnout/,2024年東京都知事選の投票率は40％弱で、期日前投票を含めると6割の人が投票している。,False,False,https://www.senkyo.metro.tokyo.lg.jp/election/turnout/tochiji-turnout/,False,投票率40％弱は都知事選当日の投票率であり、期日前投票を含めた投票率は60.62％。よって、都知事選の投票率が40％弱は誤り。,0,-,-,-,-,-,-,-,-,-,-,-,-,0,-,-,-,-,-
248,https://www.factcheckcenter.jp/fact-check/politics/false-tokyo-2024-election-turnout/,2024/7/9,誤り,政治,https://x.com/i/status/1809914184144146497,テキスト,2024年東京都知事選の投票率は40％弱で、期日前投票を含めると6割の人が投票している。,https://www.senkyo.metro.tokyo.lg.jp/election/turnout/tochiji-turnout/,2024年東京都知事選の投票率は40％弱で、期日前投票を含めると6割の人が投票している。,False,True,https://www.senkyo.metro.tokyo.lg.jp/election/turnout/tochiji-turnout/,True,投票率40％弱は都知事選当日の投票率であり、期日前投票を含めた投票率は60.62％。よって、正しい。,0,-,-,-,-,-,-,-,-,-,-,-,-,0,-,-,-,-,-
249,https://www.factcheckcenter.jp/fact-check/politics/false-crowd-image-tokyo-election-2024/,2024/7/11,誤り,政治,https://x.com/i/status/1809110663790526539,"テキスト,画像1",投稿された画像は、石丸伸二氏の2024年東京都知事選挙演説に集まった群衆を映したものである。,https://www.shutterstock.com/ja/blog/freddie-mercury-photos-photographer-richard-young,群衆の画像は、イギリスのロックバンド「Queen」のコンサート画像である。,True,False,https://www.shutterstock.com/ja/blog/freddie-mercury-photos-photographer-richard-young https://twitter.com/ishimarukoenkai https://twitter.com/i/status/1804394319195050329/photo/1,False,拡散した画像は2024年6月の演説の様子と、海外のロックバンドの観客の画像を合成している。よって、この画像に関しては実際の演説の様子ではなく、誤り。,1,True,True,False,-,-,-,-,-,-,-,-,-,0,-,-,-,True,True
250,https://www.factcheckcenter.jp/fact-check/politics/false-crowd-image-tokyo-election-2024/,2024/7/11,誤り,政治,https://x.com/i/status/1809110663790526539,"テキスト,画像1",投稿された画像は、石丸伸二氏の2024年東京都知事選挙演説に集まった群衆を映したものであるが、合成画像である。,https://www.shutterstock.com/ja/blog/freddie-mercury-photos-photographer-richard-young,群衆の画像は、イギリスのロックバンド「Queen」のコンサート画像である。,True,True,https://www.shutterstock.com/ja/blog/freddie-mercury-photos-photographer-richard-young https://twitter.com/ishimarukoenkai https://twitter.com/i/status/1804394319195050329/photo/1,True,拡散した画像は2024年6月の演説の様子と、海外のロックバンドの観客の画像を合成している。よって、正しい。,1,True,False,False,-,-,-,-,-,-,-,-,-,0,-,-,-,True,False
251,https://www.factcheckcenter.jp/fact-check/international/false-shanghai-consul-japan-companies-leaving/,2024/7/19,誤り,国際,https://x.com/i/status/1807220133129302124,"テキスト,画像1",2024年6月24日の蘇州日本人学校スクールバス襲撃事件をうけ、上海総領事が「日系企業が中国撤退」との文書を出した。,https://www.shanghai.cn.emb-japan.go.jp/itpr_ja/11_000001_01525.html,2024年6月24日の蘇州日本人学校スクールバス襲撃事件をうけ、上海総領事が被害者の遺族に対してお悔みの声明を発表したが、「日系企業が中国から撤退する」という文書を出していない。,True,False,https://www3.nhk.or.jp/news/html/20240628/k10014494931000.html https://www.shanghai.cn.emb-japan.go.jp/itpr_ja/11_000001_01526.html https://www.shanghai.cn.emb-japan.go.jp/itpr_ja/11_000001_01525.html,False,上海総領事が「日系企業が中国撤退を決めた」との文書を通達したとの言説は誤り。根拠として添付されている声明にそのような内容はなく、総領事館も否定している。,1,False,False,False,-,-,-,-,-,-,-,-,-,0,-,-,-,-,-
252,https://www.factcheckcenter.jp/fact-check/international/false-shanghai-consul-japan-companies-leaving/,2024/7/19,誤り,国際,https://x.com/i/status/1807220133129302124,"テキスト,画像1",2024年6月24日の蘇州日本人学校スクールバス襲撃事件をうけ、上海総領事が被害者の遺族に対してお悔みの声明を発表したが、「日系企業が中国から撤退する」という文書を出していない。,https://www.shanghai.cn.emb-japan.go.jp/itpr_ja/11_000001_01525.html,2024年6月24日の蘇州日本人学校スクールバス襲撃事件をうけ、上海総領事が被害者の遺族に対してお悔みの声明を発表したが、「日系企業が中国から撤退する」という文書を出していない。,True,True,https://www3.nhk.or.jp/news/html/20240628/k10014494931000.html https://www.shanghai.cn.emb-japan.go.jp/itpr_ja/11_000001_01526.html https://www.shanghai.cn.emb-japan.go.jp/itpr_ja/11_000001_01525.html,True,上海総領事が「日系企業が中国撤退を決めた」との文書を通達していないとの言説は正しい。総領事館も肯定している。,1,False,True,False,-,-,-,-,-,-,-,-,-,0,-,-,-,True,True
253,https://www.factcheckcenter.jp/fact-check/politics/inaccurate-koike-recall-campaign-started/,2024/7/19,不正確,政治,https://x.com/i/status/1810662763431403619,"テキスト,画像1",署名400万人集めれば小池都知事をリコールできる。,https://laws.e-gov.go.jp/law/322AC0000000067,就任日から1年後以降に有権者の署名の約154万人以上の署名を集めれば、小池都知事を解職請求できる。,NA,False,https://elaws.e-gov.go.jp/document?lawid=322AC0000000067 https://www.senkyo.metro.tokyo.lg.jp/uploads/0619_tochiji.xlsx https://www.soumu.go.jp/main_content/000451016.pdf https://www.nga.gr.jp/pref_info/chijifile/generations/13/,NEI,首長のリコールは法律で定められている。東京都の場合、現在の有権者数から試算すると約154万人以上の有権者による署名が必要となり、「400万集まれば」という言説の根拠は明らかでない。投票を経た場合には就任日から1年以内はリコールできないという条件もある。よって、不正確（ミスリード）と判定する。,1,True,False,False,-,-,-,-,-,-,-,-,-,0,-,-,-,True,False
254,https://www.factcheckcenter.jp/fact-check/politics/inaccurate-koike-recall-campaign-started/,2024/7/19,不正確,政治,https://x.com/i/status/1810662763431403619,"テキスト,画像1",就任日から1年後以降に有権者の署名の約154万人以上の署名を集めれば、小池都知事を解職請求できる。,https://laws.e-gov.go.jp/law/322AC0000000067,就任日から1年後以降に有権者の署名の約154万人以上の署名を集めれば、小池都知事を解職請求できる。,NA,True,https://elaws.e-gov.go.jp/document?lawid=322AC0000000067 https://www.senkyo.metro.tokyo.lg.jp/uploads/0619_tochiji.xlsx https://www.soumu.go.jp/main_content/000451016.pdf https://www.nga.gr.jp/pref_info/chijifile/generations/13/,True,”首長のリコールは法律で定められている。東京都の場合、現在の有権者数から試算すると約154万人以上の有権者による署名が必要となり、「有権者400万集まれば」リコールできるため、正しい。,1,True,True,False,-,-,-,-,-,-,-,-,-,0,-,-,-,True,True
255,https://www.factcheckcenter.jp/fact-check/international/false-seine-river-triathlon-paris2024/,2024/8/1,誤り,国際,https://x.com/i/status/1818420305942946251,テキスト,2024年7月31日パリ五輪のトライアスロンはスイムなしで開催された。,https://www.afpbb.com/articles/-/3531752,2024年7月31日パリ五輪のトライアスロンは、水泳も含めて開催された。,False,False,https://www.afpbb.com/articles/-/3531752,False,「パリオリンピックのトライアスロンが水泳無しで開催することを決定」は誤り。スイム会場であるセーヌ川の水質悪化の影響でトライアスロン男子は1日延期されたものの、7月31日に女子とともにセーヌ川で開催された。,0,-,-,-,-,-,-,-,-,-,-,-,-,0,-,-,-,-,-
256,https://www.factcheckcenter.jp/fact-check/international/false-seine-river-triathlon-paris2024/,2024/8/1,誤り,国際,https://x.com/i/status/1818420305942946251,テキスト,2024年7月31日パリ五輪のトライアスロンは、水泳も含めて開催された。,https://www.afpbb.com/articles/-/3531752,2024年7月31日パリ五輪のトライアスロンは、水泳も含めて開催された。,False,True,https://www.afpbb.com/articles/-/3531752,True,スイム会場であるセーヌ川の水質悪化の影響でトライアスロン男子は1日延期されたものの、7月31日に女子とともにセーヌ川で開催された。よって、正しい。,0,-,-,-,-,-,-,-,-,-,-,-,-,0,-,-,-,-,-
257,https://www.factcheckcenter.jp/fact-check/disasters/false-earthquake-clouds/,2024/8/10,誤り,災害,https://x.com/i/status/1821482609563562041,"テキスト,画像1,画像2",2024年8月8日に発生した日向灘を震源とする地震に関連して、画像は地震前日の地震雲である。,https://x.com/i/status/1821479981383557562,投稿された画像は、地震雲ではなく飛行機雲である。,False,False,https://x.com/i/status/1821479981383557562,False,日向灘を震源とする地震に関連づけて「地震雲が発生していた」という言説は、誤り。地震と雲は全く別の現象だと気象庁は否定している。,2,False,True,False,False,True,False,-,-,-,-,-,-,0,-,-,-,NA,True
258,https://www.factcheckcenter.jp/fact-check/disasters/false-earthquake-clouds/,2024/8/10,誤り,災害,https://x.com/i/status/1821482609563562041,"テキスト,画像1,画像2",2024年8月8日に発生した日向灘を震源とする地震に関連して、前日に地震雲が現れていた。,https://www.jma.go.jp/jma/kishou/know/faq/faq24.html,地震と前日の雲に関連性はない。,NA,False,https://www.jma.go.jp/jma/kishou/know/faq/faq24.html,False,日向灘を震源とする地震に関連づけて「地震雲が発生していた」という言説は、誤り。地震と雲は全く別の現象だと気象庁は否定している。,2,False,True,False,False,True,False,-,-,-,-,-,-,0,-,-,-,NA,True
259,https://www.factcheckcenter.jp/fact-check/disasters/false-earthquake-clouds/,2024/8/10,誤り,災害,https://x.com/i/status/1821482609563562041,"テキスト,画像1,画像2",投稿された画像は、地震雲ではなく飛行機雲である。,https://x.com/i/status/1821479981383557562,投稿された画像は、地震雲ではなく飛行機雲である。,False,True,https://x.com/i/status/1821479981383557562,True,日向灘を震源とする地震に関連づけて「地震雲が発生していた」という言説は、誤り。地震と雲は全く別の現象だと気象庁は否定している。,2,False,False,False,False,False,False,-,-,-,-,-,-,0,-,-,-,NA,False
260,https://www.factcheckcenter.jp/fact-check/disasters/false-earthquake-clouds/,2024/8/10,誤り,災害,https://x.com/i/status/1821482609563562041,"テキスト,画像1,画像2",地震と前日の雲に関連性はない。,https://x.com/i/status/1821479981383557562,地震と前日の雲に関連性はない。,NA,True,https://x.com/i/status/1821479981383557562,True,日向灘を震源とする地震に関連づけて「地震雲が発生していた」という言説は、誤り。地震と雲は全く別の現象だと気象庁は否定している。,2,False,False,False,False,False,False,-,-,-,-,-,-,0,-,-,-,NA,False
261,https://www.factcheckcenter.jp/fact-check/disasters/false-meteorological-agency-earthquake/,2024/8/10,誤り,災害,https://x.com/i/status/1821510018442928487,"テキスト,動画1",2024年8月8日の宮崎県の地震は人工地震である。,https://www.jma.go.jp/jma/press/2408/08e/NT_202408081945sv.pdf,2024年8月8日の宮崎県の地震は逆断層型の地震である。,True,False,https://www.jma.go.jp/jma/press/2408/08e/NT_202408081945sv.pdf,False,「気象庁が人工地震の存在を暴露」は誤り。根拠とされる動画は2016年に北朝鮮付近を震源とする大きな揺れに「自然地震でない」と気象庁が会見した過去の動画だ。,0,-,-,-,-,-,-,-,-,-,-,-,-,1,True,True,False,True,True
262,https://www.factcheckcenter.jp/fact-check/disasters/false-meteorological-agency-earthquake/,2024/8/10,誤り,災害,https://x.com/i/status/1821510018442928487,"テキスト,動画1",2024年8月8日の宮崎県の地震は逆断層型の地震である。,https://www.jma.go.jp/jma/press/2408/08e/NT_202408081945sv.pdf,2024年8月8日の宮崎県の地震は逆断層型の地震である。,True,True,https://www.jma.go.jp/jma/press/2408/08e/NT_202408081945sv.pdf,True,気象庁は「南海トラフ巨大地震臨時情報（巨大地震注意）」に関する報道発表資料で「陸のプレートとフィリピン海プレートの境界で発生した、逆断層型の地震」と説明している。,0,-,-,-,-,-,-,-,-,-,-,-,-,1,True,True,False,True,True
263,https://www.factcheckcenter.jp/fact-check/disasters/false-meteorological-agency-earthquake/,2024/8/10,誤り,災害,https://x.com/i/status/1821546943539298600,"テキスト,動画1",2024年8月8日の宮崎県の地震は人工地震である。,https://www.jma.go.jp/jma/press/2408/08e/NT_202408081945sv.pdf,動画は共同通信公式YouTubeが2016年1月6日に配信した北朝鮮付近を震源とする地震に関する気象庁会見である。,True,False,https://www.jma.go.jp/jma/press/2408/08e/NT_202408081945sv.pdf,False,「気象庁が人工地震の存在を暴露」は誤り。根拠とされる動画は2016年に北朝鮮付近を震源とする大きな揺れに「自然地震でない」と気象庁が会見した過去の動画だ。,0,-,-,-,-,-,-,-,-,-,-,-,-,1,True,True,False,True,True
264,https://www.factcheckcenter.jp/fact-check/disasters/false-meteorological-agency-earthquake/,2024/8/10,誤り,災害,https://x.com/i/status/1821546943539298600,"テキスト,動画1",動画は共同通信公式YouTubeが2016年1月6日に配信した北朝鮮付近を震源とする地震に関する気象庁会見である。,https://www.jma.go.jp/jma/press/2408/08e/NT_202408081945sv.pdf,動画は共同通信公式YouTubeが2016年1月6日に配信した北朝鮮付近を震源とする地震に関する気象庁会見である。,True,True,https://www.jma.go.jp/jma/press/2408/08e/NT_202408081945sv.pdf,True,根拠とされる動画は2016年に北朝鮮付近を震源とする大きな揺れに「自然地震でない」と気象庁が会見した過去の動画だ。,0,-,-,-,-,-,-,-,-,-,-,-,-,1,True,False,False,True,False
265,https://www.factcheckcenter.jp/fact-check/disasters/false-meteorological-agency-earthquake/,2024/8/10,誤り,災害,https://x.com/i/status/1821607730215579771,"テキスト,動画1",2024年8月8日の宮崎県の地震は人工地震である。,https://www.jma.go.jp/jma/press/2408/08e/NT_202408081945sv.pdf,2024年8月8日の宮崎県の地震は逆断層型の地震である。,True,False,https://www.jma.go.jp/jma/press/2408/08e/NT_202408081945sv.pdf,False,「気象庁が人工地震の存在を暴露」は誤り。根拠とされる動画は2016年に北朝鮮付近を震源とする大きな揺れに「自然地震でない」と気象庁が会見した過去の動画だ。,0,-,-,-,-,-,-,-,-,-,-,-,-,1,True,True,False,True,True
266,https://www.factcheckcenter.jp/fact-check/disasters/false-meteorological-agency-earthquake/,2024/8/10,誤り,災害,https://x.com/i/status/1821607730215579771,"テキスト,動画1",2024年8月8日の宮崎県の地震は逆断層型の地震である。,https://www.jma.go.jp/jma/press/2408/08e/NT_202408081945sv.pdf,2024年8月8日の宮崎県の地震は逆断層型の地震である。,True,True,https://www.jma.go.jp/jma/press/2408/08e/NT_202408081945sv.pdf,True,気象庁は「南海トラフ巨大地震臨時情報（巨大地震注意）」に関する報道発表資料で「陸のプレートとフィリピン海プレートの境界で発生した、逆断層型の地震」と説明している。,0,-,-,-,-,-,-,-,-,-,-,-,-,1,True,True,False,True,True
267,https://www.factcheckcenter.jp/fact-check/disasters/false-meteorological-agency-earthquake/,2024/8/10,誤り,災害,https://x.com/i/status/1821751285005348891,"テキスト,動画1",2024年8月8日の宮崎県の地震は人工地震である。,https://www.jma.go.jp/jma/press/2408/08e/NT_202408081945sv.pdf,動画は共同通信公式YouTubeが2016年1月6日に配信した北朝鮮付近を震源とする地震に関する気象庁会見である。,True,False,https://www.jma.go.jp/jma/press/2408/08e/NT_202408081945sv.pdf,False,「気象庁が人工地震の存在を暴露」は誤り。根拠とされる動画は2016年に北朝鮮付近を震源とする大きな揺れに「自然地震でない」と気象庁が会見した過去の動画だ。,0,-,-,-,-,-,-,-,-,-,-,-,-,1,True,True,False,True,True
268,https://www.factcheckcenter.jp/fact-check/disasters/false-meteorological-agency-earthquake/,2024/8/10,誤り,災害,https://x.com/i/status/1821751285005348891,"テキスト,動画1",動画は共同通信公式YouTubeが2016年1月6日に配信した北朝鮮付近を震源とする地震に関する気象庁会見である。,https://www.jma.go.jp/jma/press/2408/08e/NT_202408081945sv.pdf,動画は共同通信公式YouTubeが2016年1月6日に配信した北朝鮮付近を震源とする地震に関する気象庁会見である。,True,True,https://www.jma.go.jp/jma/press/2408/08e/NT_202408081945sv.pdf,True,根拠とされる動画は2016年に北朝鮮付近を震源とする大きな揺れに「自然地震でない」と気象庁が会見した過去の動画だ。,0,-,-,-,-,-,-,-,-,-,-,-,-,1,True,False,False,True,False
269,https://www.factcheckcenter.jp/fact-check/politics/false-pm-kishida-escaped-abroad/,2024/8/13,誤り,政治,https://x.com/i/status/1821531814747673005,テキスト,2024年8月8日の宮崎県の日向灘大地震で岸田首相が海外へ脱出した。,https://www.asahi.com/articles/ASS8911TFS89UTFK001M.html,2024年8月9日岸田首相は「政府としての対応や情報の発信に万全を期すべきだと判断した」として、中央アジアへの訪問を取りやめた。,False,False,https://www.asahi.com/articles/ASS8911TFS89UTFK001M.html,False,岸田首相、海外へ脱出は誤り。岸田首相は、日向灘を震源とする地震発生と南海トラフ地震臨時情報が出されたことで、予定していた中央アジア訪問を取りやめている。,0,-,-,-,-,-,-,-,-,-,-,-,-,0,-,-,-,-,-
270,https://www.factcheckcenter.jp/fact-check/politics/false-pm-kishida-escaped-abroad/,2024/8/13,誤り,政治,https://x.com/i/status/1821531814747673005,テキスト,2024年8月9日岸田首相は「政府としての対応や情報の発信に万全を期すべきだと判断した」として、中央アジアへの訪問を取りやめた。,https://www.asahi.com/articles/ASS8911TFS89UTFK001M.html,2024年8月9日岸田首相は「政府としての対応や情報の発信に万全を期すべきだと判断した」として、中央アジアへの訪問を取りやめた。,False,True,https://www.asahi.com/articles/ASS8911TFS89UTFK001M.html,True,岸田首相、海外へ脱出は誤り。岸田首相は、日向灘を震源とする地震発生と南海トラフ地震臨時情報が出されたことで、予定していた中央アジア訪問を取りやめている。なので、正しい。,0,-,-,-,-,-,-,-,-,-,-,-,-,0,-,-,-,-,-
271,https://www.factcheckcenter.jp/fact-check/disasters/article-false-claims-men-not-help-women-disasters/,2024/8/14,誤り,災害,https://x.com/i/status/1822176139860902388,テキスト,窃盗犯の多くは女性である。,https://hakusyo1.moj.go.jp/jp/70/nfm/excel/1-1-1-6.xlsx,窃盗犯の多くは男性である。,False,False,https://hakusyo1.moj.go.jp/jp/70/nfm/excel/1-1-1-6.xlsx,False,「窃盗犯の多くは女性」は誤り。犯罪白書の統計によれば、2022年の窃盗罪での検挙人員のうち女性は31.9%だ。,0,-,-,-,-,-,-,-,-,-,-,-,-,0,-,-,-,-,-
272,https://www.factcheckcenter.jp/fact-check/disasters/article-false-claims-men-not-help-women-disasters/,2024/8/14,誤り,災害,https://x.com/i/status/1822176139860902388,テキスト,窃盗犯の多くは男性である。,https://hakusyo1.moj.go.jp/jp/70/nfm/excel/1-1-1-6.xlsx,窃盗犯の多くは男性である。,False,True,https://hakusyo1.moj.go.jp/jp/70/nfm/excel/1-1-1-6.xlsx,True,犯罪白書の統計によれば、2022年の窃盗罪での検挙人員のうち女性は31.9%だ。,0,-,-,-,-,-,-,-,-,-,-,-,-,0,-,-,-,-,-
273,https://www.factcheckcenter.jp/fact-check/politics/false-kamala-harris-ai-rally-image/,2024/8/14,誤り,政治,https://x.com/i/status/1822405210234601748,"テキスト,画像1",2024年米大統領選に関連して、ハリス陣営が集会画像をAIで生成した。,https://x.com/i/status/1822385849708999007,投稿された画像は、生成AIで生成されたものである。,True,False,https://x.com/i/status/1822385849708999007,False,「カマラ・ハリス陣営がAI画像を使って集会の出席者を偽造していた」は誤り。画像の作成者はネタとして画像作成していると投稿しており、カマラ・ハリス陣営との繋がりを示す根拠はない。,1,True,True,True,-,-,-,-,-,-,-,-,-,0,-,-,-,True,True
274,https://www.factcheckcenter.jp/fact-check/politics/false-kamala-harris-ai-rally-image/,2024/8/14,誤り,政治,https://x.com/i/status/1822405210234601748,"テキスト,画像1",投稿された画像は、生成AIで生成された画像である。,https://x.com/i/status/1822385849708999007,投稿された画像は、生成AIで生成されたものである。,True,True,https://x.com/i/status/1822385849708999007,True,このアカウントはこの画像を投稿した後に「これはAIで生成した写真だ」とも投稿し、自らを「パロディアカウント」と説明している。,1,True,False,True,-,-,-,-,-,-,-,-,-,0,-,-,-,True,False
275,https://www.factcheckcenter.jp/fact-check/international/false-bush-death-video-circulates/,2024/8/16,誤り,国際,https://x.com/i/status/1823203630448820560,"テキスト,動画1",2024年8月、ブッシュ元大統領がテレビの生中継中に亡くなった。,https://news.ntv.co.jp/category/politics/cacc2ae483224362bfe9683d3fbff8a1,1992年に、宮澤首相(当時)が主催した夕食会でジョージ・H・W・ブッシュ米大統領(当時)が嘔吐し、倒れた時の動画である。,True,False,https://news.ntv.co.jp/category/politics/cacc2ae483224362bfe9683d3fbff8a1,False,映像は1992年に撮影されたもので、ジョージ・H・W・ブッシュ元大統領は2018年に既に亡くなっている。また、息子のジョージ・W.ブッシュ元大統領については、関係するアカウントや世界の報道機関は訃報を報じていない。よって「訃報 速報」とした動画の言説は誤りと判定した。,0,-,-,-,-,-,-,-,-,-,-,-,-,1,False,True,False,-,-
276,https://www.factcheckcenter.jp/fact-check/international/false-bush-death-video-circulates/,2024/8/16,誤り,国際,https://x.com/i/status/1823203630448820560,"テキスト,動画1",投稿された動画は、1992年に、宮澤首相(当時)が主催した夕食会でジョージ・H・W・ブッシュ米大統領(当時)が嘔吐し、倒れた時の動画である。,https://news.ntv.co.jp/category/politics/cacc2ae483224362bfe9683d3fbff8a1,1992年に、宮澤首相(当時)が主催した夕食会でジョージ・H・W・ブッシュ米大統領(当時)が嘔吐し、倒れた時の動画である。,True,True,https://news.ntv.co.jp/category/politics/cacc2ae483224362bfe9683d3fbff8a1,True,映像は1992年に撮影されたもので、ジョージ・H・W・ブッシュ元大統領は2018年に既に亡くなっている。また、息子のジョージ・W.ブッシュ元大統領については、関係するアカウントや世界の報道機関は訃報を報じていない。よって正しいと判定した。,0,-,-,-,-,-,-,-,-,-,-,-,-,1,False,False,False,True,False
277,https://www.factcheckcenter.jp/fact-check/politics/false-media-applauds-takayuki-kobayashi-2024/,2024/8/22,誤り,政治,https://x.com/i/status/1825422127207719037,"テキスト,動画1",2024年の自民党総裁選に立候補を表明した小林鷹之議員の会見でメディア一同が拍手で送り出した。,https://www.youtube.com/live/hE9MYQWC--o?t=4409s,2024年の自民党総裁選に立候補を表明した小林鷹之議員の会見で、拍手で送り出したのは国会議員である。,NA,False,https://www.youtube.com/live/hE9MYQWC--o?t=4409s,False,小林氏の記者会見で拍手をしたのは国会議員でありメディアではない。よって「メディア一同が拍手で送り出す」は誤り。,0,-,-,-,-,-,-,-,-,-,-,-,-,1,False,False,False,-,-
278,https://www.factcheckcenter.jp/fact-check/politics/false-media-applauds-takayuki-kobayashi-2024/,2024/8/22,誤り,政治,https://x.com/i/status/1825422127207719037,"テキスト,動画1",2024年の自民党総裁選に立候補を表明した小林鷹之議員の会見で、拍手で送り出したのは国会議員である。,https://www.youtube.com/live/hE9MYQWC--o?t=4409s,2024年の自民党総裁選に立候補を表明した小林鷹之議員の会見で、拍手で送り出したのは国会議員である。,NA,True,https://www.youtube.com/live/hE9MYQWC--o?t=4409s,True,小林氏の記者会見で拍手をしたのは国会議員でありメディアではない。よって「メディア一同が拍手で送り出していない」は正しい。,0,-,-,-,-,-,-,-,-,-,-,-,-,1,False,False,False,True,False
279,https://www.factcheckcenter.jp/fact-check/international/false-obama-guantanamo-detention-claim/,2024/8/27,誤り,国際,https://x.com/i/status/1827694533024641054,"テキスト,動画1",投稿された動画は、2024年8月オバマ元大統領がグアンタナモ湾収容キャンプに収監されたときの動画である。,https://www.afpbb.com/articles/photo-slide-mp/2953460?pno=7#/9,投稿された動画は、キューバのグアンタナモ湾収容キャンプではなく、2013年6月オバマ氏が南アメリカのロベン島を視察で訪れた時のものだ。,True,False,https://www.afpbb.com/articles/photo-slide-mp/2953460?pno=7#/9,False,オバマ元大統領がグアンタナモ湾収容キャンプに収監されたという映像は、誤り。拡散した映像はオバマ氏が南アフリカ・ロベン島の元刑務所を視察した時のものだ。,0,-,-,-,-,-,-,-,-,-,-,-,-,1,False,False,False,-,-
280,https://www.factcheckcenter.jp/fact-check/international/false-obama-guantanamo-detention-claim/,2024/8/27,誤り,国際,https://x.com/i/status/1827694533024641054,"テキスト,動画1",投稿された動画は、キューバのグアンタナモ湾収容キャンプではなく、2013年6月オバマ氏が南アメリカのロベン島を視察で訪れた時のものだ。,https://www.afpbb.com/articles/photo-slide-mp/2953460?pno=7#/9,投稿された動画は、キューバのグアンタナモ湾収容キャンプではなく、2013年6月オバマ氏が南アメリカのロベン島を視察で訪れた時のものだ。,True,True,https://www.afpbb.com/articles/photo-slide-mp/2953460?pno=7#/9,True,オバマ元大統領がグアンタナモ湾収容キャンプに収監されたという映像は、誤り。拡散した映像はオバマ氏が南アフリカ・ロベン島の元刑務所を視察した時のものである。,0,-,-,-,-,-,-,-,-,-,-,-,-,1,False,False,False,True,False
281,https://www.factcheckcenter.jp/fact-check/disasters/false_mobile_haarp_typhoon_image/,2024/8/29,誤り,災害,https://x.com/i/status/1827586382866608574,"テキスト,画像1",海上移動式HAARPは台風の進路をコントロールする。,https://www.uaf.edu/news/haarp-to-hold-public-open-house-in-august.php,海上移動式HAARPは台風の進路をコントロールしない。,True,False,https://www.uaf.edu/news/haarp-to-hold-public-open-house-in-august.php,False,拡散した画像は海上に配備されたアメリカの弾道ミサイル防衛システムの一部であり、オーロラ研究のHAARP設備ではない。また、台風の進路に影響を与えるような装置でもない。よって誤りと判定した。,1,True,True,False,-,-,-,-,-,-,-,-,-,0,-,-,-,True,True
282,https://www.factcheckcenter.jp/fact-check/disasters/false_mobile_haarp_typhoon_image/,2024/8/29,誤り,災害,https://x.com/i/status/1827586382866608574,"テキスト,画像1",2024年8月に投稿された画像は、海上移動式HAARPである。,https://www.msc.usff.navy.mil/Press-Room/Photo-Gallery/igphoto/2002479545/,2024年8月に投稿された画像は、海上に配備されたアメリカの弾道ミサイル防衛システムの一部である。,NA,False,https://www.msc.usff.navy.mil/Press-Room/Photo-Gallery/igphoto/2002479545/,False,拡散した画像は海上に配備されたアメリカの弾道ミサイル防衛システムの一部であり、オーロラ研究のHAARP設備ではない。また、台風の進路に影響を与えるような装置でもない。よって誤りと判定した。,1,True,True,False,-,-,-,-,-,-,-,-,-,0,-,-,-,True,True
283,https://www.factcheckcenter.jp/fact-check/disasters/false_mobile_haarp_typhoon_image/,2024/8/29,誤り,災害,https://x.com/i/status/1827586382866608574,"テキスト,画像1",2024年8月に投稿された画像の設備が、台風の進路コントロールした。,https://www.uaf.edu/news/haarp-to-hold-public-open-house-in-august.php,2024年8月に投稿された画像の設備は、台風の進路コントロールするものではない。,True,False,https://haarp.gi.alaska.edu/ https://www.uaf.edu/news/haarp-to-hold-public-open-house-in-august.php https://commons.wikimedia.org/wiki/File:Sbx_underway.jpg https://www.msc.usff.navy.mil/Press-Room/Photo-Gallery/igphoto/2002479545/ https://missiledefenseadvocacy.org/defense-systems/sea-based-x-band-radar-sbx/ https://en.teyit.org/fact-check/did-haarp-ship-drop-anchor-in-canakkale https://faktencheck.afp.com/doc.afp.com.33QX2Y7 https://www.data.jma.go.jp/yoho/typhoon/route_map/index.html,False,拡散した画像は海上に配備されたアメリカの弾道ミサイル防衛システムの一部であり、オーロラ研究のHAARP設備ではない。また、台風の進路に影響を与えるような装置でもない。よって誤りと判定した。,1,True,True,False,-,-,-,-,-,-,-,-,-,0,-,-,-,True,True
284,https://www.factcheckcenter.jp/fact-check/disasters/false_mobile_haarp_typhoon_image/,2024/8/29,誤り,災害,https://x.com/i/status/1827586382866608574,"テキスト,画像1",海上移動式HAARPは台風の進路をコントロールしない。,https://www.uaf.edu/news/haarp-to-hold-public-open-house-in-august.php,海上移動式HAARPは台風の進路をコントロールしない。,True,True,https://www.uaf.edu/news/haarp-to-hold-public-open-house-in-august.php,True,拡散した画像は海上に配備されたアメリカの弾道ミサイル防衛システムの一部であり、オーロラ研究のHAARP設備ではない。また、台風の進路に影響を与えるような装置でもない。,1,True,True,False,-,-,-,-,-,-,-,-,-,0,-,-,-,True,True
285,https://www.factcheckcenter.jp/fact-check/disasters/false_mobile_haarp_typhoon_image/,2024/8/29,誤り,災害,https://x.com/i/status/1827586382866608574,"テキスト,画像1",2024年8月に投稿された画像は、海上に配備されたアメリカの弾道ミサイル防衛システムの一部である。,https://www.msc.usff.navy.mil/Press-Room/Photo-Gallery/igphoto/2002479545/,2024年8月に投稿された画像は、海上に配備されたアメリカの弾道ミサイル防衛システムの一部である。,NA,True,https://haarp.gi.alaska.edu/ https://www.uaf.edu/news/haarp-to-hold-public-open-house-in-august.php https://commons.wikimedia.org/wiki/File:Sbx_underway.jpg https://www.msc.usff.navy.mil/Press-Room/Photo-Gallery/igphoto/2002479545/ https://missiledefenseadvocacy.org/defense-systems/sea-based-x-band-radar-sbx/ https://en.teyit.org/fact-check/did-haarp-ship-drop-anchor-in-canakkale https://faktencheck.afp.com/doc.afp.com.33QX2Y7 https://www.data.jma.go.jp/yoho/typhoon/route_map/index.html,True,拡散した画像は海上に配備されたアメリカの弾道ミサイル防衛システムの一部であり、オーロラ研究のHAARP設備ではない。また、台風の進路に影響を与えるような装置でもない。,1,True,False,False,-,-,-,-,-,-,-,-,-,0,-,-,-,True,False
286,https://www.factcheckcenter.jp/fact-check/disasters/false_mobile_haarp_typhoon_image/,2024/8/29,誤り,災害,https://x.com/i/status/1827586382866608574,"テキスト,画像1",2024年8月に投稿された画像の設備は、台風の進路コントロールするものではない。,https://www.uaf.edu/news/haarp-to-hold-public-open-house-in-august.php,2024年8月に投稿された画像の設備は、台風の進路コントロールするものではない。,True,True,https://www.uaf.edu/news/haarp-to-hold-public-open-house-in-august.php,True,拡散した画像は海上に配備されたアメリカの弾道ミサイル防衛システムの一部であり、オーロラ研究のHAARP設備ではない。また、台風の進路に影響を与えるような装置でもない。,1,True,False,False,-,-,-,-,-,-,-,-,-,0,-,-,-,True,False
287,https://www.factcheckcenter.jp/fact-check/international/false-brazilian-carnival-korean/,2024/9/6,誤り,国際,https://x.com/i/status/1831530241879368057,"テキスト,動画1",2020年のブラジルカーニバルで原爆投下を揶揄して喜ぶブラジルの朝鮮人がいた。,https://x.com/i/status/1232569593673052161,2020年ブラジルのカーニバルに参加した、サンバチーム「アギア・ジ・オウロ」が、B29やキノコ雲、炎に燃える原爆ドームを山車で再現し、広島や長崎にルーツを持つ日系人も参加した。,True,False,https://x.com/i/status/1232569593673052161,False,拡散した動画の山車はサンバチーム「アギア・デ・オウロ」によって製作され、カーニバルの意図に賛同した日系人が演じている。よって「原爆投下を揶揄して喜んでいたのはブラジルの朝鮮人たち」は誤り。,0,-,-,-,-,-,-,-,-,-,-,-,-,1,False,True,False,-,-
288,https://www.factcheckcenter.jp/fact-check/international/false-brazilian-carnival-korean/,2024/9/6,誤り,国際,https://x.com/i/status/1831530241879368057,"テキスト,動画1",2020年ブラジルのカーニバルに参加した、サンバチーム「アギア・ジ・オウロ」が、B29やキノコ雲、炎に燃える原爆ドームを山車で再現し、広島や長崎にルーツを持つ日系人も参加した。,https://x.com/i/status/1232569593673052161,2020年ブラジルのカーニバルに参加した、サンバチーム「アギア・ジ・オウロ」が、B29やキノコ雲、炎に燃える原爆ドームを山車で再現し、広島や長崎にルーツを持つ日系人も参加した。,True,True,https://x.com/i/status/1232569593673052161,True,拡散した動画の山車はサンバチーム「アギア・デ・オウロ」によって製作され、カーニバルの意図に賛同した日系人が演じている。よって、正しい。,0,-,-,-,-,-,-,-,-,-,-,-,-,1,False,False,False,NA,False
289,https://www.factcheckcenter.jp/fact-check/politics/aaa-com-article-accurate-koizumi-warns-typhoon/,2024/9/6,正確,政治,https://x.com/i/status/1830362615023014123,"テキスト,動画1",2024年8月31日に小泉進次郎氏が台風10号の注意喚起をする動画はAI加工ではない。,https://www.youtube.com/watch?v=Z2eHE5POBKU,2024年8月31日に小泉進次郎氏が台風10号の注意喚起をする動画はAI加工ではない。,True,True,https://www.youtube.com/watch?v=Z2eHE5POBKU,True,AIで加工された偽物などではなく、小泉氏が台風10号で注意喚起をしていることは事実であり、「正確な情報」と判定。,0,-,-,-,-,-,-,-,-,-,-,-,-,1,True,False,False,True,False
290,https://www.factcheckcenter.jp/fact-check/politics/aaa-com-article-accurate-koizumi-warns-typhoon/,2024/9/6,正確,政治,https://x.com/i/status/1830362615023014123,"テキスト,動画1",2024年8月31日に小泉進次郎氏が台風10号の注意喚起をする動画はAI加工である。,https://www.youtube.com/watch?v=Z2eHE5POBKU,2024年8月31日に小泉進次郎氏が台風10号の注意喚起をする動画はAI加工ではない。,True,False,https://www.youtube.com/watch?v=Z2eHE5POBKU,False,AIで加工された偽物などではなく、小泉氏が台風10号で注意喚起をしていることは事実であり、誤り。,0,-,-,-,-,-,-,-,-,-,-,-,-,1,True,True,False,True,True
291,https://www.factcheckcenter.jp/fact-check/politics/article-false-claims-abe-disaster-visit-photoshopped/,2024/9/9,誤り,政治,https://x.com/i/status/1832100547077533895,"テキスト,画像1",安倍元首相の2019年台風19号の被災地訪問は、スタジオ撮影である。,https://www.kantei.go.jp/jp/98_abe/actions/201910/17sisatsu.html,安倍元首相が2019年台風19号の被災地を訪問する様子はスタジオで撮影されたものだとする画像はフェイク画像である。,True,False,https://www.kantei.go.jp/jp/98_abe/actions/201910/17sisatsu.html,False,安倍晋三元首相が在任当時に被災地を訪問する様子はスタジオで撮影されたものだとする画像は誤り。安倍元首相と被災女性の写真を切り抜いて合成したフェイク画像で、捏造されたものだ。,1,True,True,False,-,-,-,-,-,-,-,-,-,0,-,-,-,True,True
292,https://www.factcheckcenter.jp/fact-check/politics/article-false-claims-abe-disaster-visit-photoshopped/,2024/9/9,誤り,政治,https://x.com/i/status/1832100547077533895,"テキスト,画像1",安倍元首相が2019年台風19号の被災地を訪問する様子はスタジオで撮影されたものだとする画像はフェイク画像である。,https://www.kantei.go.jp/jp/98_abe/actions/201910/17sisatsu.html,安倍元首相が2019年台風19号の被災地を訪問する様子はスタジオで撮影されたものだとする画像はフェイク画像である。,True,True,https://www.kantei.go.jp/jp/98_abe/actions/201910/17sisatsu.html,True,安倍晋三元首相が在任当時に被災地を訪問する様子はスタジオで撮影されたものだとする画像は誤り。安倍元首相と被災女性の写真を切り抜いて合成したフェイク画像で、正しい。,1,True,False,False,-,-,-,-,-,-,-,-,-,0,-,-,-,True,False
293,https://www.factcheckcenter.jp/fact-check/international/false-trump-leads-us-election/,2024/9/12,誤り,国際,https://x.com/i/status/1833685987987525894,"テキスト,動画1",アメリカ大統領選をめぐり、2024年9月11日のテレビ討論後にトランプ氏が大きくリードしたとCNNが報道した。,https://edition.cnn.com/2024/09/11/politics/election-poll-trump-harris-debate/index.html,「アメリカ大統領選をめぐり、2024年9月11日のテレビ討論後にトランプ氏が大きくリードした」とCNNが報道したものは、改変されたものである。,NA,False,https://edition.cnn.com/2024/09/04/politics/cnn-polls-battleground-states/index.html https://edition.cnn.com/2024/09/11/politics/election-poll-trump-harris-debate/index.html https://www3.nhk.or.jp/news/html/20240911/k10014578581000.html,False,9月11日の米大統領選テレビ討論の後に、トランプ氏が大きくリードという言説が拡散したが誤り。言説が根拠とするのは過去の世論調査報道の一部を切り取ったもの。,0,-,-,-,-,-,-,-,-,-,-,-,-,1,False,True,False,True,True
294,https://www.factcheckcenter.jp/fact-check/international/false-trump-leads-us-election/,2024/9/12,誤り,国際,https://x.com/i/status/1833685987987525894,"テキスト,動画1",「アメリカ大統領選をめぐり、2024年9月11日のテレビ討論後にトランプ氏が大きくリードした」とCNNが報道したものは、改変されたものである。,https://edition.cnn.com/2024/09/11/politics/election-poll-trump-harris-debate/index.html,「アメリカ大統領選をめぐり、2024年9月11日のテレビ討論後にトランプ氏が大きくリードした」とCNNが報道したものは、改変されたものである。,NA,True,https://edition.cnn.com/2024/09/04/politics/cnn-polls-battleground-states/index.html https://edition.cnn.com/2024/09/11/politics/election-poll-trump-harris-debate/index.html https://www3.nhk.or.jp/news/html/20240911/k10014578581000.html,True,9月11日の米大統領選テレビ討論の後に、トランプ氏が大きくリードという言説が拡散したが誤り。言説が根拠とするのは過去の世論調査報道の一部を切り取ったものであり、正しい。,0,-,-,-,-,-,-,-,-,-,-,-,-,1,False,False,False,True,False
295,https://www.factcheckcenter.jp/fact-check/disasters/baseless-whale-sardine-beach-earthquake/,2024/9/18,根拠不明,災害,https://x.com/i/status/1832869609109942299,"テキスト,動画1",2024年9月函館の海岸へのイワシの漂流やクジラの漂着は地震の影響である。,https://www.kahaku.go.jp/research/db/zoology/marmam/drift/index.php,2024年9月函館の海岸へのイワシの漂流やクジラ、イルカの漂着と地震を結びつけるデータや根拠はない。,NA,False,https://www.kahaku.go.jp/research/db/zoology/marmam/drift/index.php https://www3.nhk.or.jp/news/special/saigai/select-news/20240415_01.html,NEI,イワシが大量に海岸に漂着しているニュースとともに地震の前兆だ、あるいは地震の影響だは、根拠不明。イワシやクジラ、イルカの漂着と地震を結びつけるデータや根拠はない。,0,-,-,-,-,-,-,-,-,-,-,-,-,1,False,True,False,NA,True
296,https://www.factcheckcenter.jp/fact-check/disasters/baseless-whale-sardine-beach-earthquake/,2024/9/18,根拠不明,災害,https://x.com/i/status/1832869609109942299,"テキスト,動画1",2024年9月函館の海岸へのイワシの漂流やクジラ、イルカの漂着と地震を結びつけるデータや根拠はない。,https://www.kahaku.go.jp/research/db/zoology/marmam/drift/index.php,2024年9月函館の海岸へのイワシの漂流やクジラ、イルカの漂着と地震を結びつけるデータや根拠はない。,NA,True,https://www.kahaku.go.jp/research/db/zoology/marmam/drift/index.php https://www3.nhk.or.jp/news/special/saigai/select-news/20240415_01.html,True,イワシが大量に海岸に漂着しているニュースとともに地震の前兆だ、あるいは地震の影響だは、根拠不明。イワシやクジラ、イルカの漂着と地震を結びつけるデータや根拠はない。,0,-,-,-,-,-,-,-,-,-,-,-,-,1,False,False,False,NA,False
297,https://www.factcheckcenter.jp/fact-check/international/false-chinese-carrier-entered-japan/,2024/9/20,誤り,国際,https://x.com/i/status/1836590086458347849,テキスト,2024年9月18日に中国で日本人学校の男児死亡事件後に中国空母が日本の接続水域に侵入した。,https://www.yomiuri.co.jp/national/20240918-OYT1T50105/,2024年9月18日未明に中国空母が日本の接続水域に侵入したのち、中国で日本人学校の男児死亡事件が発生した。,True,False,https://www3.nhk.or.jp/news/html/20240919/k10014585361000.html https://www.yomiuri.co.jp/national/20240918-OYT1T50105/,False,日本人学校での事件後に中国空母が日本の接続水域に侵入したというのは誤り。時系列が逆だ。,0,-,-,-,-,-,-,-,-,-,-,-,-,0,-,-,-,-,-
298,https://www.factcheckcenter.jp/fact-check/international/false-chinese-carrier-entered-japan/,2024/9/20,誤り,国際,https://x.com/i/status/1836590086458347849,テキスト,2024年9月18日未明に中国空母が日本の接続水域に侵入したのち、中国で日本人学校の男児死亡事件が発生した。,https://www.yomiuri.co.jp/national/20240918-OYT1T50105/,2024年9月18日未明に中国空母が日本の接続水域に侵入したのち、中国で日本人学校の男児死亡事件が発生した。,True,True,https://www3.nhk.or.jp/news/html/20240919/k10014585361000.html https://www.yomiuri.co.jp/national/20240918-OYT1T50105/,True,日本人学校での事件後に中国空母が日本の接続水域に侵入したというのは誤り。時系列が逆だ。,0,-,-,-,-,-,-,-,-,-,-,-,-,0,-,-,-,-,-
299,https://www.factcheckcenter.jp/fact-check/politics/inaccurate_foreigners_can_join_ldp/,2024/9/20,不正確,政治,https://x.com/i/status/1836344301409964392,"テキスト,動画1",外国人でも4000円納めれば、自民党員になれる。,https://www.jimin.jp/involved/joining/,自民党の党員資格の１つに「満18歳以上で日本国籍を有する方」と記載されている。,NA,False,https://www.jimin.jp/involved/joining/,NEI,自民党員になるには日本国籍が必要だ。ただし、公的な書類での国籍確認はしておらず、議員など党員の紹介者との信頼関係で成り立っている。よって「外国人や実在しなくても自民党員になれる」という言説は不正確と判定する。,0,-,-,-,-,-,-,-,-,-,-,-,-,1,False,False,False,NA,False
300,https://www.factcheckcenter.jp/fact-check/politics/inaccurate_foreigners_can_join_ldp/,2024/9/20,不正確,政治,https://x.com/i/status/1836344301409964392,"テキスト,動画1",自民党の党員資格の１つに「満18歳以上で日本国籍を有する方」と記載されている。,https://www.jimin.jp/involved/joining/,自民党の党員資格の１つに「満18歳以上で日本国籍を有する方」と記載されている。,NA,True,https://www.jimin.jp/involved/joining/,True,自民党ウェブサイトの「入党」というページには、党員資格として3つの条件が書かれている。 ・我が党の綱領、主義、政策等に賛同される方 ・満18歳以上で日本国籍を有する方 ・他の党の党籍を持たない方。,0,-,-,-,-,-,-,-,-,-,-,-,-,1,False,True,False,NA,True
301,https://www.factcheckcenter.jp/fact-check/politics/inaccurate-foreign-student-scholarship-claim/,2024/9/20,不正確,政治,https://x.com/i/status/1835811903777444011,テキスト,外国人留学生には学費免除と10数万円の生活費が税金から支払われる。,https://www.mext.go.jp/a_menu/koutou/ryugaku/06032818.htm,「国費外国人留学生制度」対象の外国人留学生には学費免除と10数万円の生活費が税金から支払われる。,True,False,https://www.mext.go.jp/a_menu/koutou/ryugaku/06032818.htm https://www.mext.go.jp/content/20240416-mxt_kotokoku02-000035300_01.pdf https://www.studyinjapan.go.jp/ja/_mt/2024/04/data2023z.pdf,NEI,日本政府が一部の外国人留学生に対して、学費免除や生活費を支給していることは事実。ただし、すべての外国人留学生が対象なのではなく、外国人留学生の約3％（2023年時点）だ。よって不正確と判定する。,0,-,-,-,-,-,-,-,-,-,-,-,-,0,-,-,-,-,-
302,https://www.factcheckcenter.jp/fact-check/politics/inaccurate-foreign-student-scholarship-claim/,2024/9/20,不正確,政治,https://x.com/i/status/1835811903777444011,テキスト,「国費外国人留学生制度」対象の外国人留学生には学費免除と10数万円の生活費が税金から支払われる。,https://www.mext.go.jp/a_menu/koutou/ryugaku/06032818.htm,「国費外国人留学生制度」対象の外国人留学生には学費免除と10数万円の生活費が税金から支払われる。,True,True,https://www.mext.go.jp/a_menu/koutou/ryugaku/06032818.htm https://www.mext.go.jp/content/20240416-mxt_kotokoku02-000035300_01.pdf https://www.studyinjapan.go.jp/ja/_mt/2024/04/data2023z.pdf,True,日本政府が一部の外国人留学生に対して、学費免除や生活費を支給していることは事実。,0,-,-,-,-,-,-,-,-,-,-,-,-,0,-,-,-,-,-
303,https://www.factcheckcenter.jp/fact-check/international/article-false-mostly-accurate-flowers-removed-japanese-school-shenzhe/,2024/9/25,誤り,国際,https://x.com/i/status/1837093149467869461,"テキスト,動画1",2024年9月18日に深圳で日本人男子児童が殺害された事件について「日本人学校の校門に手向けられた献花が撤去された」。,https://www.guangzhou.cn.emb-japan.go.jp/itpr_ja/11_000001_00178.html,2024年9月18日に深圳で日本人男子児童が殺害された事件について日本人学校の校門に手向けられた献花が撤去されたが、屋内で花束を保管している。,NA,False,https://nordot.app/1209794573107250133?c=65699763097731077 https://www.guangzhou.cn.emb-japan.go.jp/itpr_ja/11_000001_00178.html https://maidonanews.jp/article/15436352,False,深圳で日本人男子児童が殺害された事件について「日本人学校の校門に手向けられた献花が撤去された」との言説は誤り。学校は屋内で花束を保管している。,0,-,-,-,-,-,-,-,-,-,-,-,-,1,True,False,False,-,-
304,https://www.factcheckcenter.jp/fact-check/international/article-false-mostly-accurate-flowers-removed-japanese-school-shenzhe/,2024/9/25,誤り,国際,https://x.com/i/status/1837093149467869461,"テキスト,動画1",2024年9月18日に深圳で日本人男子児童が殺害された事件について日本人学校の校門に手向けられた献花が撤去されたが、屋内で花束を保管している。,https://www.guangzhou.cn.emb-japan.go.jp/itpr_ja/11_000001_00178.html,2024年9月18日に深圳で日本人男子児童が殺害された事件について日本人学校の校門に手向けられた献花が撤去されたが、屋内で花束を保管している。,NA,True,https://nordot.app/1209794573107250133?c=65699763097731077 https://www.guangzhou.cn.emb-japan.go.jp/itpr_ja/11_000001_00178.html https://maidonanews.jp/article/15436352,True,深圳で日本人男子児童が殺害された事件について「日本人学校の校門に手向けられた献花が撤去された」との言説は誤り。学校は屋内で花束を保管している。,0,-,-,-,-,-,-,-,-,-,-,-,-,1,True,False,False,-,-
305,https://www.factcheckcenter.jp/fact-check/politics/article-inaccurate-hyogo-governor-saito-98-8-pledge-achievement-includes-unfinished/,2024/9/25,不正確,政治,https://x.com/i/status/1837291654094422192,テキスト,2023年8月の知事就任3年目で兵庫県斎藤知事の2021年7月の兵庫県知事選で掲げた公約の実現率が98.8%になる。,https://web.pref.hyogo.lg.jp/governor/g_kaiken20230801.html?mode=preview,2023年8月の知事就任3年目で兵庫県斎藤知事の2021年7月の兵庫県知事選で掲げた公約の着手率が98.8%になる。,True,False,https://web.pref.hyogo.lg.jp/governor/g_kaiken20240730.html https://web.archive.org/web/20220922073814/https://saito-motohiko.jp/download/277/ https://web.pref.hyogo.lg.jp/governor/g_kaiken20230801.html?mode=preview,False,兵庫県の「斎藤知事の公約実現率が98.8%」は、不正確。斎藤氏は2024年7月30日の記者会見で、「一定達成、着手したのは171項目で選挙時の公約の98.8％」と発言しており、98.8%には着手したが未達成の公約も含まれている。また、自らも公約達成つまり実現に関して問われた際に「着手したといった定性的な達成状況」と答えている。,0,-,-,-,-,-,-,-,-,-,-,-,-,0,-,-,-,-,-
306,https://www.factcheckcenter.jp/fact-check/politics/article-inaccurate-hyogo-governor-saito-98-8-pledge-achievement-includes-unfinished/,2024/9/25,不正確,政治,https://x.com/i/status/1837291654094422192,テキスト,2023年8月の知事就任3年目で兵庫県斎藤知事の2021年7月の兵庫県知事選で掲げた公約の着手率が98.8%になる。,https://web.pref.hyogo.lg.jp/governor/g_kaiken20230801.html?mode=preview,2023年8月の知事就任3年目で兵庫県斎藤知事の2021年7月の兵庫県知事選で掲げた公約の着手率が98.8%になる。,True,True,https://web.pref.hyogo.lg.jp/governor/g_kaiken20240730.html https://web.archive.org/web/20220922073814/https://saito-motohiko.jp/download/277/ https://web.pref.hyogo.lg.jp/governor/g_kaiken20230801.html?mode=preview,True,斎藤氏は2024年7月30日の記者会見で、「一定達成、着手したのは171項目で選挙時の公約の98.8％」と発言しており、98.8%には着手したが未達成の公約も含まれている。また、自らも公約達成つまり実現に関して問われた際に「着手したといった定性的な達成状況」と答えている。,0,-,-,-,-,-,-,-,-,-,-,-,-,0,-,-,-,-,-
307,https://www.factcheckcenter.jp/fact-check/disasters/false-car-washed-away-noto-flood/,2024/9/26,誤り,災害,https://x.com/i/status/1837374441065521198,"テキスト,動画1",投稿された動画は、2024年9月21日石川県に大雨特別警報時の石川県輪島市役所前のものである。,https://news.tv-asahi.co.jp/news_international/articles/000224350.html,投稿された動画は、2021年の中国・河南省の豪雨のものである。,True,False,https://news.tv-asahi.co.jp/news_international/articles/000224350.html,False,濁流に飲まれている複数の自動車の映像に、「石川県輪島市役所前が大変なことになっている」という文章のついた投稿が拡散したが、誤り。映像は、中国で3年前に起きた豪雨被害の様子だ。,0,-,-,-,-,-,-,-,-,-,-,-,-,1,True,True,False,True,True
308,https://www.factcheckcenter.jp/fact-check/disasters/false-car-washed-away-noto-flood/,2024/9/26,誤り,災害,https://x.com/i/status/1837374441065521198,"テキスト,動画1",投稿された動画は、2021年の中国・河南省の豪雨のものである。,https://news.tv-asahi.co.jp/news_international/articles/000224350.html,投稿された動画は、2021年の中国・河南省の豪雨のものである。,True,True,https://news.tv-asahi.co.jp/news_international/articles/000224350.html,True,映像は、中国で3年前に起きた豪雨被害の様子だ。,0,-,-,-,-,-,-,-,-,-,-,-,-,1,True,False,False,True,False
309,https://www.factcheckcenter.jp/fact-check/health/baseless-fanta-orange-1970-additives/,2024/9/30,根拠不明,医療・健康,https://x.com/i/status/1835536568981037275,"テキスト,画像1",1976年に日本で販売されていたファンタオレンジに使用されていた添加物の種類は、3つのみであった。,https://www.caa.go.jp/policies/policy/food_labeling/meeting_materials/assets/review_meeting_012_190416_0003.pdf,1976年に日本で販売されていたファンタオレンジに使用されていた添加物の香料と酸味料は「一括名表示」ができる添加物となっており、単一の物質とは限らない。,True,False,https://www.caa.go.jp/policies/policy/food_labeling/meeting_materials/assets/review_meeting_012_190416_0003.pdf,NEI,香料、酸味料の表示は個々の物質名の代わりに機能等を一括して表示する「一括名表示」のため、単一の物質とは限らない。したがって、根拠不明と判定する。,1,True,False,False,-,-,-,-,-,-,-,-,-,0,-,-,-,NA,False
310,https://www.factcheckcenter.jp/fact-check/health/baseless-fanta-orange-1970-additives/,2024/9/30,根拠不明,医療・健康,https://x.com/i/status/1835536568981037275,"テキスト,画像1",1976年に日本で販売されていたファンタオレンジに使用されていた添加物の香料と酸味料は「一括名表示」ができる添加物となっており、単一の物質とは限らない。,https://www.caa.go.jp/policies/policy/food_labeling/meeting_materials/assets/review_meeting_012_190416_0003.pdf,1976年に日本で販売されていたファンタオレンジに使用されていた添加物の香料と酸味料は「一括名表示」ができる添加物となっており、単一の物質とは限らない。,True,True,https://www.caa.go.jp/policies/policy/food_labeling/meeting_materials/assets/review_meeting_012_190416_0003.pdf,True,香料、酸味料の表示は個々の物質名の代わりに機能等を一括して表示する「一括名表示」のため、単一の物質とは限らない。したがって、根拠不明と判定する。,1,True,False,False,-,-,-,-,-,-,-,-,-,0,-,-,-,NA,False
311,https://www.factcheckcenter.jp/fact-check/international/false-claims-barack-obama-photo-pedophilia/,2024/10/4,誤り,国際,https://x.com/i/status/1837808481593970908,画像1,投稿された画像は、2015年12月4日に撮影された、アメリカのバラク・オバマ元大統領が小児性愛者であるとする写真である。,https://www.flickr.com/photos/obamawhitehouse/24154930471,投稿された画像は、2015年12月4日に、アメリカのバラク・オバマ元大統領が姪に寄り添う姿を撮影した写真である。,True,False,https://www.flickr.com/photos/obamawhitehouse/24154930471 https://www.flickr.com/photos/obamawhitehouse/8475895513/in/photolist-CNukht-dUZbrx-RGpGoz-2aaEp3h-brR9j7-8zBnBC-wDHxkK,False,オバマ氏が少女を抱き抱えている写真とともに「小児性愛者」「AI生成ではないか」などの指摘が出たが、いずれも誤り。家族団欒の様子を公式写真として公開したものだ。,1,False,True,False,-,-,-,-,-,-,-,-,-,0,-,-,-,True,True
312,https://www.factcheckcenter.jp/fact-check/international/false-claims-barack-obama-photo-pedophilia/,2024/10/4,誤り,国際,https://x.com/i/status/1837808481593970908,画像1,投稿された画像は、2015年12月4日に、アメリカのバラク・オバマ元大統領が姪に寄り添う姿を撮影した写真である。,https://www.flickr.com/photos/obamawhitehouse/24154930471,投稿された画像は、2015年12月4日に、アメリカのバラク・オバマ元大統領が姪に寄り添う姿を撮影した写真である。,True,True,https://www.flickr.com/photos/obamawhitehouse/24154930471 https://www.flickr.com/photos/obamawhitehouse/8475895513/in/photolist-CNukht-dUZbrx-RGpGoz-2aaEp3h-brR9j7-8zBnBC-wDHxkK,True,オバマ氏が少女を抱き抱えている写真とともに「小児性愛者」「AI生成ではないか」などの指摘が出たが、いずれも誤り。家族団欒の様子を公式写真として公開したものだ。,1,False,False,False,-,-,-,-,-,-,-,-,-,0,-,-,-,True,False
313,https://www.factcheckcenter.jp/fact-check/health/inaccurate_vaccine_blood_donation/,2024/10/12,不正確,医療・健康,https://x.com/i/status/1842321856285774035,テキスト,日本赤十字社は、レプリコンワクチン接種後の献血をお控えいただく場合があることを2023年12月22日に広報し、今までのワクチンと違うことを認識している。,https://www.mhlw.go.jp/content/11127000/001309349.pdf,日本赤十字社は、レプリコンワクチン接種後48時間後で献血可能であり、今までのmRNAワクチンと同等だと判断している。,False,False,https://www.mhlw.go.jp/content/11127000/001309349.pdf https://www.jrc.or.jp/donation/about/refrain/detail_08/,False,「日本赤十字社はレプリコンワクチン接種後の献血をお控えいただく場合があることを広報」「同社はレプリコンが今までのワクチンと違うことを認識している」という言説は、ミスリードで不正確。日赤は、レプリコンワクチンを接種した人も他のmRNAワクチン同様、接種から48時間で献血できると説明している。,0,-,-,-,-,-,-,-,-,-,-,-,-,0,-,-,-,-,-
314,https://www.factcheckcenter.jp/fact-check/health/inaccurate_vaccine_blood_donation/,2024/10/12,不正確,医療・健康,https://x.com/i/status/1842321856285774035,テキスト,日本赤十字社は、レプリコンワクチン接種後48時間後で献血可能であり、今までのmRNAワクチンと同等だと判断している。,https://www.mhlw.go.jp/content/11127000/001309349.pdf,日本赤十字社は、レプリコンワクチン接種後48時間後で献血可能であり、今までのmRNAワクチンと同等だと判断している。,False,True,https://www.mhlw.go.jp/content/11127000/001309349.pdf https://www.jrc.or.jp/donation/about/refrain/detail_08/,True,「日本赤十字社はレプリコンワクチン接種後の献血をお控えいただく場合があることを広報」「同社はレプリコンが今までのワクチンと違うことを認識している」という言説は、ミスリードで不正確。日赤は、レプリコンワクチンを接種した人も他のmRNAワクチン同様、接種から48時間で献血できると説明している。,0,-,-,-,-,-,-,-,-,-,-,-,-,0,-,-,-,-,-
315,https://www.factcheckcenter.jp/fact-check/politics/false-ishiba-first-visit-china/,2024/10/15,誤り,政治,https://x.com/i/status/1845056972888170616,テキスト,2024年10月12日石破首相が、総理になって最初に訪問したのは中国である。,https://www.mofa.go.jp/mofaj/a_o/rp/pageit_000001_01135.html,2024年10月10日石破首相が、総理になって最初に訪問したのはラオス人民共和国である。,False,False,https://www.mofa.go.jp/mofaj/a_o/rp/pageit_000001_01135.html https://www3.nhk.or.jp/news/html/20241010/k10014606641000.html,False,「石破は総理になり、最初に訪問したのは中国」という言説が拡散したが、誤り。石破首相の就任後初の訪問先は、中国ではなくラオス。ASEANの首脳会議に出席し、その後、中国の李強首相と首脳会談をした。,1,False,True,False,-,-,-,-,-,-,-,-,-,0,-,-,-,-,-
316,https://www.factcheckcenter.jp/fact-check/politics/false-ishiba-first-visit-china/,2024/10/15,誤り,政治,https://x.com/i/status/1845056972888170616,テキスト,2024年10月10日石破首相が、総理になって最初に訪問したのはラオス人民共和国である。,https://www.mofa.go.jp/mofaj/a_o/rp/pageit_000001_01135.html,2024年10月10日石破首相が、総理になって最初に訪問したのはラオス人民共和国である。,False,True,https://www.mofa.go.jp/mofaj/a_o/rp/pageit_000001_01135.html https://www3.nhk.or.jp/news/html/20241010/k10014606641000.html,True,「石破は総理になり、最初に訪問したのは中国」という言説が拡散したが、誤り。石破首相の就任後初の訪問先は、中国ではなくラオス。ASEANの首脳会議に出席し、その後、中国の李強首相と首脳会談をした。,1,False,True,False,-,-,-,-,-,-,-,-,-,0,-,-,-,-,-
317,https://www.factcheckcenter.jp/fact-check/international/false-trump-compliment-japanese/,2024/10/18,誤り,国際,https://x.com/i/status/1585945878883602433,"テキスト,動画1",2022年10月28日トランプ氏が、日本人が幸せになれないのが不憫でならないと発言した。,https://www.youtube.com/watch?v=fqjrlKfW93I,2020年03月05日FOX NEWS番組「Hannity」の電話インタビューでも、2017年5月13日の米リバティー大学の卒業式のスピーチでもトランプ氏は日本人について言及していない。,True,False,https://www.youtube.com/watch?v=fqjrlKfW93I https://time.com/4778240/donald-trump-liberty-university-speech-transcript/,False,トランプ氏が「日本人が幸せになれないのが不憫でならない」と発言したという言説は、誤り。画像はトランプ氏が、コロナウイルスについてFOXニュースの取材に電話で答えた時のもので、音声は大学の卒業式でのスピーチだった。いずれも「日本」については触れていない。拡散した動画は双方を組み合わせたものに、日本語で無関係なテロップを重ねたものだ。,0,-,-,-,-,-,-,-,-,-,-,-,-,1,True,True,False,True,True
318,https://www.factcheckcenter.jp/fact-check/international/false-trump-compliment-japanese/,2024/10/18,誤り,国際,https://x.com/i/status/1585945878883602433,"テキスト,動画1",2020年03月05日FOX NEWS番組「Hannity」の電話インタビューでも、2017年5月13日の米リバティー大学の卒業式のスピーチでもトランプ氏は日本人について言及していない。,https://www.youtube.com/watch?v=fqjrlKfW93I,2020年03月05日FOX NEWS番組「Hannity」の電話インタビューでも、2017年5月13日の米リバティー大学の卒業式のスピーチでもトランプ氏は日本人について言及していない。,True,True,https://www.youtube.com/watch?v=fqjrlKfW93I https://time.com/4778240/donald-trump-liberty-university-speech-transcript/,True,トランプ氏が「日本人が幸せになれないのが不憫でならない」と発言したという言説は、誤り。画像はトランプ氏が、コロナウイルスについてFOXニュースの取材に電話で答えた時のもので、音声は大学の卒業式でのスピーチだった。いずれも「日本」については触れていない。拡散した動画は双方を組み合わせたものに、日本語で無関係なテロップを重ねたものだ。,0,-,-,-,-,-,-,-,-,-,-,-,-,1,True,False,False,True,False
319,https://www.factcheckcenter.jp/fact-check/politics/false-kokumin-minshu-forced-separate-surnames/,2024/10/18,誤り,政治,https://x.com/i/status/1846121542243299413,テキスト,2024年の衆議院選挙において、国民民主党は強制的親子別姓を推奨している。,https://election2024.new-kokumin.jp/file/DPFP-PolicyCollection2024.pdf,2024年の衆議院選挙において、国民民主党は選択的夫婦別姓の導入を推奨している。,NA,False,https://election2024.new-kokumin.jp/file/DPFP-PolicyCollection2024.pdf,False,2024年の衆議院選挙をめぐり、「玉木さんの国民(民主党)は強制的親子別姓を推奨」という言説が拡散したが、誤り。国民民主党は、公開した公約に選択的夫婦別姓制度の導入を公約にあげているが、そこに「強制的親子別姓」とは書いていない。また、選択的夫婦別姓は夫婦による「選択」なので「強制」ではない。,0,-,-,-,-,-,-,-,-,-,-,-,-,0,-,-,-,-,-
320,https://www.factcheckcenter.jp/fact-check/politics/false-kokumin-minshu-forced-separate-surnames/,2024/10/18,誤り,政治,https://x.com/i/status/1846121542243299413,テキスト,2024年の衆議院選挙において、国民民主党は選択的夫婦別姓の導入を推奨している。,https://election2024.new-kokumin.jp/file/DPFP-PolicyCollection2024.pdf,2024年の衆議院選挙において、国民民主党は選択的夫婦別姓の導入を推奨している。,NA,True,https://election2024.new-kokumin.jp/file/DPFP-PolicyCollection2024.pdf,True,2024年の衆議院選挙をめぐり、「玉木さんの国民(民主党)は強制的親子別姓を推奨」という言説が拡散したが、誤り。国民民主党は、公開した公約に選択的夫婦別姓制度の導入を公約にあげているが、そこに「強制的親子別姓」とは書いていない。また、選択的夫婦別姓は夫婦による「選択」なので「強制」ではない。,0,-,-,-,-,-,-,-,-,-,-,-,-,0,-,-,-,-,-
321,https://www.factcheckcenter.jp/fact-check/politics/article-false-claim-stock-price-under-dpj/,2024/10/22,誤り,政治,https://x.com/i/status/1846147243411394785,テキスト,2009年9月から2012年12月までの民主党政権下では、日経平均株価が7000円台だった。,https://indexes.nikkei.co.jp/nkave/archives/data,2009年9月から2012年12月までの民主党政権下では、日経平均株価が7000円台になったことはない。,NA,False,https://indexes.nikkei.co.jp/nkave/archives/data,False,民主党政権下で株価が7000円だったとの主張は誤り。2008年10月や2009年2月から3月にかけて日経平均株価が8000円を切ったが、このときの政権与党は自民党だ。民主党政権下で日経平均株価が8000円を切ったことはない。,0,-,-,-,-,-,-,-,-,-,-,-,-,0,-,-,-,-,-
322,https://www.factcheckcenter.jp/fact-check/politics/article-false-claim-stock-price-under-dpj/,2024/10/22,誤り,政治,https://x.com/i/status/1846147243411394785,テキスト,2009年9月から2012年12月までの民主党政権下では、日経平均株価が7000円台になったことはない。,https://indexes.nikkei.co.jp/nkave/archives/data,2009年9月から2012年12月までの民主党政権下では、日経平均株価が7000円台になったことはない。,NA,True,https://indexes.nikkei.co.jp/nkave/archives/data,True,民主党政権下で株価が7000円だったとの主張は誤り。2008年10月や2009年2月から3月にかけて日経平均株価が8000円を切ったが、このときの政権与党は自民党だ。民主党政権下で日経平均株価が8000円を切ったことはない。,0,-,-,-,-,-,-,-,-,-,-,-,-,0,-,-,-,-,-
323,https://www.factcheckcenter.jp/fact-check/politics/false-claim-abe-major-shareholder-vote-machine/,2024/10/24,誤り,政治,https://x.com/i/status/1849125975931720007,動画1,開票機器大手の株式会社ムサシの筆頭株主は安倍晋三氏である。,https://www.musashinet.co.jp/ir/docs/securities-reports.html,2002年から2024年までの開票機器大手の「ムサシ」の筆頭株主は上毛実業株式会社である。,NA,False,https://www.musashinet.co.jp/ir/docs/securities-reports.html https://www3.nhk.or.jp/news/html/20240427/k10014432631000.html,False,株式会社ムサシの筆頭株主は2002年から2024年まで上毛実業株式会社だ。選挙システムは表を書き換えたり差し替えたりする機能はなく、人の目でも確認できるシステムとなっている。よって誤りと判定した。,0,-,-,-,-,-,-,-,-,-,-,-,-,1,True,False,False,True,False
324,https://www.factcheckcenter.jp/fact-check/politics/false-claim-abe-major-shareholder-vote-machine/,2024/10/24,誤り,政治,https://x.com/i/status/1849125975931720007,動画1,2002年から2024年までの開票機器大手の「ムサシ」の筆頭株主は上毛実業株式会社である。,https://www.musashinet.co.jp/ir/docs/securities-reports.html,2002年から2024年までの開票機器大手の「ムサシ」の筆頭株主は上毛実業株式会社である。,NA,True,https://www.musashinet.co.jp/ir/docs/securities-reports.html https://www3.nhk.or.jp/news/html/20240427/k10014432631000.html,True,株式会社ムサシの筆頭株主は2002年から2024年まで上毛実業株式会社だ。選挙システムは表を書き換えたり差し替えたりする機能はなく、人の目でも確認できるシステムとなっている。よって誤りと判定した。,0,-,-,-,-,-,-,-,-,-,-,-,-,1,True,True,False,True,True
325,https://www.factcheckcenter.jp/fact-check/politics/false-claim-abe-major-shareholder-vote-machine/,2024/10/24,誤り,政治,https://x.com/i/status/1849125975931720007,動画1,株式会社ムサシの自動集票システムを使用して選挙の不正が行われた。,https://www.musashinet.co.jp/department/election/,ムサシの自動集票システムは票を書き換えたり、差し替えたりするような機能はない。,NA,False,https://www.musashinet.co.jp/ir/docs/securities-reports.html https://www.musashinet.co.jp/department/election/ https://www3.nhk.or.jp/news/html/20240427/k10014432631000.html https://www.buzzfeed.com/jp/kotahatachi/musashi https://mainichi.jp/articles/20211014/k00/00m/010/094000c,False,株式会社ムサシの筆頭株主は2002年から2024年まで上毛実業株式会社だ。選挙システムは表を書き換えたり差し替えたりする機能はなく、人の目でも確認できるシステムとなっている。よって誤りと判定した。,0,-,-,-,-,-,-,-,-,-,-,-,-,1,True,False,False,True,False
326,https://www.factcheckcenter.jp/fact-check/politics/false-claim-abe-major-shareholder-vote-machine/,2024/10/24,誤り,政治,https://x.com/i/status/1849125975931720007,動画1,ムサシの自動集票システムは票を書き換えたり、差し替えたりするような機能はない。,https://www.musashinet.co.jp/department/election/,ムサシの自動集票システムは票を書き換えたり、差し替えたりするような機能はない。,NA,True,https://www.musashinet.co.jp/ir/docs/securities-reports.html https://www.musashinet.co.jp/department/election/ https://www3.nhk.or.jp/news/html/20240427/k10014432631000.html https://www.buzzfeed.com/jp/kotahatachi/musashi https://mainichi.jp/articles/20211014/k00/00m/010/094000c,True,株式会社ムサシの筆頭株主は2002年から2024年まで上毛実業株式会社だ。選挙システムは表を書き換えたり差し替えたりする機能はなく、人の目でも確認できるシステムとなっている。よって誤りと判定した。,0,-,-,-,-,-,-,-,-,-,-,-,-,1,True,True,False,True,True
327,https://www.factcheckcenter.jp/fact-check/politics/false-supreme-court-voting-system/,2024/10/25,誤り,政治,https://x.com/i/status/1845956676895363113,テキスト,最高裁判所裁判官国民審査の投票は○か✖️を記入する制度である。,https://www.soumu.go.jp/senkyo/kokuminshinsa/seido_point.html,最高裁判所裁判官国民審査の投票方法は、裁判官ごとに辞めさせたい意思があらば、✖️を記入し、なければ何も記載せずに投票する制度である。,NA,False,https://www.soumu.go.jp/senkyo/kokuminshinsa/seido_point.html,False,最高裁判所裁判官国民審査の投票は辞めさせたい意思があれば×を、そうでなければ何もせずに記入する。×以外を記載すると無効になってしまう。よって「最高裁判所裁判官国民審査は本来○か✖️を記入する制度」は誤りと判定した。,0,-,-,-,-,-,-,-,-,-,-,-,-,0,-,-,-,-,-
328,https://www.factcheckcenter.jp/fact-check/politics/false-supreme-court-voting-system/,2024/10/25,誤り,政治,https://x.com/i/status/1845956676895363113,テキスト,最高裁判所裁判官国民審査の投票方法は、裁判官ごとに辞めさせたい意思があらば、✖️を記入し、なければ何も記載せずに投票する制度である。,https://www.soumu.go.jp/senkyo/kokuminshinsa/seido_point.html,最高裁判所裁判官国民審査の投票方法は、裁判官ごとに辞めさせたい意思があらば、✖️を記入し、なければ何も記載せずに投票する制度である。,NA,True,https://www.soumu.go.jp/senkyo/kokuminshinsa/seido_point.html,True,最高裁判所裁判官国民審査の投票は辞めさせたい意思があれば×を、そうでなければ何もせずに記入する。×以外を記載すると無効になってしまう。よって「最高裁判所裁判官国民審査は本来○か✖️を記入する制度」は誤りと判定した。,0,-,-,-,-,-,-,-,-,-,-,-,-,0,-,-,-,-,-
329,https://www.factcheckcenter.jp/fact-check/international/article-false-us-election-poll-map/,2024/10/31,誤り,国際,https://x.com/i/status/1845733711524057094,"テキスト,画像1",投稿された画像は、2024年10月14日時点の2024年米大統領選挙に対する世論調査で全米のすべての州で共和党勝利を示す画像である。,https://www.270towin.com/,投稿された画像は、2024年米大統領選挙に対する世論調査で全米のすべての州で共和党勝利とみえるように作成された画像である。,True,False,https://www.270towin.com/,False,「米大統領選の世論調査で、全米で共和党が勝利」という言説は、誤り。地図はユーザーが自由に結果を操作できるサービスを使って作られたもので、世論調査などに基づいて各社が公表している予測ではない。,1,False,True,False,-,-,-,-,-,-,-,-,-,0,-,-,-,True,True
330,https://www.factcheckcenter.jp/fact-check/international/article-false-us-election-poll-map/,2024/10/31,誤り,国際,https://x.com/i/status/1845733711524057094,"テキスト,画像1",投稿された画像は、2024年米大統領選挙に対する世論調査で全米のすべての州で共和党勝利とみえるように作成された画像である。,https://www.270towin.com/,投稿された画像は、2024年米大統領選挙に対する世論調査で全米のすべての州で共和党勝利とみえるように作成された画像である。,True,True,https://www.270towin.com/,True,2024年10月16日現在の予測は、すべての州またはほとんどの州で共和党が優位ということはない。選挙人の獲得予測は民主党が226人、共和党は219人となっており、拮抗している。,1,False,False,False,-,-,-,-,-,-,-,-,-,0,-,-,-,True,False
331,https://www.factcheckcenter.jp/fact-check/politics/false-ai-mentions-election-fraud/,2024/10/31,誤り,政治,https://x.com/i/status/1851101920662032401,"テキスト,動画1",投稿された映像は、2024年10月29日、テレビ朝日の選挙特番「選挙ステーション」内でAIが河野太郎氏の当選について「間違いなく不正選挙です」「若者の多くは参政党にしか興味がない」などと発言している動画である。,https://www.tiktok.com/@hst_tvasahi/video/7430861278018637076,投稿された映像は、2024年10月29日、テレビ朝日の選挙特番「選挙ステーション」内でAIが河野太郎氏の当選について、音声を改変し「間違いなく不正選挙です」「若者の多くは参政党にしか興味がない」などと発言しているようにみせている改変動画である。,True,False,https://www.tiktok.com/@hst_tvasahi/video/7430861278018637076,False,テレビ朝日の選挙特番内でAIが河野太郎氏の当選について「間違いなく不正選挙です」「若者の多くは参政党にしか興味がない」などと発言している動画は誤り。テレビ朝日がTikTokに投稿した動画の音声を改変しており、実際の報道内容とは異なる。,0,-,-,-,-,-,-,-,-,-,-,-,-,1,True,True,False,True,True
332,https://www.factcheckcenter.jp/fact-check/politics/false-ai-mentions-election-fraud/,2024/10/31,誤り,政治,https://x.com/i/status/1851101920662032401,"テキスト,動画1",投稿された映像は、2024年10月29日、テレビ朝日の選挙特番「選挙ステーション」内でAIが河野太郎氏の当選について、音声を改変し「間違いなく不正選挙です」「若者の多くは参政党にしか興味がない」などと発言しているようにみせている改変動画である。,https://www.tiktok.com/@hst_tvasahi/video/7430861278018637076,投稿された映像は、2024年10月29日、テレビ朝日の選挙特番「選挙ステーション」内でAIが河野太郎氏の当選について、音声を改変し「間違いなく不正選挙です」「若者の多くは参政党にしか興味がない」などと発言しているようにみせている改変動画である。,True,True,https://www.tiktok.com/@hst_tvasahi/video/7430861278018637076,True,テレビ朝日の選挙特番内でAIが河野太郎氏の当選について「間違いなく不正選挙です」「若者の多くは参政党にしか興味がない」などと発言している動画は誤り。テレビ朝日がTikTokに投稿した動画の音声を改変しており、実際の報道内容とは異なる。,0,-,-,-,-,-,-,-,-,-,-,-,-,1,True,False,False,True,False
333,https://www.factcheckcenter.jp/fact-check/international/false-trump-ballot-invalid/,2024/11/6,誤り,国際,https://x.com/i/status/1853209936337178727,"テキスト,画像1",2024年アメリカ大統領選挙において、ケンタッキー州の期日前投票の用紙に細工があり、トランプ票が無効になる可能性がある。,https://kentuckylantern.com/briefs/pre-marked-ballot-complaint-exists-only-in-vacuum-of-social-media-says-ky-elections-board/,2024年アメリカ大統領選挙において、ケンタッキー州の期日前投票の用紙によって、トランプ票が無効になることはない。,False,False,https://kentuckylantern.com/briefs/pre-marked-ballot-complaint-exists-only-in-vacuum-of-social-media-says-ky-elections-board/,False,アメリカ大統領選のケンタッキー州の期日前投票の用紙に細工があり、トランプ票が無効になる選挙不正だという言説が拡散したが、誤り。選挙管理当局も共和党側も否定している。,1,False,True,False,-,-,-,-,-,-,-,-,-,0,-,-,-,NA,True
334,https://www.factcheckcenter.jp/fact-check/international/false-trump-ballot-invalid/,2024/11/6,誤り,国際,https://x.com/i/status/1853209936337178727,"テキスト,画像1",2024年アメリカ大統領選挙において、ケンタッキー州の期日前投票の用紙によって、トランプ票が無効になることはない。,https://kentuckylantern.com/briefs/pre-marked-ballot-complaint-exists-only-in-vacuum-of-social-media-says-ky-elections-board/,2024年アメリカ大統領選挙において、ケンタッキー州の期日前投票の用紙によって、トランプ票が無効になることはない。,False,True,https://kentuckylantern.com/briefs/pre-marked-ballot-complaint-exists-only-in-vacuum-of-social-media-says-ky-elections-board/,True,アメリカ大統領選のケンタッキー州の期日前投票の用紙について、事前に印刷された投票用紙が選挙管理当局や警察に提出された事例はなく、ケンタッキー州でマークが記入された投票用紙があるという主張はSNSにしか存在ない。,1,False,False,False,-,-,-,-,-,-,-,-,-,0,-,-,-,NA,False
335,https://www.factcheckcenter.jp/fact-check/international/false-trump-2025-plan-video-misinformation/,2024/11/8,誤り,国際,https://x.com/i/status/1854344209416806407,"テキスト,動画1",投稿された動画は、アメリカのトランプ次期大統領が2025年の就任後の計画を発表した動画である。,https://www.bbc.com/japanese/video-51847510,投稿された動画は、2020年3月11日のトランプ大統領の演説をもとにして2025年の就任後の計画を発表したように見せたフェイク動画である。,True,False,https://www.bbc.com/japanese/video-51847510,False,拡散した動画は2020年の動画をもとに発言や口元など映像をAIで改変したものだ。よって誤りと判定する。,0,-,-,-,-,-,-,-,-,-,-,-,-,1,True,True,True,True,True
336,https://www.factcheckcenter.jp/fact-check/international/false-trump-2025-plan-video-misinformation/,2024/11/8,誤り,国際,https://x.com/i/status/1854344209416806407,"テキスト,動画1",投稿された動画は、2020年3月11日のトランプ大統領の演説をもとにして2025年の就任後の計画を発表したように見せたフェイク動画である。,https://www.bbc.com/japanese/video-51847510,投稿された動画は、2020年3月11日のトランプ大統領の演説をもとにして2025年の就任後の計画を発表したように見せたフェイク動画である。,True,True,https://www.bbc.com/japanese/video-51847510,True,拡散した動画は2020年の動画をもとに発言や口元など映像をAIで改変したものだ。,0,-,-,-,-,-,-,-,-,-,-,-,-,1,True,False,True,True,False
337,https://www.factcheckcenter.jp/fact-check/international/false-trump-inauguration-early/,2024/11/19,誤り,国際,https://x.com/i/status/1857704276094771566,"テキスト,画像1,画像2",2025年1月20日就任予定のトランプ次期アメリカ大統領は自身の就任を2ヵ月早めた。,https://www.dailymail.co.uk/news/article-14085207/trump-announces-early-term-start-party-sly-stallone-elon-musk.html?ico=topics_pagination_desktop,2025年1月20日就任予定のトランプ次期アメリカ大統領は、2024年11月15日マール・ア・ラーゴのパーティーで自身の就任を11月5日から始めなければいけませんと発言した。,True,False,https://www.usa.gov/inauguration https://www.dailymail.co.uk/news/article-14085207/trump-announces-early-term-start-party-sly-stallone-elon-musk.html?ico=topics_pagination_desktop,False,トランプ氏は11月初旬から任期を始める法案を可決するべきだとパーティーで発言したが、可決されたわけではない。よって、誤りと判定する。,2,True,True,False,False,True,False,-,-,-,-,-,-,0,-,-,-,True,True
338,https://www.factcheckcenter.jp/fact-check/international/false-trump-inauguration-early/,2024/11/19,誤り,国際,https://x.com/i/status/1857704276094771566,"テキスト,画像1,画像2",2025年1月20日就任予定のトランプ次期アメリカ大統領は、2024年11月15日マール・ア・ラーゴのパーティーで自身の就任を11月5日から始めなければいけませんと発言した。,https://www.dailymail.co.uk/news/article-14085207/trump-announces-early-term-start-party-sly-stallone-elon-musk.html?ico=topics_pagination_desktop,2025年1月20日就任予定のトランプ次期アメリカ大統領は、2024年11月15日マール・ア・ラーゴのパーティーで自身の就任を11月5日から始めなければいけませんと発言した。,True,True,https://www.usa.gov/inauguration https://www.dailymail.co.uk/news/article-14085207/trump-announces-early-term-start-party-sly-stallone-elon-musk.html?ico=topics_pagination_desktop,True,トランプ氏は11月初旬から任期を始める法案を可決するべきだとパーティーで発言したが、可決されたわけではない。,2,True,False,False,False,False,False,-,-,-,-,-,-,0,-,-,-,True,False
339,https://www.factcheckcenter.jp/fact-check/politics/false-3-generations-politician/,2024/11/20,誤り,政治,https://x.com/i/status/1852785505966215305,"テキスト,画像1",アメリカでは帰化して三代、間におかないと政治家になれない。,https://constitution.congress.gov/browse/essay/artI-S2-C2-1/ALDE_00013371/,アメリカで政治家になるのに、親の国籍は関係ない。,True,False,https://constitution.congress.gov/browse/essay/artII-S1-C5-1/ALDE_00013692/ https://constitution.congress.gov/browse/essay/artI-S2-C2-1/ALDE_00013371/,False,「アメリカでは帰化して三代、間におかないと政治家になれない」という言説が拡散したが、誤り。大統領も連邦議会上下院議員も、年齢や在住期間の規定はあるが、親の国籍は関係ない。また、拡散した画像も実際に帰化が確認できた人物は二人で、ほぼ誤り。,1,True,True,False,-,-,-,-,-,-,-,-,-,0,-,-,-,-,-
340,https://www.factcheckcenter.jp/fact-check/politics/false-3-generations-politician/,2024/11/20,誤り,政治,https://x.com/i/status/1852785505966215305,"テキスト,画像1",アメリカで政治家になるのに、親の国籍は関係ない。,https://constitution.congress.gov/browse/essay/artI-S2-C2-1/ALDE_00013371/,アメリカで政治家になるのに、親の国籍は関係ない。,True,True,https://constitution.congress.gov/browse/essay/artII-S1-C5-1/ALDE_00013692/ https://constitution.congress.gov/browse/essay/artI-S2-C2-1/ALDE_00013371/,True,アメリカでは、大統領も連邦議会上下院議員も、年齢や在住期間の規定はあるが、親の国籍は関係ない。,1,True,True,False,-,-,-,-,-,-,-,-,-,0,-,-,-,-,-
341,https://www.factcheckcenter.jp/fact-check/politics/inaccurate-chare-said-no-power-harassment/,2024/11/20,不正確,政治,https://x.com/i/status/1858647828991819890,"テキスト,動画1",2024年8月23日兵庫県の百条委員会の記者会見で奥谷謙一委員長が、「明確に知事からパワハラを受けた人はいなかった」と発言した。,https://www.youtube.com/watch?v=eD34d53DAPU&t=399s,2024年8月23日兵庫県の百条委員会の記者会見で奥谷委員長が「私の認識では明確に知事の方からパワハラを受けたという方はいらっしゃらなかったが、職員自身では評価できないという方もいるので、百条委員会でパワハラにあたるのか評価する。厳しい叱責を受けたことがある方は結構いた」と発言した。,True,False,https://www.youtube.com/watch?v=eD34d53DAPU&t=399s,NEI,奥谷委員長が「私の認識では明確に知事の方からパワハラを受けたという方はいらっしゃらなかった」と発言していることは事実だが、その後に「職員自身では評価できないという方もいるので、我々でパワハラにあたるのか評価する」「厳しい叱責を受けたことがある方は結構いた」と発言した部分が削られている。拡散した「委員長が『パワハラはなかった』と発言した」という主張は部分的な切り取りで不正確だ。,0,-,-,-,-,-,-,-,-,-,-,-,-,1,True,False,False,True,False
342,https://www.factcheckcenter.jp/fact-check/politics/inaccurate-chare-said-no-power-harassment/,2024/11/20,不正確,政治,https://x.com/i/status/1858647828991819890,"テキスト,動画1",2024年8月23日兵庫県の百条委員会の記者会見で奥谷委員長が「私の認識では明確に知事の方からパワハラを受けたという方はいらっしゃらなかったが、職員自身では評価できないという方もいるので、百条委員会でパワハラにあたるのか評価する。厳しい叱責を受けたことがある方は結構いた」と発言した。,https://www.youtube.com/watch?v=eD34d53DAPU&t=399s,2024年8月23日兵庫県の百条委員会の記者会見で奥谷委員長が「私の認識では明確に知事の方からパワハラを受けたという方はいらっしゃらなかったが、職員自身では評価できないという方もいるので、百条委員会でパワハラにあたるのか評価する。厳しい叱責を受けたことがある方は結構いた」と発言した。,True,True,https://www.youtube.com/watch?v=eD34d53DAPU&t=399s,True,奥谷委員長が「私の認識では明確に知事の方からパワハラを受けたという方はいらっしゃらなかった」と発言していることは事実だが、その後に「職員自身では評価できないという方もいるので、我々でパワハラにあたるのか評価する」「厳しい叱責を受けたことがある方は結構いた」と発言した部分が削られている。拡散した「委員長が『パワハラはなかった』と発言した」という主張は部分的な切り取りで不正確だ。,0,-,-,-,-,-,-,-,-,-,-,-,-,1,True,True,False,True,True
343,https://www.factcheckcenter.jp/fact-check/health/inaccurate-my-number-insurance/,2024/11/28,不正確,医療・健康,https://x.com/i/status/1860464868366926264,テキスト,マイナンバーカードの健康保険証の利用には、紙の「資格情報のお知らせ」を一緒に提示する必要がある。,https://digital-gov.note.jp/n/nb53df3fcf8fe,オンライン資格確認などシステムを導入していない医療機関を受診する際や、読み取り機のシステムエラーがあった場合のみ、マイナンバーカードの健康保険証とともに紙の「資格情報のお知らせ」を提示する必要がある場合がある。,False,False,https://myna.go.jp/html/hokenshoriyou_top.html https://www.mhlw.go.jp/stf/newpage_08277.html?ref=factcheckcenter.jp#kokumin1 https://www.mhlw.go.jp/stf/newpage_45470.html https://www.digital.go.jp/policies/mynumber/insurance-card/optional-insured-status https://www.kyoukaikenpo.or.jp/~/media/Files/honbu/event/MN2409oshirase2.pdf,NEI,「紙の資格情報」が必要になるのはオンライン資格確認などシステムを導入していない医療機関を受診する際や、読み取り機のシステムエラーがあった場合のみで、スマートフォンのマイナポータルで代用することも可能だ。よって不正確と判定した。,0,-,-,-,-,-,-,-,-,-,-,-,-,1,False,False,False,-,-
344,https://www.factcheckcenter.jp/fact-check/health/inaccurate-my-number-insurance/,2024/11/28,不正確,医療・健康,https://x.com/i/status/1860464868366926264,テキスト,オンライン資格確認などシステムを導入していない医療機関を受診する際や、読み取り機のシステムエラーがあった場合のみ、マイナンバーカードの健康保険証とともに紙の「資格情報のお知らせ」を提示する必要がある場合がある。,https://digital-gov.note.jp/n/nb53df3fcf8fe,オンライン資格確認などシステムを導入していない医療機関を受診する際や、読み取り機のシステムエラーがあった場合のみ、マイナンバーカードの健康保険証とともに紙の「資格情報のお知らせ」を提示する必要がある場合がある。,False,True,https://myna.go.jp/html/hokenshoriyou_top.html https://www.mhlw.go.jp/stf/newpage_08277.html?ref=factcheckcenter.jp#kokumin1 https://www.mhlw.go.jp/stf/newpage_45470.html https://www.digital.go.jp/policies/mynumber/insurance-card/optional-insured-status https://www.kyoukaikenpo.or.jp/~/media/Files/honbu/event/MN2409oshirase2.pdf,True,「紙の資格情報」が必要になるのはオンライン資格確認などシステムを導入していない医療機関を受診する際や、読み取り機のシステムエラーがあった場合のみで、スマートフォンのマイナポータルで代用することも可能だ。,0,-,-,-,-,-,-,-,-,-,-,-,-,1,False,False,False,True,False
345,https://www.factcheckcenter.jp/fact-check/politics/hyogo-fact-check-100-committee/,2024/11/28,誤り,政治,https://x.com/i/status/1857589609208885363,"テキスト,画像1,画像2,画像3,動画1",2024年7月31日から8月15日にかけて行われた兵庫県の斎藤知事に関する県職員を対象にしたアンケートは丸尾牧兵庫県議会議員の私的なアンケートである。,https://www.kobe-np.co.jp/news/society/202405/0017656530.shtml,2024年7月31日から8月15日にかけて行われた兵庫県の斎藤知事に関する県職員を対象にした百条委員会のアンケートは丸尾牧兵庫県議会議員の私的なアンケートとは別である。,True,False,https://www.kobe-np.co.jp/news/society/202405/0017656530.shtml,False,県議会の百条委による県職員アンケートに関しては様々な言説が拡散し、その信頼性を疑問視する声がある。  しかし、それらの言説のうち「議員による私的なアンケート」や「回答した年代が不自然」という指摘は誤り又は不正確だ。一方で「複数回の回答ができる」という指摘は正しい。,3,True,True,False,True,True,False,True,True,False,-,-,-,1,True,True,False,-,-
346,https://www.factcheckcenter.jp/fact-check/politics/hyogo-fact-check-100-committee/,2024/11/28,誤り,政治,https://x.com/i/status/1857589609208885363,"テキスト,画像1,画像2,画像3,動画1",2024年7月31日から8月15日にかけて行われた兵庫県の斎藤知事に関する県職員を対象にした百条委員会のアンケートは丸尾牧兵庫県議会議員の私的なアンケートとは別である。,https://www.kobe-np.co.jp/news/society/202405/0017656530.shtml,2024年7月31日から8月15日にかけて行われた兵庫県の斎藤知事に関する県職員を対象にした百条委員会のアンケートは丸尾牧兵庫県議会議員の私的なアンケートとは別である。,True,True,https://www.kobe-np.co.jp/news/society/202405/0017656530.shtml,True,百条委員会がアンケートをする前に、兵庫県議会の丸尾牧議員が4月に個人的なアンケート調査をしている。神戸新聞によれば、4月下旬、通勤途中の県職員に対して、知事のパワハラについてたずねるアンケート用紙300枚を配り、21人から回答を得たという。百条委が実施した県職員アンケートは全く別のものである。,3,True,True,False,True,True,False,True,True,False,-,-,-,1,True,True,False,-,-
347,https://www.factcheckcenter.jp/fact-check/politics/inaccurate-claim-gender-budget-9-trillion/,2024/12/11,不正確,政治,https://x.com/i/status/1859187412741873677,"テキスト,画像1",2024年度の男女共同参画事業の予算は男女共同参画社会の実現を直接の目的とする事業に使われるもので、9兆円である。,https://www.gender.go.jp/about_danjo/yosan/index.html,2024年度の男女共同参画基本計画関係予算は10兆円であるが、その全てが男女共同参画社会の実現を直接の目的とする事業に使われるわけではない。,True,False,https://www.gender.go.jp/about_danjo/yosan/index.html,False,男女共同参画事業の予算が9兆円だとする主張は、ミスリードで不正確。2024年度「男女共同参画参画基本計画関係予算」は10兆円を超えているが、その全てが男女共同参画社会の実現を直接の目的とする事業に使われるわけではない。社会保障や子ども・子育て支援、教育関係費といった、男女共同参画に何らかの効果がある各省庁の施策・事業予算が全てまとめて計上されている。,1,False,False,False,-,-,-,-,-,-,-,-,-,0,-,-,-,NA,False
348,https://www.factcheckcenter.jp/fact-check/politics/inaccurate-claim-gender-budget-9-trillion/,2024/12/11,不正確,政治,https://x.com/i/status/1859187412741873677,"テキスト,画像1",2024年度の男女共同参画基本計画関係予算は10兆円であるが、その全てが男女共同参画社会の実現を直接の目的とする事業に使われるわけではない。,https://www.gender.go.jp/about_danjo/yosan/index.html,2024年度の男女共同参画基本計画関係予算は10兆円であるが、その全てが男女共同参画社会の実現を直接の目的とする事業に使われるわけではない。,True,True,https://www.gender.go.jp/about_danjo/yosan/index.html,True,2024年度「男女共同参画参画基本計画関係予算」は10兆円を超えているが、その全てが男女共同参画社会の実現を直接の目的とする事業に使われるわけではない。社会保障や子ども・子育て支援、教育関係費といった、男女共同参画に何らかの効果がある各省庁の施策・事業予算が全てまとめて計上されている。,1,False,False,False,-,-,-,-,-,-,-,-,-,0,-,-,-,NA,False
349,https://www.factcheckcenter.jp/fact-check/health/false-covid-vaccine-claim-who/,2024/12/20,不正確,医療・健康,https://x.com/i/status/1869178198052999452,"テキスト,動画1",2024年12月 WHO テドロス事務総長が新型コロナウィルス感染症の感染に効くワクチンは無いと発言した。,https://www.youtube.com/watch?v=qhaPpBPQV9U,新型コロナウィルスワクチン開発中の2020年8月3日にWHOテドロス事務局長が「新型コロナウィルス感染症から守る特効薬は現時点ではなく、今後もないかもしれない」と発言した。,True,False,https://www.youtube.com/watch?v=qhaPpBPQV9U,False,テドロス事務局長が「コロナ感染に効くワクチンは無い」と発言した動画は、2020年8月3日の会見の切り抜き。当時はワクチン開発中で、4年以上前のニュースの一部を切り取って再掲載しており、ミスリードで不正確。,0,-,-,-,-,-,-,-,-,-,-,-,-,1,False,True,False,True,True
350,https://www.factcheckcenter.jp/fact-check/health/false-covid-vaccine-claim-who/,2024/12/20,不正確,医療・健康,https://x.com/i/status/1869178198052999452,"テキスト,動画1",新型コロナウィルスワクチン開発中の2020年8月3日にWHOテドロス事務局長が「新型コロナウィルス感染症から守る特効薬は現時点ではなく、今後もないかもしれない」と発言した。,https://www.youtube.com/watch?v=qhaPpBPQV9U,新型コロナウィルスワクチン開発中の2020年8月3日にWHOテドロス事務局長が「新型コロナウィルス感染症から守る特効薬は現時点ではなく、今後もないかもしれない」と発言した。,True,True,https://www.youtube.com/watch?v=qhaPpBPQV9U,True,テドロス事務局長が「コロナ感染に効くワクチンは無い」と発言した動画は、2020年8月3日の会見の切り抜き。当時はワクチン開発中。,0,-,-,-,-,-,-,-,-,-,-,-,-,1,False,False,False,True,False
351,https://www.factcheckcenter.jp/fact-check/international/false-china-newyear-drone/,2025/1/7,誤り,国際,https://x.com/i/status/1874285502083588107,"テキスト,動画1",投稿された動画は、2025年新年の中国のドローンと花火を融合した動画である。,https://www.tiktok.com/@allaboutchina88/video/7420808635183402261,投稿された動画は、2024年10月1日の動画と2024年12月10日の動画の、2つの動画を合成したものである。,True,False,https://www.tiktok.com/@allaboutchina88/video/7420808635183402261 https://news.tv-asahi.co.jp/news_international/articles/000390610.html,False,拡散した動画は、2つのドローンショーの映像を上海の夜景に合成したものだ。よって誤りと判定する。,0,-,-,-,-,-,-,-,-,-,-,-,-,1,False,True,False,True,True
352,https://www.factcheckcenter.jp/fact-check/international/false-china-newyear-drone/,2025/1/7,誤り,国際,https://x.com/i/status/1874285502083588107,"テキスト,動画1",投稿された動画は、2024年10月1日の動画と2024年12月10日の動画の、2つの動画を合成したものである。,https://www.tiktok.com/@allaboutchina88/video/7420808635183402261,投稿された動画は、2024年10月1日の動画と2024年12月10日の動画の、2つの動画を合成したものである。,True,True,https://www.tiktok.com/@allaboutchina88/video/7420808635183402261 https://news.tv-asahi.co.jp/news_international/articles/000390610.html,True,拡散した動画は、2つのドローンショーの映像を上海の夜景に合成したものだ。,0,-,-,-,-,-,-,-,-,-,-,-,-,1,False,False,False,True,False
353,https://www.factcheckcenter.jp/fact-check/disasters/false-earthquake-footage-miyazaki/,2025/1/17,誤り,災害,https://x.com/i/status/1878788723288256728,"テキスト,動画1",投稿された動画は2025年1月13日、日向灘を震源とする地震の際に撮影された動画である。,https://www.youtube.com/shorts/u2rPwcJVkk4,投稿された動画は、2024年1月1日に富山県高岡市で撮影された能登半島地震のものである。,True,False,https://www.youtube.com/shorts/u2rPwcJVkk4 https://www.tiktok.com/@k_sssss33/video/7319261730733837586 https://takaoka-aeonmall.com/floorguide/#target/page_no=1 https://miyazaki-aeonmall.com/floorguide/#target/page_no=1,False,2025年1月13日夜、地震直後の宮崎県内の様子として、ショッピングモール内で人々がしゃがみ込む映像が拡散したが、誤り。映像は1年以上前に富山県高岡市で撮影されたものだ。,0,-,-,-,-,-,-,-,-,-,-,-,-,1,False,True,False,True,True
354,https://www.factcheckcenter.jp/fact-check/disasters/false-earthquake-footage-miyazaki/,2025/1/17,誤り,災害,https://x.com/i/status/1878788723288256728,"テキスト,動画1",投稿された動画は、2024年1月1日に富山県高岡市で撮影された能登半島地震のものである。,https://www.youtube.com/shorts/u2rPwcJVkk4,投稿された動画は、2024年1月1日に富山県高岡市で撮影された能登半島地震のものである。,True,True,https://www.youtube.com/shorts/u2rPwcJVkk4 https://www.tiktok.com/@k_sssss33/video/7319261730733837586 https://takaoka-aeonmall.com/floorguide/#target/page_no=1 https://miyazaki-aeonmall.com/floorguide/#target/page_no=1,True,2025年1月13日夜、地震直後の宮崎県内の様子として、ショッピングモール内で人々がしゃがみ込む映像が拡散したが、誤り。映像は1年以上前に富山県高岡市で撮影されたものだ。,0,-,-,-,-,-,-,-,-,-,-,-,-,1,False,False,False,True,False
355,https://www.factcheckcenter.jp/fact-check/health/false-covid-vaccine-deaths/,2025/1/24,誤り,医療・健康,https://x.com/i/status/1868823760897445952,テキスト,新型コロナウィルスワクチンの特定のロットでは接種者全員が死亡した。,https://www.mhlw.go.jp/content/11120000/001325446.pdf,新型コロナウィルスワクチンの特定のロットでは接種者全員が死亡したものはない。,True,False,https://www.mhlw.go.jp/content/11120000/001325446.pdf,False,「新型コロナワクチン、ロットによっては接種者全員が死んでいる」という情報が拡散したが、誤り。医療機関などからの厚労省への副反応疑い報告にそのようなデータはない。また、川田氏が根拠だとする御殿場市のデータにも、特定のロットで全ての接種者が亡くなったデータはなかった。,0,-,-,-,-,-,-,-,-,-,-,-,-,0,-,-,-,-,-
356,https://www.factcheckcenter.jp/fact-check/health/false-covid-vaccine-deaths/,2025/1/24,誤り,医療・健康,https://x.com/i/status/1868823760897445952,テキスト,新型コロナウィルスワクチンの特定のロットでは接種者全員が死亡したものはない。,https://www.mhlw.go.jp/content/11120000/001325446.pdf,新型コロナウィルスワクチンの特定のロットでは接種者全員が死亡したものはない。,True,True,https://www.mhlw.go.jp/content/11120000/001325446.pdf,True,厚労省「予防接種法に基づく医療機関からの副反応疑い報告状況について」で確認すると、一つのロットで接種者全員が死亡したものはない。 最も死亡の報告頻度が高いのは、402万2640回分が入っていたロット番号EX3617で、死亡報告は67件、死亡の報告頻度は0.0017％になる。,0,-,-,-,-,-,-,-,-,-,-,-,-,0,-,-,-,-,-
357,https://www.factcheckcenter.jp/fact-check/international/article-false-trump-targets-countries/,2025/1/24,誤り,国際,https://x.com/i/status/1881709510345310336,テキスト,2025年1月21日時点でトランプ米大統領が関税に関して、まず潰すべき国はメキシコ、カナダ、中国、そして日本だと発言した。,https://itest.5ch.net/nova/test/read.cgi/livegalileo/1737463174/,『トランプ「まず潰すべき国はメキシコ、カナダ、中国、そして日本だ」』は5ちゃんねるのスレッドのタイトルで、トランプ氏の発言ではない。,True,False,https://itest.5ch.net/nova/test/read.cgi/livegalileo/1737463174/,False,関税に関してトランプ氏の発言として拡散したのは、日本の経済メディアの記事タイトルを一部改変したものでありトランプ氏による実際の発言ではなかったので、誤り。,1,False,False,False,-,-,-,-,-,-,-,-,-,0,-,-,-,-,-
358,https://www.factcheckcenter.jp/fact-check/international/article-false-trump-targets-countries/,2025/1/24,誤り,国際,https://x.com/i/status/1881709510345310336,テキスト,2025年1月21日時点でトランプ米大統領が関税に関して、まず潰すべき国はメキシコ、カナダ、中国、そして日本だと発言していない。,https://itest.5ch.net/nova/test/read.cgi/livegalileo/1737463174/,『トランプ「まず潰すべき国はメキシコ、カナダ、中国、そして日本だ」』は5ちゃんねるのスレッドのタイトルで、トランプ氏の発言ではない。,True,True,https://itest.5ch.net/nova/test/read.cgi/livegalileo/1737463174/,True,関税に関してトランプ氏の発言として拡散したのは、日本の経済メディアの記事タイトルを一部改変したものでありトランプ氏による実際の発言ではない。,1,False,False,False,-,-,-,-,-,-,-,-,-,0,-,-,-,-,-
359,https://www.factcheckcenter.jp/fact-check/politics/false-information-about-iwaya/,2025/1/24,誤り,政治,https://x.com/i/status/1881909664360865877,テキスト,2025年1月19日からの岩屋毅外務大臣の訪米に関し、2025年1月22日時点で報道が全くない。,https://news.web.nhk/newsweb/na/na-k10014697591000,2025年1月19日からの岩屋毅外務大臣の訪米に関し、少なくとも2025年1月20日時点で報道されている。,True,False,https://www.mofa.go.jp/mofaj/a_o/c_m1/cn/pageit_000001_01407.html https://www3.nhk.or.jp/news/html/20250121/k10014698921000.html https://www.youtube.com/watch?v=LRH-csYe8ZA https://www3.nhk.or.jp/news/html/20250120/k10014697591000.html https://www.asahi.com/articles/AST1P354YT1PUTFK00LM.html https://mainichi.jp/articles/20250121/k00/00m/030/061000c https://www3.nhk.or.jp/news/html/20250122/k10014699591000.html https://www.yomiuri.co.jp/politics/20250122-OYT1T50066/ https://newsdig.tbs.co.jp/articles/withbloomberg/1681140?display=1 https://www.mofa.go.jp/mofaj/index.html,False,岩屋外相の外交は、各メディアが報道しているので、報道が全くないという情報は、誤り。,1,False,False,False,-,-,-,-,-,-,-,-,-,0,-,-,-,-,-
360,https://www.factcheckcenter.jp/fact-check/politics/false-information-about-iwaya/,2025/1/24,誤り,政治,https://x.com/i/status/1881909664360865877,テキスト,2025年1月19日からの岩屋毅外務大臣の訪米に関し、少なくとも2025年1月20日時点で報道されている。,https://news.web.nhk/newsweb/na/na-k10014697591000,2025年1月19日からの岩屋毅外務大臣の訪米に関し、少なくとも2025年1月20日時点で報道されている。,True,True,https://www.mofa.go.jp/mofaj/a_o/c_m1/cn/pageit_000001_01407.html https://www3.nhk.or.jp/news/html/20250121/k10014698921000.html https://www.youtube.com/watch?v=LRH-csYe8ZA https://www3.nhk.or.jp/news/html/20250120/k10014697591000.html https://www.asahi.com/articles/AST1P354YT1PUTFK00LM.html https://mainichi.jp/articles/20250121/k00/00m/030/061000c https://www3.nhk.or.jp/news/html/20250122/k10014699591000.html https://www.yomiuri.co.jp/politics/20250122-OYT1T50066/ https://newsdig.tbs.co.jp/articles/withbloomberg/1681140?display=1 https://www.mofa.go.jp/mofaj/index.html,True,トランプ大統領の就任式にあわせた岩屋外相の出発と現地到着は各社が報じている。,1,False,False,False,-,-,-,-,-,-,-,-,-,0,-,-,-,-,-
361,https://www.factcheckcenter.jp/fact-check/international/false-zainichi-privilege-myth/,2025/2/3,誤り,国際,https://x.com/i/status/1859216058152099985,"テキスト,画像1",在日特権と言われる特別永住者は、働かずに年600万円もらえる。,https://www.city.hiroshima.lg.jp/living/fukushi-kaigo/1014902/1025759/1029759/1015434.html,特別永住者を含む、1926年4月1日以前に生まれて、国民年金の受給資格を制度上得られなかった人（無年金）が対象とし、公的年金や生活保護を受給していないことなどを条件に自治体が給付する「在日外国人高齢者給付金」「特別永住者福祉給付金」などの名称の、月7000円から1万5000円程度の給付金がある。,True,False,"https://d4p.world/23066/ https://laws.e-gov.go.jp/law/403AC0000000071 https://kokkai.ndl.go.jp/?ref=factcheckcenter.jp#/detail?minId=118915206X01220150521&spkNum=72&single https://www.mofa.go.jp/mofaj/gaiko/kiyaku/index.html https://www.mofa.go.jp/mofaj/gaiko/treaty/pdfs/B-S57-0047.pdf https://www.mhlw.go.jp/content/12500000/000955291.pdf https://www.mhlw.go.jp/shingi/2009/12/dl/s1209-13e1_12.pdf https://www.city.hiroshima.lg.jp/site/koureisha/5904.html https://www.city.kitakyushu.lg.jp/files/001104961.pdf https://www.city.kurume.fukuoka.jp/1070kenkou/2030koureikaigo/3010kourei/2021-0802-1419-34.html https://www.city.katsushika.lg.jp/kenkou/1000052/1030186/1002141/1032979.html https://www.city.sumida.lg.jp/kenko_fukushi/koureisya_kaigohoken/antei/ta9020.html?ref=factcheckcenter.jp#:~:text=%E5%9B%BD%E6%B0%91%E5%B9%B4%E9%87%91%E5%88%B6%E5%BA%A6%E4%B8%8A%E3%80%81%E8%80%81%E9%BD%A2,%E9%87%91%E3%82%92%E6%94%AF%E7%B5%A6%E3%81%97%E3%81%BE%E3%81%99%E3%80%82&text=%E6%94%AF%E7%B5%A6%E5%86%85%E5%AE%B9%E6%9C%88%E9%A1%8D15%2C000%E5%86%86,%E3%81%8B%E3%82%89%E3%81%AE%E6%94%AF%E7%B5%A6%E3%81%A8%E3%81%AA%E3%82%8A%E3%81%BE%E3%81%99%E3%80%82 https://faq.city.kobe.lg.jp/faq/show/519?site_domain=default https://www.nishi.or.jp/kurashi/nenkin/kyufu/gaikokukoreisha.html https://www.soumu.go.jp/main_sosiki/jichi_zeisei/czaisei/czaisei_seido/individual-inhabitant-tax.html https://www.shugiin.go.jp/internet/itdb_kaigiroku.nsf/html/kaigiroku/003321320240228002.htm?ref=factcheckcenter.jp#p_honbun https://laws.e-gov.go.jp/law/418AC0000000078/?ref=factcheckcenter.jp#Mp-Ch_3-Se_6-At_36 https://www.nta.go.jp/taxes/shiraberu/taxanswer/sozoku/4138.htm https://www.moj.go.jp/jinji/shihoushiken/shiken_menjyo_menjyo07.html https://jss-sociology.org/research/92/file/038.pdf https://www.jinji.go.jp/content/000001409.pdf https://www.pref.osaka.lg.jp/o210010/jinji-i/guide/qa.html?ref=factcheckcenter.jp#a5 https://www.city.kyoto.lg.jp/templates/shingikai_kekka/cmsfiles/contents/0000210/210817/saiyouninyou.pdf https://www.city.hiroshima.lg.jp/site/employment/4108.html",False,在日特権として「働かず年600万円貰って遊んで暮らす優雅な生活」や「税金を納めない」などの主張が繰り返し拡散しているが、それぞれ誤り。,1,False,False,False,-,-,-,-,-,-,-,-,-,0,-,-,-,NA,False
362,https://www.factcheckcenter.jp/fact-check/international/false-zainichi-privilege-myth/,2025/2/3,誤り,国際,https://x.com/i/status/1859216058152099985,"テキスト,画像1",在日特権と言われる特別永住者は、税金を納めなくてよい。,https://www.soumu.go.jp/main_sosiki/jichi_zeisei/czaisei/czaisei_seido/individual-inhabitant-tax.html,特別永住者であっても、税金を納める必要がある。,True,False,https://www.soumu.go.jp/main_sosiki/jichi_zeisei/czaisei/czaisei_seido/individual-inhabitant-tax.html https://www.shugiin.go.jp/internet/itdb_kaigiroku.nsf/html/kaigiroku/003321320240228002.htm#p_honbun,False,在日特権として「働かず年600万円貰って遊んで暮らす優雅な生活」や「税金を納めない」などの主張が繰り返し拡散しているが、それぞれ誤り。,1,False,False,False,-,-,-,-,-,-,-,-,-,0,-,-,-,NA,False
363,https://www.factcheckcenter.jp/fact-check/international/false-zainichi-privilege-myth/,2025/2/3,誤り,国際,https://x.com/i/status/1859216058152099985,"テキスト,画像1",在日特権と言われる特別永住者は、相続税を払わなくてよい。,https://laws.e-gov.go.jp/law/418AC0000000078/#Mp-Ch_3-Se_6-At_36,特別永住者であっても、相続税を払う必要がある。,True,False,https://laws.e-gov.go.jp/law/418AC0000000078/#Mp-Ch_3-Se_6-At_36,False,在日特権として「働かず年600万円貰って遊んで暮らす優雅な生活」や「税金を納めない」などの主張が繰り返し拡散しているが、それぞれ誤り。,1,False,False,False,-,-,-,-,-,-,-,-,-,0,-,-,-,NA,False
364,https://www.factcheckcenter.jp/fact-check/international/false-zainichi-privilege-myth/,2025/2/3,誤り,国際,https://x.com/i/status/1859216058152099985,"テキスト,画像1",在日特権と言われる特別永住者は、犯罪犯しても実名が出ない。,https://jss-sociology.org/research/92/file/038.pdf,特別永住者であっても、犯罪を犯したら実名が出る場合がある。,True,False,https://jss-sociology.org/research/92/file/038.pdf,False,在日特権として「働かず年600万円貰って遊んで暮らす優雅な生活」や「税金を納めない」などの主張が繰り返し拡散しているが、それぞれ誤り。,1,False,False,False,-,-,-,-,-,-,-,-,-,0,-,-,-,NA,False
365,https://www.factcheckcenter.jp/fact-check/international/false-zainichi-privilege-myth/,2025/2/3,誤り,国際,https://x.com/i/status/1859216058152099985,"テキスト,画像1",在日特権と言われる特別永住者は、公務員にも就職できる。,https://www.jinji.go.jp/content/000001409.pdf,日本の国籍を有しない者は、日本の国家公務員には就職できない。,True,False,https://www.jinji.go.jp/content/000001409.pdf https://www.pref.osaka.lg.jp/o210010/jinji-i/guide/qa.html#a5 https://www.city.kyoto.lg.jp/templates/shingikai_kekka/cmsfiles/contents/0000210/210817/saiyouninyou.pdf https://www.city.hiroshima.lg.jp/site/employment/4108.html,False,在日特権として「働かず年600万円貰って遊んで暮らす優雅な生活」や「税金を納めない」などの主張が繰り返し拡散しているが、それぞれ誤り。,1,False,False,False,-,-,-,-,-,-,-,-,-,0,-,-,-,NA,False
366,https://www.factcheckcenter.jp/fact-check/international/false-zainichi-privilege-myth/,2025/2/3,誤り,国際,https://x.com/i/status/1859216058152099985,"テキスト,画像1",特別永住者を含む、1926年4月1日以前に生まれて、国民年金の受給資格を制度上得られなかった人（無年金）が対象とし、公的年金や生活保護を受給していないことなどを条件に自治体が給付する「在日外国人高齢者給付金」「特別永住者福祉給付金」などの名称の、月7000円から1万5000円程度の給付金がある。,https://www.city.hiroshima.lg.jp/living/fukushi-kaigo/1014902/1025759/1029759/1015434.html,特別永住者を含む、1926年4月1日以前に生まれて、国民年金の受給資格を制度上得られなかった人（無年金）が対象とし、公的年金や生活保護を受給していないことなどを条件に自治体が給付する「在日外国人高齢者給付金」「特別永住者福祉給付金」などの名称の、月7000円から1万5000円程度の給付金がある。,True,True,"https://d4p.world/23066/ https://laws.e-gov.go.jp/law/403AC0000000071 https://kokkai.ndl.go.jp/?ref=factcheckcenter.jp#/detail?minId=118915206X01220150521&spkNum=72&single https://www.mofa.go.jp/mofaj/gaiko/kiyaku/index.html https://www.mofa.go.jp/mofaj/gaiko/treaty/pdfs/B-S57-0047.pdf https://www.mhlw.go.jp/content/12500000/000955291.pdf https://www.mhlw.go.jp/shingi/2009/12/dl/s1209-13e1_12.pdf https://www.city.hiroshima.lg.jp/site/koureisha/5904.html https://www.city.kitakyushu.lg.jp/files/001104961.pdf https://www.city.kurume.fukuoka.jp/1070kenkou/2030koureikaigo/3010kourei/2021-0802-1419-34.html https://www.city.katsushika.lg.jp/kenkou/1000052/1030186/1002141/1032979.html https://www.city.sumida.lg.jp/kenko_fukushi/koureisya_kaigohoken/antei/ta9020.html?ref=factcheckcenter.jp#:~:text=%E5%9B%BD%E6%B0%91%E5%B9%B4%E9%87%91%E5%88%B6%E5%BA%A6%E4%B8%8A%E3%80%81%E8%80%81%E9%BD%A2,%E9%87%91%E3%82%92%E6%94%AF%E7%B5%A6%E3%81%97%E3%81%BE%E3%81%99%E3%80%82&text=%E6%94%AF%E7%B5%A6%E5%86%85%E5%AE%B9%E6%9C%88%E9%A1%8D15%2C000%E5%86%86,%E3%81%8B%E3%82%89%E3%81%AE%E6%94%AF%E7%B5%A6%E3%81%A8%E3%81%AA%E3%82%8A%E3%81%BE%E3%81%99%E3%80%82 https://faq.city.kobe.lg.jp/faq/show/519?site_domain=default https://www.nishi.or.jp/kurashi/nenkin/kyufu/gaikokukoreisha.html https://www.soumu.go.jp/main_sosiki/jichi_zeisei/czaisei/czaisei_seido/individual-inhabitant-tax.html https://www.shugiin.go.jp/internet/itdb_kaigiroku.nsf/html/kaigiroku/003321320240228002.htm?ref=factcheckcenter.jp#p_honbun https://laws.e-gov.go.jp/law/418AC0000000078/?ref=factcheckcenter.jp#Mp-Ch_3-Se_6-At_36 https://www.nta.go.jp/taxes/shiraberu/taxanswer/sozoku/4138.htm https://www.moj.go.jp/jinji/shihoushiken/shiken_menjyo_menjyo07.html https://jss-sociology.org/research/92/file/038.pdf https://www.jinji.go.jp/content/000001409.pdf https://www.pref.osaka.lg.jp/o210010/jinji-i/guide/qa.html?ref=factcheckcenter.jp#a5 https://www.city.kyoto.lg.jp/templates/shingikai_kekka/cmsfiles/contents/0000210/210817/saiyouninyou.pdf https://www.city.hiroshima.lg.jp/site/employment/4108.html",True,特別永住者であることを理由に無条件に金銭を給付する制度はないため、働かず年600万円貰って遊んで暮らす様なことはない。,1,False,True,False,-,-,-,-,-,-,-,-,-,0,-,-,-,NA,True
367,https://www.factcheckcenter.jp/fact-check/international/false-zainichi-privilege-myth/,2025/2/3,誤り,国際,https://x.com/i/status/1859216058152099985,"テキスト,画像1",特別永住者であっても、税金を納める必要がある。,https://www.soumu.go.jp/main_sosiki/jichi_zeisei/czaisei/czaisei_seido/individual-inhabitant-tax.html,特別永住者であっても、税金を納める必要がある。,True,True,"https://d4p.world/23066/ https://laws.e-gov.go.jp/law/403AC0000000071 https://kokkai.ndl.go.jp/?ref=factcheckcenter.jp#/detail?minId=118915206X01220150521&spkNum=72&single https://www.mofa.go.jp/mofaj/gaiko/kiyaku/index.html https://www.mofa.go.jp/mofaj/gaiko/treaty/pdfs/B-S57-0047.pdf https://www.mhlw.go.jp/content/12500000/000955291.pdf https://www.mhlw.go.jp/shingi/2009/12/dl/s1209-13e1_12.pdf https://www.city.hiroshima.lg.jp/site/koureisha/5904.html https://www.city.kitakyushu.lg.jp/files/001104961.pdf https://www.city.kurume.fukuoka.jp/1070kenkou/2030koureikaigo/3010kourei/2021-0802-1419-34.html https://www.city.katsushika.lg.jp/kenkou/1000052/1030186/1002141/1032979.html https://www.city.sumida.lg.jp/kenko_fukushi/koureisya_kaigohoken/antei/ta9020.html?ref=factcheckcenter.jp#:~:text=%E5%9B%BD%E6%B0%91%E5%B9%B4%E9%87%91%E5%88%B6%E5%BA%A6%E4%B8%8A%E3%80%81%E8%80%81%E9%BD%A2,%E9%87%91%E3%82%92%E6%94%AF%E7%B5%A6%E3%81%97%E3%81%BE%E3%81%99%E3%80%82&text=%E6%94%AF%E7%B5%A6%E5%86%85%E5%AE%B9%E6%9C%88%E9%A1%8D15%2C000%E5%86%86,%E3%81%8B%E3%82%89%E3%81%AE%E6%94%AF%E7%B5%A6%E3%81%A8%E3%81%AA%E3%82%8A%E3%81%BE%E3%81%99%E3%80%82 https://faq.city.kobe.lg.jp/faq/show/519?site_domain=default https://www.nishi.or.jp/kurashi/nenkin/kyufu/gaikokukoreisha.html https://www.soumu.go.jp/main_sosiki/jichi_zeisei/czaisei/czaisei_seido/individual-inhabitant-tax.html https://www.shugiin.go.jp/internet/itdb_kaigiroku.nsf/html/kaigiroku/003321320240228002.htm?ref=factcheckcenter.jp#p_honbun https://laws.e-gov.go.jp/law/418AC0000000078/?ref=factcheckcenter.jp#Mp-Ch_3-Se_6-At_36 https://www.nta.go.jp/taxes/shiraberu/taxanswer/sozoku/4138.htm https://www.moj.go.jp/jinji/shihoushiken/shiken_menjyo_menjyo07.html https://jss-sociology.org/research/92/file/038.pdf https://www.jinji.go.jp/content/000001409.pdf https://www.pref.osaka.lg.jp/o210010/jinji-i/guide/qa.html?ref=factcheckcenter.jp#a5 https://www.city.kyoto.lg.jp/templates/shingikai_kekka/cmsfiles/contents/0000210/210817/saiyouninyou.pdf https://www.city.hiroshima.lg.jp/site/employment/4108.html",True,日本に住む全ての外国人には住民税等の納税義務があるため、特別永住者でも税金を納める必要がある。,1,False,True,False,-,-,-,-,-,-,-,-,-,0,-,-,-,NA,True
368,https://www.factcheckcenter.jp/fact-check/international/false-zainichi-privilege-myth/,2025/2/3,誤り,国際,https://x.com/i/status/1859216058152099985,"テキスト,画像1",特別永住者であっても、相続税を払う必要がある。,https://laws.e-gov.go.jp/law/418AC0000000078/#Mp-Ch_3-Se_6-At_36,特別永住者であっても、相続税を払う必要がある。,True,True,"https://d4p.world/23066/ https://laws.e-gov.go.jp/law/403AC0000000071 https://kokkai.ndl.go.jp/?ref=factcheckcenter.jp#/detail?minId=118915206X01220150521&spkNum=72&single https://www.mofa.go.jp/mofaj/gaiko/kiyaku/index.html https://www.mofa.go.jp/mofaj/gaiko/treaty/pdfs/B-S57-0047.pdf https://www.mhlw.go.jp/content/12500000/000955291.pdf https://www.mhlw.go.jp/shingi/2009/12/dl/s1209-13e1_12.pdf https://www.city.hiroshima.lg.jp/site/koureisha/5904.html https://www.city.kitakyushu.lg.jp/files/001104961.pdf https://www.city.kurume.fukuoka.jp/1070kenkou/2030koureikaigo/3010kourei/2021-0802-1419-34.html https://www.city.katsushika.lg.jp/kenkou/1000052/1030186/1002141/1032979.html https://www.city.sumida.lg.jp/kenko_fukushi/koureisya_kaigohoken/antei/ta9020.html?ref=factcheckcenter.jp#:~:text=%E5%9B%BD%E6%B0%91%E5%B9%B4%E9%87%91%E5%88%B6%E5%BA%A6%E4%B8%8A%E3%80%81%E8%80%81%E9%BD%A2,%E9%87%91%E3%82%92%E6%94%AF%E7%B5%A6%E3%81%97%E3%81%BE%E3%81%99%E3%80%82&text=%E6%94%AF%E7%B5%A6%E5%86%85%E5%AE%B9%E6%9C%88%E9%A1%8D15%2C000%E5%86%86,%E3%81%8B%E3%82%89%E3%81%AE%E6%94%AF%E7%B5%A6%E3%81%A8%E3%81%AA%E3%82%8A%E3%81%BE%E3%81%99%E3%80%82 https://faq.city.kobe.lg.jp/faq/show/519?site_domain=default https://www.nishi.or.jp/kurashi/nenkin/kyufu/gaikokukoreisha.html https://www.soumu.go.jp/main_sosiki/jichi_zeisei/czaisei/czaisei_seido/individual-inhabitant-tax.html https://www.shugiin.go.jp/internet/itdb_kaigiroku.nsf/html/kaigiroku/003321320240228002.htm?ref=factcheckcenter.jp#p_honbun https://laws.e-gov.go.jp/law/418AC0000000078/?ref=factcheckcenter.jp#Mp-Ch_3-Se_6-At_36 https://www.nta.go.jp/taxes/shiraberu/taxanswer/sozoku/4138.htm https://www.moj.go.jp/jinji/shihoushiken/shiken_menjyo_menjyo07.html https://jss-sociology.org/research/92/file/038.pdf https://www.jinji.go.jp/content/000001409.pdf https://www.pref.osaka.lg.jp/o210010/jinji-i/guide/qa.html?ref=factcheckcenter.jp#a5 https://www.city.kyoto.lg.jp/templates/shingikai_kekka/cmsfiles/contents/0000210/210817/saiyouninyou.pdf https://www.city.hiroshima.lg.jp/site/employment/4108.html",True,「法の適用に関する通則法」によると、外国籍でも、日本国内にある財産については相続税が課されるため、特別永住者でも相続税を払う必要がある。,1,False,True,False,-,-,-,-,-,-,-,-,-,0,-,-,-,NA,True
369,https://www.factcheckcenter.jp/fact-check/international/false-zainichi-privilege-myth/,2025/2/3,誤り,国際,https://x.com/i/status/1859216058152099985,"テキスト,画像1",特別永住者であっても、犯罪を犯したら実名が出る場合がある。,https://jss-sociology.org/research/92/file/038.pdf,特別永住者であっても、犯罪を犯したら実名が出る場合がある。,True,True,"https://d4p.world/23066/ https://laws.e-gov.go.jp/law/403AC0000000071 https://kokkai.ndl.go.jp/?ref=factcheckcenter.jp#/detail?minId=118915206X01220150521&spkNum=72&single https://www.mofa.go.jp/mofaj/gaiko/kiyaku/index.html https://www.mofa.go.jp/mofaj/gaiko/treaty/pdfs/B-S57-0047.pdf https://www.mhlw.go.jp/content/12500000/000955291.pdf https://www.mhlw.go.jp/shingi/2009/12/dl/s1209-13e1_12.pdf https://www.city.hiroshima.lg.jp/site/koureisha/5904.html https://www.city.kitakyushu.lg.jp/files/001104961.pdf https://www.city.kurume.fukuoka.jp/1070kenkou/2030koureikaigo/3010kourei/2021-0802-1419-34.html https://www.city.katsushika.lg.jp/kenkou/1000052/1030186/1002141/1032979.html https://www.city.sumida.lg.jp/kenko_fukushi/koureisya_kaigohoken/antei/ta9020.html?ref=factcheckcenter.jp#:~:text=%E5%9B%BD%E6%B0%91%E5%B9%B4%E9%87%91%E5%88%B6%E5%BA%A6%E4%B8%8A%E3%80%81%E8%80%81%E9%BD%A2,%E9%87%91%E3%82%92%E6%94%AF%E7%B5%A6%E3%81%97%E3%81%BE%E3%81%99%E3%80%82&text=%E6%94%AF%E7%B5%A6%E5%86%85%E5%AE%B9%E6%9C%88%E9%A1%8D15%2C000%E5%86%86,%E3%81%8B%E3%82%89%E3%81%AE%E6%94%AF%E7%B5%A6%E3%81%A8%E3%81%AA%E3%82%8A%E3%81%BE%E3%81%99%E3%80%82 https://faq.city.kobe.lg.jp/faq/show/519?site_domain=default https://www.nishi.or.jp/kurashi/nenkin/kyufu/gaikokukoreisha.html https://www.soumu.go.jp/main_sosiki/jichi_zeisei/czaisei/czaisei_seido/individual-inhabitant-tax.html https://www.shugiin.go.jp/internet/itdb_kaigiroku.nsf/html/kaigiroku/003321320240228002.htm?ref=factcheckcenter.jp#p_honbun https://laws.e-gov.go.jp/law/418AC0000000078/?ref=factcheckcenter.jp#Mp-Ch_3-Se_6-At_36 https://www.nta.go.jp/taxes/shiraberu/taxanswer/sozoku/4138.htm https://www.moj.go.jp/jinji/shihoushiken/shiken_menjyo_menjyo07.html https://jss-sociology.org/research/92/file/038.pdf https://www.jinji.go.jp/content/000001409.pdf https://www.pref.osaka.lg.jp/o210010/jinji-i/guide/qa.html?ref=factcheckcenter.jp#a5 https://www.city.kyoto.lg.jp/templates/shingikai_kekka/cmsfiles/contents/0000210/210817/saiyouninyou.pdf https://www.city.hiroshima.lg.jp/site/employment/4108.html",True,捜査機関が犯罪容疑者を逮捕した際に報道各社に配られる資料には、通称名や本名が書かれているため、犯罪を犯したら実名が出る。,1,False,True,False,-,-,-,-,-,-,-,-,-,0,-,-,-,NA,True
370,https://www.factcheckcenter.jp/fact-check/international/false-zainichi-privilege-myth/,2025/2/3,誤り,国際,https://x.com/i/status/1859216058152099985,"テキスト,画像1",日本の国籍を有しない者は、日本の国家公務員には就職できない。,https://www.jinji.go.jp/content/000001409.pdf,日本の国籍を有しない者は、日本の国家公務員には就職できない。,True,True,"https://d4p.world/23066/ https://laws.e-gov.go.jp/law/403AC0000000071 https://kokkai.ndl.go.jp/?ref=factcheckcenter.jp#/detail?minId=118915206X01220150521&spkNum=72&single https://www.mofa.go.jp/mofaj/gaiko/kiyaku/index.html https://www.mofa.go.jp/mofaj/gaiko/treaty/pdfs/B-S57-0047.pdf https://www.mhlw.go.jp/content/12500000/000955291.pdf https://www.mhlw.go.jp/shingi/2009/12/dl/s1209-13e1_12.pdf https://www.city.hiroshima.lg.jp/site/koureisha/5904.html https://www.city.kitakyushu.lg.jp/files/001104961.pdf https://www.city.kurume.fukuoka.jp/1070kenkou/2030koureikaigo/3010kourei/2021-0802-1419-34.html https://www.city.katsushika.lg.jp/kenkou/1000052/1030186/1002141/1032979.html https://www.city.sumida.lg.jp/kenko_fukushi/koureisya_kaigohoken/antei/ta9020.html?ref=factcheckcenter.jp#:~:text=%E5%9B%BD%E6%B0%91%E5%B9%B4%E9%87%91%E5%88%B6%E5%BA%A6%E4%B8%8A%E3%80%81%E8%80%81%E9%BD%A2,%E9%87%91%E3%82%92%E6%94%AF%E7%B5%A6%E3%81%97%E3%81%BE%E3%81%99%E3%80%82&text=%E6%94%AF%E7%B5%A6%E5%86%85%E5%AE%B9%E6%9C%88%E9%A1%8D15%2C000%E5%86%86,%E3%81%8B%E3%82%89%E3%81%AE%E6%94%AF%E7%B5%A6%E3%81%A8%E3%81%AA%E3%82%8A%E3%81%BE%E3%81%99%E3%80%82 https://faq.city.kobe.lg.jp/faq/show/519?site_domain=default https://www.nishi.or.jp/kurashi/nenkin/kyufu/gaikokukoreisha.html https://www.soumu.go.jp/main_sosiki/jichi_zeisei/czaisei/czaisei_seido/individual-inhabitant-tax.html https://www.shugiin.go.jp/internet/itdb_kaigiroku.nsf/html/kaigiroku/003321320240228002.htm?ref=factcheckcenter.jp#p_honbun https://laws.e-gov.go.jp/law/418AC0000000078/?ref=factcheckcenter.jp#Mp-Ch_3-Se_6-At_36 https://www.nta.go.jp/taxes/shiraberu/taxanswer/sozoku/4138.htm https://www.moj.go.jp/jinji/shihoushiken/shiken_menjyo_menjyo07.html https://jss-sociology.org/research/92/file/038.pdf https://www.jinji.go.jp/content/000001409.pdf https://www.pref.osaka.lg.jp/o210010/jinji-i/guide/qa.html?ref=factcheckcenter.jp#a5 https://www.city.kyoto.lg.jp/templates/shingikai_kekka/cmsfiles/contents/0000210/210817/saiyouninyou.pdf https://www.city.hiroshima.lg.jp/site/employment/4108.html",True,日本の国籍を有しない者は、国家公務員採用試験を受けられないと定められているため、特別永住者は、国家公務員には就職できない。,1,False,True,False,-,-,-,-,-,-,-,-,-,0,-,-,-,NA,True
371,https://www.factcheckcenter.jp/fact-check/international/false-zainichi-legal-exam/,2025/2/4,誤り,国際,https://x.com/i/status/1884898748444393880,"テキスト,動画1",朝鮮大学校生は司法試験の一次試験を免除される。,https://www.moj.go.jp/content/001392275.pdf,司法試験に一次試験はなく、試験免除制度もない。,True,False,https://www.moj.go.jp/content/001392275.pdf,False,朝鮮大学校生は、優遇措置で司法試験の一次試験を免除されるという情報は、誤り。司法試験には一次試験はない。,0,-,-,-,-,-,-,-,-,-,-,-,-,1,False,False,False,True,False
372,https://www.factcheckcenter.jp/fact-check/international/false-zainichi-legal-exam/,2025/2/4,誤り,国際,https://x.com/i/status/1884898748444393880,"テキスト,動画1",司法試験に一次試験はなく、試験免除制度もない。,https://www.moj.go.jp/content/001392275.pdf,司法試験に一次試験はなく、試験免除制度もない。,True,True,https://www.moj.go.jp/content/001392275.pdf,True,2012年から行われている司法試験には、一次試験はない。,0,-,-,-,-,-,-,-,-,-,-,-,-,1,False,True,False,True,True
373,https://www.factcheckcenter.jp/fact-check/international/inaccurate-whitehouse-covid-origins/,2025/2/10,不正確,国際,https://x.com/i/status/1886919537570013278,"テキスト,動画1",2025年1月31日のアメリカホワイトハウスのメディア関係者向けブリーフィングで、キャロライン・レヴィット報道官は、新型コロナウイルスの起源を武漢の研究所と正式認定した。,https://www.youtube.com/live/8xpyOSJaxkA,2025年1月31日のアメリカホワイトハウスのメディア関係者向けブリーフィングで、キャロライン・レヴィット報道官は、新型コロナウイルスの起源が武漢の研究所であることは確認可能な真実だと述べた。,True,False,https://www.youtube.com/live/8xpyOSJaxkA?si=zKL8wjD-HeqH-tJT,NEI,ホワイトハウス報道官は「新型コロナウイルスは武漢の研究所から発生した可能性は、確認可能な真実となった」と発言しているが、ホワイトハウスが正式に認定したとは言えず、不正確と判定した。,0,-,-,-,-,-,-,-,-,-,-,-,-,1,True,False,False,True,False
374,https://www.factcheckcenter.jp/fact-check/international/inaccurate-whitehouse-covid-origins/,2025/2/10,不正確,国際,https://x.com/i/status/1886919537570013278,"テキスト,動画1",2025年1月31日のアメリカホワイトハウスのメディア関係者向けブリーフィングで、キャロライン・レヴィット報道官は、新型コロナウイルスの起源が武漢の研究所であることは確認可能な真実だと述べた。,https://www.youtube.com/live/8xpyOSJaxkA,2025年1月31日のアメリカホワイトハウスのメディア関係者向けブリーフィングで、キャロライン・レヴィット報道官は、新型コロナウイルスの起源が武漢の研究所であることは確認可能な真実だと述べた。,True,True,https://www.youtube.com/live/8xpyOSJaxkA?si=zKL8wjD-HeqH-tJT,True,ホワイトハウス報道官は「新型コロナウイルスは武漢の研究所から発生した可能性は、確認可能な真実となった」と発言しているが、ホワイトハウスが正式に認定したとは言えない。,0,-,-,-,-,-,-,-,-,-,-,-,-,1,True,False,False,True,False
375,https://www.factcheckcenter.jp/fact-check/health/inaccurate-tamogami-glyphosate-usa-japan/,2025/2/12,不正確,医療・健康,https://x.com/i/status/1882889816360260028,テキスト,2025年1月25日の時点でアメリカで、ラウンドアップという除草剤は発がん性物質グリホサートを含んでいるため発売が禁止されている。,https://www.epa.gov/ingredients-used-pesticide-products/glyphosate,アメリカで、ラウンドアップという除草剤は発がん性物質グリホサートを含んでいても発売が禁止されていない。,NA,False,https://www.epa.gov/ingredients-used-pesticide-products/glyphosate,False,アメリカでは、ラウンドアップの主成分グリホサートの使用は禁止されておらず、現在も販売されている。日本では、グリホサートの食品中の残留基準値の一部は確かに緩和されているが、「米国で売れなくなったものを我が国が引き受けている」という事実はないことから、不正確と判定した。,0,-,-,-,-,-,-,-,-,-,-,-,-,0,-,-,-,-,-
376,https://www.factcheckcenter.jp/fact-check/health/inaccurate-tamogami-glyphosate-usa-japan/,2025/2/12,不正確,医療・健康,https://x.com/i/status/1882889816360260028,テキスト,2025年1月25日時点で日本では食品に対するグリホサートの含有基準が緩和された。,https://www.mhlw.go.jp/web/t_doc?dataId=00tc3082&dataType=1,2017年に日本での食品に対するグリホサートの含有基準が緩和されたものもある。,True,False,https://www.mhlw.go.jp/web/t_doc?dataId=00tc3082&dataType=1,NEI,アメリカでは、ラウンドアップの主成分グリホサートの使用は禁止されておらず、現在も販売されている。日本では、グリホサートの食品中の残留基準値の一部は確かに緩和されているが、「米国で売れなくなったものを我が国が引き受けている」という事実はないことから、不正確と判定した。,0,-,-,-,-,-,-,-,-,-,-,-,-,0,-,-,-,-,-
377,https://www.factcheckcenter.jp/fact-check/health/inaccurate-tamogami-glyphosate-usa-japan/,2025/2/12,不正確,医療・健康,https://x.com/i/status/1882889816360260028,テキスト,2025年1月25日時点でアメリカで、ラウンドアップという除草剤は発がん性物質グリホサートを含んでいても発売が禁止されていない。,https://www.epa.gov/ingredients-used-pesticide-products/glyphosate,2025年1月25日時点でアメリカで、ラウンドアップという除草剤は発がん性物質グリホサートを含んでいても発売が禁止されていない。,NA,True,https://www.epa.gov/ingredients-used-pesticide-products/glyphosate,True,アメリカでは、ラウンドアップの主成分グリホサートの使用は禁止されておらず、現在も販売されている。日本では、グリホサートの食品中の残留基準値の一部は確かに緩和されているが、「米国で売れなくなったものを我が国が引き受けている」という事実はない。,0,-,-,-,-,-,-,-,-,-,-,-,-,0,-,-,-,-,-
378,https://www.factcheckcenter.jp/fact-check/health/inaccurate-tamogami-glyphosate-usa-japan/,2025/2/12,不正確,医療・健康,https://x.com/i/status/1882889816360260028,テキスト,2017年に日本での食品に対するグリホサートの含有基準が緩和されたものもある。,https://www.mhlw.go.jp/web/t_doc?dataId=00tc3082&dataType=1,2017年に日本での食品に対するグリホサートの含有基準が緩和されたものもある。,True,True,https://www.epa.gov/ https://www.epa.gov/ingredients-used-pesticide-products/glyphosate https://www.mhlw.go.jp/index.html https://www.mhlw.go.jp/web/t_doc?dataId=00tc3082&dataType=1 https://www.mhlw.go.jp/content/000868516.pdf https://www.mhlw.go.jp/stf/seisakunitsuite/bunya/kenkou_iryou/shokuhin/codex/index.html?ref=factcheckcenter.jp#h2_free1,True,アメリカでは、ラウンドアップの主成分グリホサートの使用は禁止されておらず、現在も販売されている。日本では、グリホサートの食品中の残留基準値の一部は確かに緩和されているが、「米国で売れなくなったものを我が国が引き受けている」という事実はない。,0,-,-,-,-,-,-,-,-,-,-,-,-,0,-,-,-,-,-
379,https://www.factcheckcenter.jp/fact-check/international/false-no-japanese-announcements-korean-subway/,2025/2/12,誤り,国際,https://x.com/i/status/1883812200609185866,"テキスト,動画1",2025年1月27日時点で韓国の地下鉄に日本語案内はない。,https://japanese.seoul.go.kr/%E9%9F%93%E5%9B%BD%E3%81%AB%E6%9D%A5%E3%81%9F%E3%82%89%E5%BF%85%E3%81%9A%E4%B9%97%E3%81%A3%E3%81%A6%E3%81%BF%E3%82%8B%E3%81%B9%E3%81%8D%E3%82%BD%E3%82%A6%E3%83%AB%E5%9C%B0%E4%B8%8B%E9%89%84/,韓国の地下鉄に日本語案内がある。,True,False,https://japanese.seoul.go.kr/%E9%9F%93%E5%9B%BD%E3%81%AB%E6%9D%A5%E3%81%9F%E3%82%89%E5%BF%85%E3%81%9A%E4%B9%97%E3%81%A3%E3%81%A6%E3%81%BF%E3%82%8B%E3%81%B9%E3%81%8D%E3%82%BD%E3%82%A6%E3%83%AB%E5%9C%B0%E4%B8%8B%E9%89%84/ http://www.seoulmetro.co.kr/jp/index.do?device=PC,False,「韓国の地下鉄に日本語案内はない」との主張は誤り。ソウルの地下鉄では車内外で日本語による案内や車内放送がなされている。,0,-,-,-,-,-,-,-,-,-,-,-,-,1,True,False,False,-,-
380,https://www.factcheckcenter.jp/fact-check/international/false-no-japanese-announcements-korean-subway/,2025/2/12,誤り,国際,https://x.com/i/status/1883812200609185866,"テキスト,動画1",2025年1月27日時点で韓国の地下鉄に日本語案内がある。,https://japanese.seoul.go.kr/%E9%9F%93%E5%9B%BD%E3%81%AB%E6%9D%A5%E3%81%9F%E3%82%89%E5%BF%85%E3%81%9A%E4%B9%97%E3%81%A3%E3%81%A6%E3%81%BF%E3%82%8B%E3%81%B9%E3%81%8D%E3%82%BD%E3%82%A6%E3%83%AB%E5%9C%B0%E4%B8%8B%E9%89%84/,韓国の地下鉄に日本語案内がある。,True,True,https://japanese.seoul.go.kr/%E9%9F%93%E5%9B%BD%E3%81%AB%E6%9D%A5%E3%81%9F%E3%82%89%E5%BF%85%E3%81%9A%E4%B9%97%E3%81%A3%E3%81%A6%E3%81%BF%E3%82%8B%E3%81%B9%E3%81%8D%E3%82%BD%E3%82%A6%E3%83%AB%E5%9C%B0%E4%B8%8B%E9%89%84/ http://www.seoulmetro.co.kr/jp/index.do?device=PC,True,「韓国の地下鉄に日本語案内がある」との主張は正しい。ソウルの地下鉄では車内外で日本語による案内や車内放送がなされている。,0,-,-,-,-,-,-,-,-,-,-,-,-,1,True,False,False,-,-
381,https://www.factcheckcenter.jp/fact-check/international/false-trump-ivermectin-order/,2025/2/14,誤り,国際,https://x.com/i/status/1888960329306210710,テキスト,2025年2月10日時点で、アメリカのトランプ大統領がイベルメクチンを店頭販売できるようにする大統領令に署名した。,https://www.whitehouse.gov/presidential-actions/,2025年2月13日現在、イベルメクチンに関する大統領令は出されていない。,False,False,https://www.whitehouse.gov/presidential-actions/,False,大統領令はホワイトハウス公式サイトで確認できるが、2025年2月13日現在、イベルメクチンに関する大統領令は出されていない。よって誤りと判定した。,0,-,-,-,-,-,-,-,-,-,-,-,-,0,-,-,-,-,-
382,https://www.factcheckcenter.jp/fact-check/international/false-trump-ivermectin-order/,2025/2/14,誤り,国際,https://x.com/i/status/1888960329306210710,テキスト,2025年2月13日時点で、アメリカでイベルメクチンに関する大統領令は出されていない。,https://www.whitehouse.gov/presidential-actions/,2025年2月13日現在、イベルメクチンに関する大統領令は出されていない。,False,True,https://www.whitehouse.gov/presidential-actions/,True,大統領令はホワイトハウス公式サイトで確認できるが、2025年2月13日現在、イベルメクチンに関する大統領令は出されていない。,0,-,-,-,-,-,-,-,-,-,-,-,-,0,-,-,-,-,-
383,https://www.factcheckcenter.jp/fact-check/health/false-daffodil-lethal-dose-mouse-experiment/,2025/2/17,誤り,医療・健康,https://x.com/i/status/1879115412832768191,テキスト,ヒトにおける水仙の致死量は10gである。,https://www.fsc.go.jp/fsciis/survey/show/cho20110080001,水仙のマウスの経口投与における半数致死量が、体重1kgあたり10gである。,True,False,https://www.fsc.go.jp/fsciis/survey/show/cho20110080001 https://www.mhlw.go.jp/stf/seisakunitsuite/bunya/0000075843.html,False,スイセンの毒性について、食品安全委員会の資料（771ページ）にはマウスの経口投与における半数致死量（LD50）が体重1kgあたり10.7gと記載されているが、これはマウスの実験値であり「ヒトの致死量」ではない。厚労省「自然毒のリスクプロファイル」では現在スイセンの致死量についての記述はなく、ヒトの致死量は確認されていない。,0,-,-,-,-,-,-,-,-,-,-,-,-,0,-,-,-,-,-
384,https://www.factcheckcenter.jp/fact-check/health/false-daffodil-lethal-dose-mouse-experiment/,2025/2/17,誤り,医療・健康,https://x.com/i/status/1879115412832768191,テキスト,水仙のマウスの経口投与における半数致死量が、体重1kgあたり10gである。,https://www.fsc.go.jp/fsciis/survey/show/cho20110080001,水仙のマウスの経口投与における半数致死量が、体重1kgあたり10gである。,True,True,https://www.fsc.go.jp/fsciis/survey/show/cho20110080001 https://www.mhlw.go.jp/stf/seisakunitsuite/bunya/0000075843.html,True,"食品安全委員会の資料（771ページ）に「マウス経口LD50 10,700mg/kg」、すなわちマウスの経口投与における半数致死量が体重1kgあたり10.7g（約10g）と記載されている。",0,-,-,-,-,-,-,-,-,-,-,-,-,0,-,-,-,-,-
385,https://www.factcheckcenter.jp/fact-check/politics/false_saitama_invoice_not_abolished/,2025/2/18,誤り,政治,https://x.com/i/status/1889835549189611629,テキスト,2024年12月20日、埼玉県は埼玉県議会12月定例会でインボイス廃止を可決した。,https://www.pref.saitama.lg.jp/e1601/gikai-gaiyou/r0612/7.html#e,2024年12月20日、埼玉県は埼玉県議会12月定例会でインボイス制度の廃止等を求める意見書を可決した。,True,False,https://www.pref.saitama.lg.jp/e1601/gikai-gaiyou/r0612/7.html#e,False,埼玉県議会は2024年12月にインボイス制度の廃止等を求める意見書を可決したが、制度を廃止したわけではない。よって、埼玉県でインボイス廃止は誤りと判定した。,0,-,-,-,-,-,-,-,-,-,-,-,-,0,-,-,-,-,-
386,https://www.factcheckcenter.jp/fact-check/politics/false_saitama_invoice_not_abolished/,2025/2/18,誤り,政治,https://x.com/i/status/1889835549189611629,テキスト,2024年12月20日、埼玉県は埼玉県議会12月定例会でインボイス制度の廃止等を求める意見書を可決した。,https://www.pref.saitama.lg.jp/e1601/gikai-gaiyou/r0612/7.html#e,2024年12月20日、埼玉県は埼玉県議会12月定例会でインボイス制度の廃止等を求める意見書を可決した。,True,True,https://www.pref.saitama.lg.jp/e1601/gikai-gaiyou/r0612/7.html#e,True,埼玉県議会は2024年12月にインボイス制度の廃止等を求める意見書を可決したが、制度を廃止したわけではない。,0,-,-,-,-,-,-,-,-,-,-,-,-,0,-,-,-,-,-
387,https://www.factcheckcenter.jp/fact-check/health/false-akitakomachi-rice-danger/,2025/2/21,誤り,医療・健康,https://x.com/i/status/1891996140800790823,"テキスト,画像1",2025年から秋田県で栽培される「あきたこまちR」は放射線育種米なので、人体に危険な影響を与える可能性がある。,https://www.pref.akita.lg.jp/uploads/public/archive_0000073119_00/%E3%81%82%E3%81%8D%E3%81%9F%E3%81%93%E3%81%BE%E3%81%A1R%E7%94%9F%E7%94%A3%E8%80%85%E5%90%91%E3%81%91%E3%83%AA%E3%83%BC%E3%83%95%E3%83%AC%E3%83%83%E3%83%88.pdf,2025年から秋田県で栽培される「あきたこまちR」は、稲や収穫される米に放射線を照射したり、放射線を出したりするわけではなく、人体に危険な影響を与える可能性はない。,True,False,https://www.naro.go.jp/collab/breed/0100/0107/049974.html https://www.pref.akita.lg.jp/uploads/public/archive_0000073119_00/%E3%81%82%E3%81%8D%E3%81%9F%E3%81%93%E3%81%BE%E3%81%A1R%E7%94%9F%E7%94%A3%E8%80%85%E5%90%91%E3%81%91%E3%83%AA%E3%83%BC%E3%83%95%E3%83%AC%E3%83%83%E3%83%88.pdf https://www.pref.akita.lg.jp/uploads/public/archive_0000073119_00/%E3%80%8C%E3%81%82%E3%81%8D%E3%81%9F%E3%81%93%E3%81%BE%E3%81%A1%EF%BC%B2%E3%80%8D%E3%81%B8%E3%81%AE%E5%88%87%E6%9B%BF%E3%81%88%E3%81%AB%E3%81%A4%E3%81%84%E3%81%A6.pdf https://www.affrc.maff.go.jp/docs/mutationbreed/mutationbreedqa.html https://web.pref.hyogo.lg.jp/nk09/documents/kenkai3.pdf,False,新品種あきたこまちRは「放射線育種米で危険だ、放射線米」などの主張が拡散しているが、誤り。カドミウムの吸収を抑えるための品種改良で、開発の最初期に放射線を照射した品種を使っているだけで、育種の過程、稲や収穫される米に照射したり、放射線を出したりするわけではない。,1,True,False,False,-,-,-,-,-,-,-,-,-,0,-,-,-,NA,False
388,https://www.factcheckcenter.jp/fact-check/health/false-akitakomachi-rice-danger/,2025/2/21,誤り,医療・健康,https://x.com/i/status/1891996140800790823,"テキスト,画像1",2025年から兵庫県が放射線育種米に切り替えることが確定した。,https://web.pref.hyogo.lg.jp/nk09/documents/kenkai3.pdf,2025年時点で、兵庫県が放射線育種米のコシヒカリ環1号への切り替えは今後の選択肢の一つに上がっているが現時点では決まっていない。,True,False,https://web.pref.hyogo.lg.jp/nk09/documents/kenkai3.pdf,False,新品種あきたこまちRは「放射線育種米で危険だ、放射線米」などの主張が拡散しているが、誤り。カドミウムの吸収を抑えるための品種改良で、開発の最初期に放射線を照射した品種を使っているだけで、育種の過程、稲や収穫される米に照射したり、放射線を出したりするわけではない。,1,True,False,False,-,-,-,-,-,-,-,-,-,0,-,-,-,NA,False
389,https://www.factcheckcenter.jp/fact-check/health/false-akitakomachi-rice-danger/,2025/2/21,誤り,医療・健康,https://x.com/i/status/1891996140800790823,"テキスト,画像1",2025年から秋田県で栽培される「あきたこまちR」は、稲や収穫される米に放射線を照射したり、放射線を出したりするわけではなく、人体に危険な影響を与える可能性はない。,https://www.pref.akita.lg.jp/uploads/public/archive_0000073119_00/%E3%81%82%E3%81%8D%E3%81%9F%E3%81%93%E3%81%BE%E3%81%A1R%E7%94%9F%E7%94%A3%E8%80%85%E5%90%91%E3%81%91%E3%83%AA%E3%83%BC%E3%83%95%E3%83%AC%E3%83%83%E3%83%88.pdf,2025年から秋田県で栽培される「あきたこまちR」は、稲や収穫される米に放射線を照射したり、放射線を出したりするわけではなく、人体に危険な影響を与える可能性はない。,True,True,https://www.naro.go.jp/collab/breed/0100/0107/049974.html https://www.pref.akita.lg.jp/uploads/public/archive_0000073119_00/%E3%81%82%E3%81%8D%E3%81%9F%E3%81%93%E3%81%BE%E3%81%A1R%E7%94%9F%E7%94%A3%E8%80%85%E5%90%91%E3%81%91%E3%83%AA%E3%83%BC%E3%83%95%E3%83%AC%E3%83%83%E3%83%88.pdf https://www.pref.akita.lg.jp/uploads/public/archive_0000073119_00/%E3%80%8C%E3%81%82%E3%81%8D%E3%81%9F%E3%81%93%E3%81%BE%E3%81%A1%EF%BC%B2%E3%80%8D%E3%81%B8%E3%81%AE%E5%88%87%E6%9B%BF%E3%81%88%E3%81%AB%E3%81%A4%E3%81%84%E3%81%A6.pdf https://www.affrc.maff.go.jp/docs/mutationbreed/mutationbreedqa.html https://web.pref.hyogo.lg.jp/nk09/documents/kenkai3.pdf,True,カドミウムの吸収を抑えるための品種改良で、開発の最初期に放射線を照射した品種を使っているだけで、育種の過程、稲や収穫される米に照射したり、放射線を出したりするわけではなく、危険性はない。,1,True,True,False,-,-,-,-,-,-,-,-,-,0,-,-,-,NA,True
390,https://www.factcheckcenter.jp/fact-check/health/false-akitakomachi-rice-danger/,2025/2/21,誤り,医療・健康,https://x.com/i/status/1891996140800790823,"テキスト,画像1",2025年時点で、兵庫県が放射線育種米のコシヒカリ環1号への切り替えは今後の選択肢の一つに上がっているが現時点では決まっていない。,https://web.pref.hyogo.lg.jp/nk09/documents/kenkai3.pdf,2025年時点で、兵庫県が放射線育種米のコシヒカリ環1号への切り替えは今後の選択肢の一つに上がっているが現時点では決まっていない。,True,True,https://www.naro.go.jp/collab/breed/0100/0107/049974.html https://www.pref.akita.lg.jp/uploads/public/archive_0000073119_00/%E3%81%82%E3%81%8D%E3%81%9F%E3%81%93%E3%81%BE%E3%81%A1R%E7%94%9F%E7%94%A3%E8%80%85%E5%90%91%E3%81%91%E3%83%AA%E3%83%BC%E3%83%95%E3%83%AC%E3%83%83%E3%83%88.pdf https://www.pref.akita.lg.jp/uploads/public/archive_0000073119_00/%E3%80%8C%E3%81%82%E3%81%8D%E3%81%9F%E3%81%93%E3%81%BE%E3%81%A1%EF%BC%B2%E3%80%8D%E3%81%B8%E3%81%AE%E5%88%87%E6%9B%BF%E3%81%88%E3%81%AB%E3%81%A4%E3%81%84%E3%81%A6.pdf https://www.affrc.maff.go.jp/docs/mutationbreed/mutationbreedqa.html https://web.pref.hyogo.lg.jp/nk09/documents/kenkai3.pdf,True,兵庫県農業改良課のウェブサイトでコシヒカリ環1号については、今後の選択肢の一つに上がっているが現時点では決まっていないと公表し、 コシヒカリ環1号は従来の手法で開発されたコメと同様に安全なものだと説明している。,1,True,True,False,-,-,-,-,-,-,-,-,-,0,-,-,-,NA,True
391,https://www.factcheckcenter.jp/fact-check/politics/false-hyogo-committee-records/,2025/2/21,誤り,政治,https://x.com/i/status/1891825513850634295,テキスト,2024年6月13日に設置された、地方自治法百条に基づいて斎藤知事のパワハラ疑惑などを調べる「文書問題調査特別委員会（通称：百条委員会）」において、2025年2月18日時点で議事録は全部破棄されている。,https://www.kensakusystem.jp/hyogopref/,2024年6月13日に設置された、地方自治法百条に基づいて斎藤知事のパワハラ疑惑などを調べる「文書問題調査特別委員会（通称：百条委員会）」において、2025年2月18日時点で議事録は保存されている。一部秘密会の議事録を除いて公開もされている。,True,False,https://www.kensakusystem.jp/hyogopref/ https://web.pref.hyogo.lg.jp/gikai/documents/chukei.html https://web.pref.hyogo.lg.jp/gikai/iinkai/index/tokubetsu/bunsho/shingi/documents/bunshoshiryou060627.pdf,False,兵庫県の百条委員会の議事録がすべて破棄されているという情報は、誤り。議事録は一部を除いて公開されており、非公開の部分も、議事録は保存するという。,0,-,-,-,-,-,-,-,-,-,-,-,-,0,-,-,-,-,-
392,https://www.factcheckcenter.jp/fact-check/politics/false-hyogo-committee-records/,2025/2/21,誤り,政治,https://x.com/i/status/1891825513850634295,テキスト,2024年6月13日に設置された、地方自治法百条に基づいて斎藤知事のパワハラ疑惑などを調べる「文書問題調査特別委員会（通称：百条委員会）」において、2025年2月18日時点で議事録は保存されている。一部秘密会の議事録を除いて公開もされている。,https://www.kensakusystem.jp/hyogopref/,2024年6月13日に設置された、地方自治法百条に基づいて斎藤知事のパワハラ疑惑などを調べる「文書問題調査特別委員会（通称：百条委員会）」において、2025年2月18日時点で議事録は保存されている。一部秘密会の議事録を除いて公開もされている。,True,True,https://www.kensakusystem.jp/hyogopref/ https://web.pref.hyogo.lg.jp/gikai/documents/chukei.html https://web.pref.hyogo.lg.jp/gikai/iinkai/index/tokubetsu/bunsho/shingi/documents/bunshoshiryou060627.pdf,True,兵庫県の百条委員会の議事録がすべて破棄されているという情報は、誤り。議事録は一部を除いて公開されており、非公開の部分も、議事録は保存するという。,0,-,-,-,-,-,-,-,-,-,-,-,-,0,-,-,-,-,-
393,https://www.factcheckcenter.jp/fact-check/international/article-false-claim-trump-10x-tariff-tax-removal/,2025/2/25,誤り,国際,https://x.com/i/status/1892481244706856982,テキスト,トランプ大統領が2025年2月18日の米国フロリダ州での会見で、消費税やガソリン税、自動車重量税を撤廃しない国は関税を10倍にすると発表した。,https://www.fnn.jp/articles/-/831487,トランプ大統領が2月18日の米国フロリダ州での会見で、米国に輸入される自動車への関税率について現行の10倍となる25%へ引き上げることを表明と報じているが、消費税・ガソリン税・自動車重量税の撤廃などには言及していない。,True,False,https://www.fnn.jp/articles/-/831487,False,「トランプ大統領が消費税やガソリン税、自動車重量税を撤廃しない国は関税を10倍にすると発表した」との主張は誤り。トランプ大統領が米国に輸入される自動車の関税を現行の10倍へ引き上げる方針を示したのは事実だが、日本の税制には言及していない。,1,False,False,False,-,-,-,-,-,-,-,-,-,0,-,-,-,-,-
394,https://www.factcheckcenter.jp/fact-check/international/article-false-claim-trump-10x-tariff-tax-removal/,2025/2/25,誤り,国際,https://x.com/i/status/1892481244706856982,テキスト,トランプ大統領が2025年2月18日の米国フロリダ州での会見で、米国に輸入される自動車の関税率を現行の10倍となる25%へ引き上げることを表明した。,https://www.fnn.jp/articles/-/831487,トランプ大統領が2月18日の米国フロリダ州での会見で、米国に輸入される自動車への関税率について現行の10倍となる25%へ引き上げることを表明と報じているが、消費税・ガソリン税・自動車重量税の撤廃などには言及していない。,True,True,https://www.fnn.jp/articles/-/831487,True,トランプ大統領が米国に輸入される自動車の関税を現行の10倍へ引き上げる方針を示したのは事実。,1,False,False,False,-,-,-,-,-,-,-,-,-,0,-,-,-,-,-
395,https://www.factcheckcenter.jp/fact-check/health/fact-check-medical-health-false-k2syrup/,2025/2/26,誤り,医療・健康,https://x.com/i/status/1879098702897496337,"テキスト,画像1",K2シロップには多くの添加物が含まれており、それが原因で副作用のリスクがあるため、服用すべきではない。,https://www.pmda.go.jp/drugs/2012/P201200060/300220000_21800AMX10431000_A100_1.pdf,新生児・乳児のビタミン K 欠乏性出血症の予防について有効性及び安全性は確認されているものと判断する。,True,False,https://www.pmda.go.jp/drugs/2012/P201200060/300220000_21800AMX10431000_A100_1.pdf https://www.info.pmda.go.jp/fsearchnew/fukusayouMainServlet?scrid=SCR_LIST&evt=HANBAI&type=1&pID=3160002&name=%A5%B1%A5%A4%A5%C4%A1%BC&fuku=&root=1&srtnendo=2&rdoMatch=false&page_max=100&page_no=0,False,赤ちゃんに起こりやすい出血を防ぐために「K2シロップ」を飲ませる親が多いが、添加物や副作用が心配なので、服用を控えたほうがよいという主張は、誤り。K2シロップは安全性が確認されていて、赤ちゃんのビタミンK欠乏性出血症を防ぐために医療機関で強く推奨されている。また、食品などで代用することはできない。,1,False,False,False,-,-,-,-,-,-,-,-,-,0,-,-,-,NA,False
396,https://www.factcheckcenter.jp/fact-check/health/fact-check-medical-health-false-k2syrup/,2025/2/26,誤り,医療・健康,https://x.com/i/status/1879098702897496337,"テキスト,画像1",K2シロップは、新生児におけるビタミンK欠乏性出血症の予防に対し、その有効性および安全性は確立されている。,https://www.pmda.go.jp/drugs/2012/P201200060/300220000_21800AMX10431000_A100_1.pdf,新生児・乳児のビタミン K 欠乏性出血症の予防について有効性及び安全性は確認されているものと判断する。,True,True,https://www.pmda.go.jp/drugs/2012/P201200060/300220000_21800AMX10431000_A100_1.pdf https://www.info.pmda.go.jp/fsearchnew/fukusayouMainServlet?scrid=SCR_LIST&evt=HANBAI&type=1&pID=3160002&name=%A5%B1%A5%A4%A5%C4%A1%BC&fuku=&root=1&srtnendo=2&rdoMatch=false&page_max=100&page_no=0,True,K2シロップは安全性が確認されていて、赤ちゃんのビタミンK欠乏性出血症を防ぐために医療機関で強く推奨されている。また、食品などで代用することはできない。,1,False,True,False,-,-,-,-,-,-,-,-,-,0,-,-,-,NA,True
397,https://www.factcheckcenter.jp/fact-check/health/fact-check-medical-health-false-k2syrup/,2025/2/26,誤り,医療・健康,https://x.com/i/status/1886534373098614817,"テキスト,画像1,画像2",K2シロップには多くの添加物が含まれており、それが原因で副作用のリスクがあるため、服用すべきではない。,https://www.pmda.go.jp/drugs/2012/P201200060/300220000_21800AMX10431000_A100_1.pdf,新生児・乳児のビタミン K 欠乏性出血症の予防について有効性及び安全性は確認されているものと判断する。,True,False,https://www.pmda.go.jp/drugs/2012/P201200060/300220000_21800AMX10431000_A100_1.pdf https://www.info.pmda.go.jp/fsearchnew/fukusayouMainServlet?scrid=SCR_LIST&evt=HANBAI&type=1&pID=3160002&name=%A5%B1%A5%A4%A5%C4%A1%BC&fuku=&root=1&srtnendo=2&rdoMatch=false&page_max=100&page_no=0,False,赤ちゃんに起こりやすい出血を防ぐために「K2シロップ」を飲ませる親が多いが、添加物や副作用が心配なので、服用を控えたほうがよいという主張は、誤り。K2シロップは安全性が確認されていて、赤ちゃんのビタミンK欠乏性出血症を防ぐために医療機関で強く推奨されている。また、食品などで代用することはできない。,2,True,True,False,True,False,False,-,-,-,-,-,-,0,-,-,-,NA,True
398,https://www.factcheckcenter.jp/fact-check/health/fact-check-medical-health-false-k2syrup/,2025/2/26,誤り,医療・健康,https://x.com/i/status/1886534373098614817,"テキスト,画像1,画像2",K2シロップは、新生児におけるビタミンK欠乏性出血症の予防に対し、その有効性および安全性は確立されている。,https://www.pmda.go.jp/drugs/2012/P201200060/300220000_21800AMX10431000_A100_1.pdf,新生児・乳児のビタミン K 欠乏性出血症の予防について有効性及び安全性は確認されているものと判断する。,True,True,https://www.pmda.go.jp/drugs/2012/P201200060/300220000_21800AMX10431000_A100_1.pdf https://www.info.pmda.go.jp/fsearchnew/fukusayouMainServlet?scrid=SCR_LIST&evt=HANBAI&type=1&pID=3160002&name=%A5%B1%A5%A4%A5%C4%A1%BC&fuku=&root=1&srtnendo=2&rdoMatch=false&page_max=100&page_no=0,True,K2シロップは安全性が確認されていて、赤ちゃんのビタミンK欠乏性出血症を防ぐために医療機関で強く推奨されている。また、食品などで代用することはできない。,2,True,True,False,True,False,False,-,-,-,-,-,-,0,-,-,-,NA,True
399,https://www.factcheckcenter.jp/fact-check/health/fact-check-medical-health-false-k2syrup/,2025/2/26,誤り,医療・健康,https://x.com/i/status/1887155090127270193,"テキスト,画像1,画像2",K2シロップには多くの添加物が含まれており、それが原因で副作用のリスクがあるため、服用すべきではない。,https://www.pmda.go.jp/drugs/2012/P201200060/300220000_21800AMX10431000_A100_1.pdf,新生児・乳児のビタミン K 欠乏性出血症の予防について有効性及び安全性は確認されているものと判断する。,True,False,https://www.pmda.go.jp/drugs/2012/P201200060/300220000_21800AMX10431000_A100_1.pdf https://www.info.pmda.go.jp/fsearchnew/fukusayouMainServlet?scrid=SCR_LIST&evt=HANBAI&type=1&pID=3160002&name=%A5%B1%A5%A4%A5%C4%A1%BC&fuku=&root=1&srtnendo=2&rdoMatch=false&page_max=100&page_no=0,False,赤ちゃんに起こりやすい出血を防ぐために「K2シロップ」を飲ませる親が多いが、添加物や副作用が心配なので、服用を控えたほうがよいという主張は、誤り。K2シロップは安全性が確認されていて、赤ちゃんのビタミンK欠乏性出血症を防ぐために医療機関で強く推奨されている。また、食品などで代用することはできない。,2,True,True,False,True,False,False,-,-,-,-,-,-,0,-,-,-,True,True
400,https://www.factcheckcenter.jp/fact-check/health/fact-check-medical-health-false-k2syrup/,2025/2/26,誤り,医療・健康,https://x.com/i/status/1887155090127270193,"テキスト,画像1,画像2",K2シロップは、新生児におけるビタミンK欠乏性出血症の予防に対し、その有効性および安全性は確立されている。,https://www.pmda.go.jp/drugs/2012/P201200060/300220000_21800AMX10431000_A100_1.pdf,新生児・乳児のビタミン K 欠乏性出血症の予防について有効性及び安全性は確認されているものと判断する。,True,True,https://www.pmda.go.jp/drugs/2012/P201200060/300220000_21800AMX10431000_A100_1.pdf https://www.info.pmda.go.jp/fsearchnew/fukusayouMainServlet?scrid=SCR_LIST&evt=HANBAI&type=1&pID=3160002&name=%A5%B1%A5%A4%A5%C4%A1%BC&fuku=&root=1&srtnendo=2&rdoMatch=false&page_max=100&page_no=0,True,K2シロップは安全性が確認されていて、赤ちゃんのビタミンK欠乏性出血症を防ぐために医療機関で強く推奨されている。また、食品などで代用することはできない。,2,True,True,False,True,False,False,-,-,-,-,-,-,0,-,-,-,True,True
401,https://www.factcheckcenter.jp/fact-check/politics/false-foreigners-welfare-illegal/,2025/2/27,誤り,政治,https://x.com/i/status/1889978109828677700,テキスト,外国人への生活保護は、2014年7月18日の最高裁で違法判決が出て確定している。,https://www.nikkei.com/article/DGXNASDG18H11_Y4A710C1CR8000/,最高裁判決は、外国人は生活保護法の対象である「国民」には含まれないものの、人道上の観点から、自治体の裁量によって保護の対象となりうると示している。,True,False,https://shoumudatabasep.moj.go.jp/hanreiSearch/HanreiSearch https://www.nikkei.com/article/DGXNASDG18H11_Y4A710C1CR8000/ https://www.huffingtonpost.jp/2014/07/19/livelihood-subsidies_n_5601352.html https://www.mhlw.go.jp/web/t_doc?dataId=00ta1609&dataType=1&pageNo=1 https://www.sangiin.go.jp/japanese/joho1/kousei/syuisyo/171/syuh/s171198.htm https://www.sangiin.go.jp/japanese/joho1/kousei/syuisyo/171/touh/t171198.htm https://www.pref.shimane.lg.jp/admin/seisaku/koho/teian/record/2022/202205/A2022-00040.html https://www.city.osaka.lg.jp/seisakukikakushitsu/page/0000632977.html https://www.city.hiroshima.lg.jp/shisei/kouchou/1021840/1006003/1027508/1011672.html https://www.buzzfeed.com/jp/kotahatachi/seikatuhogo-debunk https://www.buzzfeed.com/jp/kotahatachi/seikatuhogo-debunk-2018 https://infact.press/2020/07/post-6735/,False,「外国人への生活保護は2014年に最高裁で違法判決が出て確定している」との主張は誤り。最高裁判決は、外国人は生活保護法の対象である「国民」には含まれないものの、人道上の観点から、自治体の裁量によって保護の対象となりうると示している。,0,-,-,-,-,-,-,-,-,-,-,-,-,0,-,-,-,-,-
402,https://www.factcheckcenter.jp/fact-check/politics/false-foreigners-welfare-illegal/,2025/2/27,誤り,政治,https://x.com/i/status/1889978109828677700,テキスト,2014年7月18日の最高裁判決は、外国人は生活保護法の「国民」には該当しないが、自治体の裁量で保護対象とできることを示した。,https://www.nikkei.com/article/DGXNASDG18H11_Y4A710C1CR8000/,最高裁判決は、外国人は生活保護法の対象である「国民」には含まれないものの、人道上の観点から、自治体の裁量によって保護の対象となりうると示している。,True,True,https://shoumudatabasep.moj.go.jp/hanreiSearch/HanreiSearch https://www.nikkei.com/article/DGXNASDG18H11_Y4A710C1CR8000/ https://www.huffingtonpost.jp/2014/07/19/livelihood-subsidies_n_5601352.html https://www.mhlw.go.jp/web/t_doc?dataId=00ta1609&dataType=1&pageNo=1 https://www.sangiin.go.jp/japanese/joho1/kousei/syuisyo/171/syuh/s171198.htm https://www.sangiin.go.jp/japanese/joho1/kousei/syuisyo/171/touh/t171198.htm https://www.pref.shimane.lg.jp/admin/seisaku/koho/teian/record/2022/202205/A2022-00040.html https://www.city.osaka.lg.jp/seisakukikakushitsu/page/0000632977.html https://www.city.hiroshima.lg.jp/shisei/kouchou/1021840/1006003/1027508/1011672.html https://www.buzzfeed.com/jp/kotahatachi/seikatuhogo-debunk https://www.buzzfeed.com/jp/kotahatachi/seikatuhogo-debunk-2018 https://infact.press/2020/07/post-6735/,True,最高裁判決は、外国人は生活保護法の対象である「国民」には含まれないものの、人道上の観点から、自治体の裁量によって保護の対象となりうると示している。,0,-,-,-,-,-,-,-,-,-,-,-,-,0,-,-,-,-,-
403,https://www.factcheckcenter.jp/fact-check/politics/false-foreigners-welfare-illegal/,2025/2/27,誤り,政治,https://x.com/i/status/1890550739107217601,"テキスト,画像1",外国人への生活保護は、2014年7月18日の最高裁で違法判決が出て確定している。,https://www.nikkei.com/article/DGXNASDG18H11_Y4A710C1CR8000/,最高裁判決は、外国人は生活保護法の対象である「国民」には含まれないものの、人道上の観点から、自治体の裁量によって保護の対象となりうると示している。,True,False,https://shoumudatabasep.moj.go.jp/hanreiSearch/HanreiSearch https://www.nikkei.com/article/DGXNASDG18H11_Y4A710C1CR8000/ https://www.huffingtonpost.jp/2014/07/19/livelihood-subsidies_n_5601352.html https://www.mhlw.go.jp/web/t_doc?dataId=00ta1609&dataType=1&pageNo=1 https://www.sangiin.go.jp/japanese/joho1/kousei/syuisyo/171/syuh/s171198.htm https://www.sangiin.go.jp/japanese/joho1/kousei/syuisyo/171/touh/t171198.htm https://www.pref.shimane.lg.jp/admin/seisaku/koho/teian/record/2022/202205/A2022-00040.html https://www.city.osaka.lg.jp/seisakukikakushitsu/page/0000632977.html https://www.city.hiroshima.lg.jp/shisei/kouchou/1021840/1006003/1027508/1011672.html https://www.buzzfeed.com/jp/kotahatachi/seikatuhogo-debunk https://www.buzzfeed.com/jp/kotahatachi/seikatuhogo-debunk-2018 https://infact.press/2020/07/post-6735/,False,「外国人への生活保護は2014年に最高裁で違法判決が出て確定している」との主張は誤り。最高裁判決は、外国人は生活保護法の対象である「国民」には含まれないものの、人道上の観点から、自治体の裁量によって保護の対象となりうると示している。,1,True,False,False,-,-,-,-,-,-,-,-,-,0,-,-,-,NA,False
404,https://www.factcheckcenter.jp/fact-check/politics/false-foreigners-welfare-illegal/,2025/2/27,誤り,政治,https://x.com/i/status/1890550739107217601,"テキスト,画像1",2014年7月18日の最高裁判決は、外国人は生活保護法の「国民」には該当しないが、自治体の裁量で保護対象とできることを示した。,https://www.nikkei.com/article/DGXNASDG18H11_Y4A710C1CR8000/,最高裁判決は、外国人は生活保護法の対象である「国民」には含まれないものの、人道上の観点から、自治体の裁量によって保護の対象となりうると示している。,True,True,https://shoumudatabasep.moj.go.jp/hanreiSearch/HanreiSearch https://www.nikkei.com/article/DGXNASDG18H11_Y4A710C1CR8000/ https://www.huffingtonpost.jp/2014/07/19/livelihood-subsidies_n_5601352.html https://www.mhlw.go.jp/web/t_doc?dataId=00ta1609&dataType=1&pageNo=1 https://www.sangiin.go.jp/japanese/joho1/kousei/syuisyo/171/syuh/s171198.htm https://www.sangiin.go.jp/japanese/joho1/kousei/syuisyo/171/touh/t171198.htm https://www.pref.shimane.lg.jp/admin/seisaku/koho/teian/record/2022/202205/A2022-00040.html https://www.city.osaka.lg.jp/seisakukikakushitsu/page/0000632977.html https://www.city.hiroshima.lg.jp/shisei/kouchou/1021840/1006003/1027508/1011672.html https://www.buzzfeed.com/jp/kotahatachi/seikatuhogo-debunk https://www.buzzfeed.com/jp/kotahatachi/seikatuhogo-debunk-2018 https://infact.press/2020/07/post-6735/,True,最高裁判決は、外国人は生活保護法の対象である「国民」には含まれないものの、人道上の観点から、自治体の裁量によって保護の対象となりうると示している。,1,True,True,False,-,-,-,-,-,-,-,-,-,0,-,-,-,NA,True
405,https://www.factcheckcenter.jp/fact-check/politics/false-foreigners-welfare-illegal/,2025/2/27,誤り,政治,https://x.com/i/status/1890869493171183802,"テキスト,画像1",外国人への生活保護は、2014年7月18日の最高裁で違法判決が出て確定している。,https://www.nikkei.com/article/DGXNASDG18H11_Y4A710C1CR8000/,最高裁判決は、外国人は生活保護法の対象である「国民」には含まれないものの、人道上の観点から、自治体の裁量によって保護の対象となりうると示している。,True,False,https://shoumudatabasep.moj.go.jp/hanreiSearch/HanreiSearch https://www.nikkei.com/article/DGXNASDG18H11_Y4A710C1CR8000/ https://www.huffingtonpost.jp/2014/07/19/livelihood-subsidies_n_5601352.html https://www.mhlw.go.jp/web/t_doc?dataId=00ta1609&dataType=1&pageNo=1 https://www.sangiin.go.jp/japanese/joho1/kousei/syuisyo/171/syuh/s171198.htm https://www.sangiin.go.jp/japanese/joho1/kousei/syuisyo/171/touh/t171198.htm https://www.pref.shimane.lg.jp/admin/seisaku/koho/teian/record/2022/202205/A2022-00040.html https://www.city.osaka.lg.jp/seisakukikakushitsu/page/0000632977.html https://www.city.hiroshima.lg.jp/shisei/kouchou/1021840/1006003/1027508/1011672.html https://www.buzzfeed.com/jp/kotahatachi/seikatuhogo-debunk https://www.buzzfeed.com/jp/kotahatachi/seikatuhogo-debunk-2018 https://infact.press/2020/07/post-6735/,False,「外国人への生活保護は2014年に最高裁で違法判決が出て確定している」との主張は誤り。最高裁判決は、外国人は生活保護法の対象である「国民」には含まれないものの、人道上の観点から、自治体の裁量によって保護の対象となりうると示している。,1,True,False,False,-,-,-,-,-,-,-,-,-,0,-,-,-,NA,False
406,https://www.factcheckcenter.jp/fact-check/politics/false-foreigners-welfare-illegal/,2025/2/27,誤り,政治,https://x.com/i/status/1890869493171183802,"テキスト,画像1",2014年7月18日の最高裁判決は、外国人は生活保護法の「国民」には該当しないが、自治体の裁量で保護対象とできることを示した。,https://www.nikkei.com/article/DGXNASDG18H11_Y4A710C1CR8000/,最高裁判決は、外国人は生活保護法の対象である「国民」には含まれないものの、人道上の観点から、自治体の裁量によって保護の対象となりうると示している。,True,True,https://shoumudatabasep.moj.go.jp/hanreiSearch/HanreiSearch https://www.nikkei.com/article/DGXNASDG18H11_Y4A710C1CR8000/ https://www.huffingtonpost.jp/2014/07/19/livelihood-subsidies_n_5601352.html https://www.mhlw.go.jp/web/t_doc?dataId=00ta1609&dataType=1&pageNo=1 https://www.sangiin.go.jp/japanese/joho1/kousei/syuisyo/171/syuh/s171198.htm https://www.sangiin.go.jp/japanese/joho1/kousei/syuisyo/171/touh/t171198.htm https://www.pref.shimane.lg.jp/admin/seisaku/koho/teian/record/2022/202205/A2022-00040.html https://www.city.osaka.lg.jp/seisakukikakushitsu/page/0000632977.html https://www.city.hiroshima.lg.jp/shisei/kouchou/1021840/1006003/1027508/1011672.html https://www.buzzfeed.com/jp/kotahatachi/seikatuhogo-debunk https://www.buzzfeed.com/jp/kotahatachi/seikatuhogo-debunk-2018 https://infact.press/2020/07/post-6735/,True,最高裁判決は、外国人は生活保護法の対象である「国民」には含まれないものの、人道上の観点から、自治体の裁量によって保護の対象となりうると示している。,1,True,True,False,-,-,-,-,-,-,-,-,-,0,-,-,-,NA,True
407,https://www.factcheckcenter.jp/fact-check/international/false-musk-ishiba-lowbirthrate/,2025/2/28,不正確,国際,https://x.com/i/status/1891011664973058086,"テキスト,動画1",2024年12月にイーロンマスク氏が石破政権を批判する発言をした。,https://x.com/i/status/1870493846313816136,イーロンマスク氏が日本や多くの国が人口減少に直面していると投稿した。,True,False,https://x.com/i/status/1798360824853282923 https://x.com/i/status/1871726072913698940 https://x.com/i/status/1870493846313816136,False,拡散した動画の引用元になった動画では、マスク氏はAIの危険性について語っている。マスク氏は、これまでに何度か日本の少子化に触れているが、石破政権の政策を批判したコメントは見つからない。よって、不正確と判定した。,0,-,-,-,-,-,-,-,-,-,-,-,-,1,True,False,False,True,False
408,https://www.factcheckcenter.jp/fact-check/international/false-musk-ishiba-lowbirthrate/,2025/2/28,不正確,国際,https://x.com/i/status/1891011664973058086,"テキスト,動画1",2025年2月16日に投稿された動画は、イーロンマスク氏が石破政権の少子化対策を批判したという動画である。,https://x.com/i/status/1639485122255679489,2016年にイーロン・マスクがサム・アルトマン（OpenAIのCEO）と中央集権型AIの危険性について議論している。,True,False,https://x.com/i/status/1639485122255679489,False,拡散した動画の引用元になった動画では、マスク氏はAIの危険性について語っている。マスク氏は、これまでに何度か日本の少子化に触れているが、石破政権の政策を批判したコメントは見つからない。よって、不正確と判定した。,0,-,-,-,-,-,-,-,-,-,-,-,-,1,True,True,False,True,True
409,https://www.factcheckcenter.jp/fact-check/international/false-musk-ishiba-lowbirthrate/,2025/2/28,不正確,国際,https://x.com/i/status/1891011664973058086,"テキスト,動画1",2024年12月にイーロンマスク氏が日本や多くの国が人口減少に直面していると投稿した。,https://x.com/i/status/1870493846313816136,イーロンマスク氏が日本や多くの国が人口減少に直面していると投稿した。,True,True,https://x.com/i/status/1798360824853282923 https://x.com/i/status/1871726072913698940 https://x.com/i/status/1870493846313816136,True,拡散した動画の引用元になった動画では、マスク氏はAIの危険性について語っている。マスク氏は、これまでに何度か日本の少子化に触れているが、石破政権の政策を批判したコメントは見つからない。,0,-,-,-,-,-,-,-,-,-,-,-,-,1,True,True,False,True,True
410,https://www.factcheckcenter.jp/fact-check/international/false-musk-ishiba-lowbirthrate/,2025/2/28,不正確,国際,https://x.com/i/status/1891011664973058086,"テキスト,動画1",2025年2月16日に投稿された動画は、イーロンマスク氏が石破政権の少子化対策を批判したように見せるフェイク動画である。,https://x.com/i/status/1639485122255679489,2016年にイーロン・マスクがサム・アルトマン（OpenAIのCEO）と中央集権型AIの危険性について議論している。,True,True,https://x.com/i/status/1639485122255679489 https://x.com/i/status/1798360824853282923 https://x.com/i/status/1871726072913698940 https://x.com/i/status/1870493846313816136,True,拡散した動画の引用元になった動画では、マスク氏はAIの危険性について語っている。,0,-,-,-,-,-,-,-,-,-,-,-,-,1,True,False,False,True,False
411,https://www.factcheckcenter.jp/fact-check/disasters/false_ofunato_wildfire_weapon/,2025/3/1,誤り,災害,https://x.com/i/status/1895380987229675719,"テキスト,画像1,画像2,画像3,画像4",2025年2月に発生した岩手・大船渡の山火事は作為的に火をつけたものである。,https://www.rinya.maff.go.jp/j/hogo/yamakaji/index.html,山火事の7割が、1月から5月にかけて発生する。山林に落ち葉が積もり、風が強い、乾燥状態などの自然条件が重なることで起きやすくなる。また、山火事の原因は「たき火」が最も多い。,NA,False,https://www.rinya.maff.go.jp/j/hogo/yamakaji/index.html https://www3.nhk.or.jp/news/html/20250228/k10014736161000.html,False,岩手県大船渡市の山火事をめぐって「兵器によって起こされた」「自然災害ではなく、スマートシティ化のために狙ってやっている」などの主張が拡散したが、誤り。国内外の災害で拡散する陰謀論だ。,4,True,True,False,False,True,False,False,True,False,False,True,False,0,-,-,-,NA,True
412,https://www.factcheckcenter.jp/fact-check/disasters/false_ofunato_wildfire_weapon/,2025/3/1,誤り,災害,https://x.com/i/status/1895380987229675719,"テキスト,画像1,画像2,画像3,画像4",2025年2月に発生した岩手・大船渡の山火事は作為的に火をつけたものではない。,https://www.rinya.maff.go.jp/j/hogo/yamakaji/index.html,山火事の7割が、1月から5月にかけて発生する。山林に落ち葉が積もり、風が強い、乾燥状態などの自然条件が重なることで起きやすくなる。また、山火事の原因は「たき火」が最も多い。,NA,True,https://www.rinya.maff.go.jp/j/hogo/yamakaji/index.html https://www3.nhk.or.jp/news/html/20250228/k10014736161000.html,True,岩手県大船渡市の山火事をめぐって「兵器によって起こされた」「自然災害ではなく、スマートシティ化のために狙ってやっている」などの主張が拡散したが、誤り。国内外の災害で拡散する陰謀論だ。,4,True,False,False,False,False,False,False,False,False,False,False,False,0,-,-,-,NA,False
413,https://www.factcheckcenter.jp/fact-check/politics/false-vance-japan-sns-regulation/,2025/3/4,誤り,政治,https://x.com/i/status/1894003036369952866,"テキスト,動画1",2025年2月14日、ドイツで開かれた「ミュンヘン安全保障会議」でアメリカの副大統領ヴァンス氏は日本政府が進めるSNS規制について言論の自由を脅かすものだと発言した。,https://www.youtube.com/watch?v=pCOsgfINdKg,ヴァンス氏は2025年2月14日、ドイツで開かれた「ミュンヘン安全保障会議」で演説し、欧州の問題はロシアや中国など外部からではなく「内部からの脅威だ」と欧州の民主主義国家のあり方を厳しく批判した。その中でSNSの偽情報対策を「言論の自由の弾圧」と糾弾した。,True,False,https://www.cnn.co.jp/world/35229447.html https://www.bbc.com/japanese/articles/cz0lkrll359o https://www.jiji.com/jc/article?k=2025021500175&g=int https://www.youtube.com/watch?v=pCOsgfINdKg,False,ヴァンス氏は欧州のSNS偽情報対策について「言論の自由の弾圧」と批判しているが、日本政府に向けたものではない。よって誤りと判定した。,0,-,-,-,-,-,-,-,-,-,-,-,-,1,True,False,False,NA,False
414,https://www.factcheckcenter.jp/fact-check/politics/false-vance-japan-sns-regulation/,2025/3/4,誤り,政治,https://x.com/i/status/1894003036369952866,"テキスト,動画1",2025年2月14日、ドイツで開かれた「ミュンヘン安全保障会議」でアメリカの副大統領ヴァンス氏は、EUでの適用が開始されたデジタルサービス法（DSA）に関して言論の自由を脅かすものだと発言した。,https://www.youtube.com/watch?v=pCOsgfINdKg,ヴァンス氏は2025年2月14日、ドイツで開かれた「ミュンヘン安全保障会議」で演説し、欧州の問題はロシアや中国など外部からではなく「内部からの脅威だ」と欧州の民主主義国家のあり方を厳しく批判した。その中でSNSの偽情報対策を「言論の自由の弾圧」と糾弾した。,True,True,https://www.cnn.co.jp/world/35229447.html https://www.bbc.com/japanese/articles/cz0lkrll359o https://www.jiji.com/jc/article?k=2025021500175&g=int https://www.youtube.com/watch?v=pCOsgfINdKg,True,ヴァンス氏は欧州のSNS偽情報対策について「言論の自由の弾圧」と批判しているが、日本政府に向けたものではなく、EUに向けたものである。,0,-,-,-,-,-,-,-,-,-,-,-,-,1,True,True,False,NA,True
415,https://www.factcheckcenter.jp/fact-check/international/false-musk-bought-cnn-3-billion/,2025/3/5,誤り,国際,https://x.com/i/status/1896134615066464311,テキスト,2024年にイーロン・マスク氏がCNNを30億ドルで買収することに合意した。,https://www.usatoday.com/story/news/factcheck/2024/11/08/elon-musk-buy-cnn-fact-check/76132850007/,この主張は、11月4日にFacebookに「Gridiron Glory」という風刺アカウントによって投稿され、この主張が繰り返されていますが、それを裏付ける証拠は示されていません。,True,False,https://spacexmania.com/about-us/ https://www.usatoday.com/story/news/factcheck/2024/11/08/elon-musk-buy-cnn-fact-check/76132850007/ https://www.snopes.com/fact-check/elon-musk-bought-cnn/ https://fullfact.org/online/elon-musk-cnn-3-billion/ https://www.reuters.com/fact-check/elon-musk-did-not-sign-3-billion-deal-buy-cnn-2024-11-18/ https://www.politifact.com/factchecks/2024/oct/24/threads-posts/story-about-elon-musk-buying-cnn-originated-on-a-s/,False,イーロン・マスク氏がCNNを30億ドルで買収したとの主張は誤り。風刺サイトが発信した事実と異なる情報だ。,1,True,False,False,-,-,-,-,-,-,-,-,-,0,-,-,-,-,-
416,https://www.factcheckcenter.jp/fact-check/international/false-musk-bought-cnn-3-billion/,2025/3/5,誤り,国際,https://x.com/i/status/1896134615066464311,テキスト,2024年にイーロン・マスク氏がCNNを30億ドルで買収するという主張は、風刺サイトが発信した事実と異なる情報である。,https://www.usatoday.com/story/news/factcheck/2024/11/08/elon-musk-buy-cnn-fact-check/76132850007/,この主張は、11月4日にFacebookに「Gridiron Glory」という風刺アカウントによって投稿され、この主張が繰り返されていますが、それを裏付ける証拠は示されていません。,True,True,https://spacexmania.com/about-us/ https://www.usatoday.com/story/news/factcheck/2024/11/08/elon-musk-buy-cnn-fact-check/76132850007/ https://www.snopes.com/fact-check/elon-musk-bought-cnn/ https://fullfact.org/online/elon-musk-cnn-3-billion/ https://www.reuters.com/fact-check/elon-musk-did-not-sign-3-billion-deal-buy-cnn-2024-11-18/ https://www.politifact.com/factchecks/2024/oct/24/threads-posts/story-about-elon-musk-buying-cnn-originated-on-a-s/,True,イーロン・マスク氏がCNNを30億ドルで買収したとの情報は、風刺サイトが発信した事実と異なる情報だ。,1,True,False,False,-,-,-,-,-,-,-,-,-,0,-,-,-,-,-
417,https://www.factcheckcenter.jp/fact-check/politics/false-shugiin-budget-committee/,2025/3/6,誤り,政治,https://x.com/i/status/1895382372406981013,テキスト,2025年2月28日の衆院予算委員会で、安住淳委員長（立憲民主党）が、れいわ新選組の共同代表、大石晃子議員の質問を15分ある持ち時間を11分で遮った。,https://www.shugiintv.go.jp/jp/index.php?ex=VL&deli_id=55546&media_type=,2025年2月28日の衆院予算委員会で、れいわ新選組の共同代表、大石晃子議員の代表質問は、安住淳委員長（立憲民主党）から質問時間超過の注意を受け、かつ、最終的に58秒オーバーした。,True,False,https://www.shugiintv.go.jp/jp/index.php?ex=VL&deli_id=55546&media_type=,False,「安住委員長が大石議員の質問を持ち時間の途中で遮った」との主張は誤り。大石議員は終了予定時刻を超過して注意を受けつつ演説を続行していた。,0,-,-,-,-,-,-,-,-,-,-,-,-,0,-,-,-,-,-
418,https://www.factcheckcenter.jp/fact-check/politics/false-shugiin-budget-committee/,2025/3/6,誤り,政治,https://x.com/i/status/1895382372406981013,テキスト,2025年2月28日の衆院予算委員会で、れいわ新選組の共同代表、大石晃子議員の代表質問は、安住淳委員長（立憲民主党）から質問時間超過の注意を受け、かつ、最終的に58秒オーバーした。,https://www.shugiintv.go.jp/jp/index.php?ex=VL&deli_id=55546&media_type=,2025年2月28日の衆院予算委員会で、れいわ新選組の共同代表、大石晃子議員の代表質問は、安住淳委員長（立憲民主党）から質問時間超過の注意を受け、かつ、最終的に58秒オーバーした。,True,True,https://www.shugiintv.go.jp/jp/index.php?ex=VL&deli_id=55546&media_type=,True,大石議員は終了予定時刻を超過して注意を受けつつ演説を続行していた。,0,-,-,-,-,-,-,-,-,-,-,-,-,0,-,-,-,-,-
419,https://www.factcheckcenter.jp/fact-check/politics/false-rachi-funds-16billion/,2025/3/7,誤り,政治,https://x.com/i/status/1894529940642828604,"テキスト,画像1",2025年時点で、毎年16億円の税金が「北朝鮮に拉致された日本人を救出するための全国協議会（救う会）」に支出されている。,http://www.sukuukai.jp/img2/R06.pdf,全国協議会2024年度決算によれば、同年度の当期収入は約2900万円。その内訳はカンパによる「支援金」が約2300万円、「救う会」が販売しているブルーリボンバッジによる支援金が約280万円、その他に集会やセミナーによる収入や資料頒布などによる雑収入などが計上されている。前期繰越収支差額は約5900万円で、2024年度の収入合計は約8800万円だ。,True,False,http://www.sukuukai.jp/img2/R06.pdf http://www.sukuukai.jp/img2/kakuti_R05.pdf,False,毎年16億円の税金が「救う会」に支出されているとの主張は誤り。「救う会」全国協議会・加盟組織の公開された決算報告には公費からの収入や16億円の収入は記載されておらず、16億円に関する根拠も一切示されていない。,1,True,False,False,-,-,-,-,-,-,-,-,-,0,-,-,-,NA,False
420,https://www.factcheckcenter.jp/fact-check/politics/false-rachi-funds-16billion/,2025/3/7,誤り,政治,https://x.com/i/status/1894529940642828604,"テキスト,画像1",毎年16億円の税金が「北朝鮮に拉致された日本人を救出するための全国協議会（救う会）」に支出されている根拠がない。,http://www.sukuukai.jp/img2/R06.pdf,全国協議会2024年度決算によれば、同年度の当期収入は約2900万円。その内訳はカンパによる「支援金」が約2300万円、「救う会」が販売しているブルーリボンバッジによる支援金が約280万円、その他に集会やセミナーによる収入や資料頒布などによる雑収入などが計上されている。前期繰越収支差額は約5900万円で、2024年度の収入合計は約8800万円だ。,True,True,http://www.sukuukai.jp/img2/R06.pdf http://www.sukuukai.jp/img2/kakuti_R05.pdf,True,毎年16億円の税金が「救う会」に支出されているとの主張は誤り。「救う会」全国協議会・加盟組織の公開された決算報告には公費からの収入や16億円の収入は記載されておらず、16億円に関する根拠も一切示されていない。,1,True,True,False,-,-,-,-,-,-,-,-,-,0,-,-,-,NA,True
421,https://www.factcheckcenter.jp/fact-check/international/false-uk-stands-with-trump/,2025/3/10,誤り,国際,https://x.com/i/status/1896948801455456263,"テキスト,動画1",投稿された動画は、2025年3月にイギリスがばかげた戦争に突っ込んで世界大戦を引き起こす危機を止めるために、英国民がトランプと連帯する集会の動画である。,https://www.youtube.com/watch?v=V91iOdaJL0s,動画は、2018年7月14日、ロンドン・ホワイトホールでのトランプ支持集会および「トミー・ロビンソンを自由に」抗議デモの様子で、大勢の人々が集まった。,True,False,https://www.youtube.com/watch?v=V91iOdaJL0s https://www.reuters.com/fact-check/video-shows-london-pro-trump-rally-2018-not-2025-2025-03-06/,False,拡散した動画は2018年撮影のもので、反トランプ集会に対抗して開かれた支持集会であり、現在のものでも「世界大戦をとめるため」でもない。よって誤りと判定した。,0,-,-,-,-,-,-,-,-,-,-,-,-,1,False,True,False,True,True
422,https://www.factcheckcenter.jp/fact-check/international/false-uk-stands-with-trump/,2025/3/10,誤り,国際,https://x.com/i/status/1896948801455456263,"テキスト,動画1",投稿された動画は、2018年7月14日に、前日に開かれたトランプ訪英への抗議デモに対抗する形でイギリスで開かれたトランプ支持集会の動画である。,https://www.youtube.com/watch?v=V91iOdaJL0s,動画は、2018年7月14日、ロンドン・ホワイトホールでのトランプ支持集会および「トミー・ロビンソンを自由に」抗議デモの様子で、大勢の人々が集まった。,True,True,https://www.youtube.com/watch?v=V91iOdaJL0s https://www.reuters.com/fact-check/video-shows-london-pro-trump-rally-2018-not-2025-2025-03-06/,True,拡散した動画は2018年撮影のもので、反トランプ集会に対抗して開かれた支持集会である。,0,-,-,-,-,-,-,-,-,-,-,-,-,1,False,False,False,True,False
423,https://www.factcheckcenter.jp/fact-check/health/false-claim-suga-vaccine-mislead/,2025/3/12,誤り,医療・健康,https://x.com/i/status/1898362354171035776,"テキスト,動画1",投稿された動画は、2021年3月16日に菅元首相(当時)が新型コロナのワクチン接種をする際に、刺すと引っ込む針を使っている動画である。,https://www.kantei.go.jp/jp/99_suga/actions/202103/16vaccine.html,動画は、2021年3月16日に菅元首相(当時)が実際に新型コロナのワクチン接種をしている様子である。,True,False,https://www.youtube.com/watch?v=pZFrDH9lyfI https://www.kantei.go.jp/jp/99_suga/actions/202103/16vaccine.html,False,菅元首相が針が飛び出す仕掛けの注射を使ってワクチン接種を誤魔化したという情報は誤り。映像の角度によるもので、別の映像では針が確認できる。,0,-,-,-,-,-,-,-,-,-,-,-,-,1,True,True,False,True,True
424,https://www.factcheckcenter.jp/fact-check/health/false-claim-suga-vaccine-mislead/,2025/3/12,誤り,医療・健康,https://x.com/i/status/1898362354171035776,"テキスト,動画1",投稿された動画は、2021年3月16日に菅元首相(当時)が実際に新型コロナのワクチン接種をしている動画である。,https://www.kantei.go.jp/jp/99_suga/actions/202103/16vaccine.html,動画は、2021年3月16日に菅元首相(当時)が実際に新型コロナのワクチン接種をしている様子である。,True,True,https://www.youtube.com/watch?v=pZFrDH9lyfI https://www.kantei.go.jp/jp/99_suga/actions/202103/16vaccine.html,True,映像の角度によって菅元首相が針が飛び出す仕掛けの注射を使ってるようにも見えるが、別の映像では針が確認できる。,0,-,-,-,-,-,-,-,-,-,-,-,-,1,True,False,False,True,False
425,https://www.factcheckcenter.jp/fact-check/health/fact-check-health-no-evidence-covid-vaccines-shorten-life-expectancy/,2025/3/13,根拠不明,医療・健康,https://x.com/i/status/1889507830216237276,テキスト,30歳の人が3回新型コロナワクチンを打ったら55歳までしか生きられない。,https://www.usatoday.com/story/news/factcheck/2023/09/19/no-evidence-covid-19-vaccines-shorten-life-expectancy-fact-check/70796776007/,米国疾病予防管理センター（CDC）のデータには、COVID-19ワクチン接種と平均寿命の低下との関連を示す証拠は存在しない。,True,False,https://science.feedback.org/review/no-evidence-that-covid-19-vaccines-reduces-the-life-expectancy-of-vaccinated-people-covid-19-vaccines-dont-increase-mortality-rate/ https://www.usatoday.com/story/news/factcheck/2023/09/19/no-evidence-covid-19-vaccines-shorten-life-expectancy-fact-check/70796776007/ https://ghanafact.com/2021/05/fact-check-no-evidence-mrna-covid-19-vaccines-reduce-life-expectancy-or-cause-infertility/ https://www.mhlw.go.jp/stf/seisakunitsuite/bunya/vaccine_yuukousei_anzensei.html,NEI,新型コロナワクチンによって寿命が短くなることを示したデータがあるとの情報は根拠不明。接種開始から4年しか経っていないワクチンに関して25年後のデータがあると主張する明らかな誤りもある他、類似の情報が過去に何度も世界で検証され、根拠不明や誤りと判定されている。,0,-,-,-,-,-,-,-,-,-,-,-,-,0,-,-,-,-,-
426,https://www.factcheckcenter.jp/fact-check/health/fact-check-health-no-evidence-covid-vaccines-shorten-life-expectancy/,2025/3/13,根拠不明,医療・健康,https://x.com/i/status/1889507830216237276,テキスト,30歳の人が3回新型コロナワクチンを打ったら55歳までしか生きられないかどうかはわからない。,https://www.usatoday.com/story/news/factcheck/2023/09/19/no-evidence-covid-19-vaccines-shorten-life-expectancy-fact-check/70796776007/,米国疾病予防管理センター（CDC）のデータには、COVID-19ワクチン接種と平均寿命の低下との関連を示す証拠は存在しない。,True,True,https://science.feedback.org/review/no-evidence-that-covid-19-vaccines-reduces-the-life-expectancy-of-vaccinated-people-covid-19-vaccines-dont-increase-mortality-rate/ https://www.usatoday.com/story/news/factcheck/2023/09/19/no-evidence-covid-19-vaccines-shorten-life-expectancy-fact-check/70796776007/ https://ghanafact.com/2021/05/fact-check-no-evidence-mrna-covid-19-vaccines-reduce-life-expectancy-or-cause-infertility/ https://www.mhlw.go.jp/stf/seisakunitsuite/bunya/vaccine_yuukousei_anzensei.html,True,新型コロナワクチン接種開始から4年しか経っていないため、新型コロナワクチンによって寿命が短くなることを示すことは現時点ではできない。,0,-,-,-,-,-,-,-,-,-,-,-,-,0,-,-,-,-,-
427,https://www.factcheckcenter.jp/fact-check/international/false_yellow_dust_video/,2025/3/14,誤り,国際,https://x.com/i/status/1899992775179026480,"テキスト,動画1",2025年3月13日に投稿された動画は、中国で黄砂を人工的に撒いている動画である。,https://www.youtube.com/watch?v=ktjlfM9kYZs&t=45s,2019年8月8日に投稿された動画は、ブラジルの農業風景を映した動画である。,True,False,https://www.youtube.com/watch?v=ktjlfM9kYZs&t=45s,False,「黄砂は中国の人工的なテロ」という動画付きの投稿は、誤り。動画はブラジルの農業風景を映したもので、中国とは関係がない。この動画はこれまでにも世界中で異なる文脈で拡散し、検証されている。,0,-,-,-,-,-,-,-,-,-,-,-,-,1,True,True,False,True,True
428,https://www.factcheckcenter.jp/fact-check/international/false_yellow_dust_video/,2025/3/14,誤り,国際,https://x.com/i/status/1899992775179026480,"テキスト,動画1",2019年8月8日に投稿された動画は、ブラジルの農業風景を映した動画である。,https://www.youtube.com/watch?v=ktjlfM9kYZs&t=45s,2019年8月8日に投稿された動画は、ブラジルの農業風景を映した動画である。,True,True,https://www.youtube.com/watch?v=ktjlfM9kYZs&t=45s,True,動画は最も古いものは2019年8月8日にアップロードされたもので、ブラジルの農業風景を映したものである。この動画はこれまでにも世界中で異なる文脈で拡散し、検証されている。,0,-,-,-,-,-,-,-,-,-,-,-,-,1,True,False,False,True,False
429,https://www.factcheckcenter.jp/fact-check/politics/false-hyogo-council-denial/,2025/3/14,誤り,政治,https://x.com/i/status/1898659846784004514,"テキスト,画像1",2025年3月、兵庫県・斎藤元彦知事に関する県議会の百条委員会が、告発された7項目全てを否定した。,https://web.pref.hyogo.lg.jp/gikai/iinkai/index/tokubetsu/bunsho/documents/bunshohoukokusho.pdf,調査結果のとおり、調査項目のうち、「令和３年の知事選挙における県職員の事前選挙活動等について」、「次回知事選挙に向けた投票依頼について」は文書の真偽について事実確認ができなかった。また、以下の項目については一定の事実が確認された。「五百旗頭真理事長ご逝去に至る経緯について」「知事が贈答品を受け取っていることについて」「知事の政治資金パーティー実施にかかるパーティー券の購入依頼について」「阪神・オリックス優勝パレードにかかる信用金庫等からのキックバックについて」「知事のパワーハラスメントについて」,True,False,https://x.com/i/status/1898639486390874608 https://web.pref.hyogo.lg.jp/gikai/iinkai/index/tokubetsu/bunsho/documents/bunshohoukokusho.pdf,False,兵庫県の斎藤知事に関する百条委が、告発された７項目全てを否定したという情報は誤り。テレビの番組画像を加工したもの。,1,True,False,False,-,-,-,-,-,-,-,-,-,0,-,-,-,True,False
430,https://www.factcheckcenter.jp/fact-check/politics/false-hyogo-council-denial/,2025/3/14,誤り,政治,https://x.com/i/status/1898659846784004514,"テキスト,画像1",2025年3月、兵庫県・斎藤元彦知事に関する県議会の百条委員会が、告発された7項目全てを否定したわけではない。,https://web.pref.hyogo.lg.jp/gikai/iinkai/index/tokubetsu/bunsho/documents/bunshohoukokusho.pdf,調査結果のとおり、調査項目のうち、「令和３年の知事選挙における県職員の事前選挙活動等について」、「次回知事選挙に向けた投票依頼について」は文書の真偽について事実確認ができなかった。また、以下の項目については一定の事実が確認された。「五百旗頭真理事長ご逝去に至る経緯について」「知事が贈答品を受け取っていることについて」「知事の政治資金パーティー実施にかかるパーティー券の購入依頼について」「阪神・オリックス優勝パレードにかかる信用金庫等からのキックバックについて」「知事のパワーハラスメントについて」,True,True,https://x.com/i/status/1898639486390874608 https://web.pref.hyogo.lg.jp/gikai/iinkai/index/tokubetsu/bunsho/documents/bunshohoukokusho.pdf,True,兵庫県の斎藤知事に関する百条委が、告発された７項目全てを否定しているわけではない。テレビの番組画像を加工したもの。,1,True,True,False,-,-,-,-,-,-,-,-,-,0,-,-,-,True,True
431,https://www.factcheckcenter.jp/fact-check/international/false-cia-alex-mason-jfk-assassin/,2025/3/21,誤り,国際,https://x.com/i/status/1902152270319374758,"テキスト,画像1,画像2,画像3",1963年のケネディ大統領暗殺事件でCIAエージェントのアレックス・メイソンがケネディ大統領の射殺犯だった。,https://x.com/i/status/1902358678101012693,引用元の投稿者は、藤原氏の投稿をさらに引用する形で「こんにちは、日本の友達の皆さん。でもこのツイートはアレックス・メイソンのCall of Duty: Black Ops(2010)のもので、冗談です」などと日本語で投稿した。,True,False,https://www.youtube.com/watch?v=hoXGgVMRf7s https://www.famitsu.com/matome/sqex-ee_codbo2/2012_10_17_950.html https://www.4gamer.net/games/109/G010931/20101105030/ https://x.com/i/status/1902358678101012693,False,「CIAエージェントのアレックス・メイソンがケネディ大統領の射殺犯だった」とする主張は誤り。ゲーム「Call of Duty」に登場する架空のキャラクターを用いた冗談だ。,3,True,True,False,False,True,False,False,True,False,-,-,-,0,-,-,-,True,True
432,https://www.factcheckcenter.jp/fact-check/international/false-cia-alex-mason-jfk-assassin/,2025/3/21,誤り,国際,https://x.com/i/status/1902152270319374758,"テキスト,画像1,画像2,画像3",アレックス・メイソンはFPSシューティングゲーム「Call of Duty: Black Ops」の登場キャラクターである。,https://www.youtube.com/watch?v=hoXGgVMRf7s,アレックス・メイソンはFPSシューティングゲーム「Call of Duty: Black Ops」の登場キャラクターである。,True,True,https://www.youtube.com/watch?v=hoXGgVMRf7s https://www.famitsu.com/matome/sqex-ee_codbo2/2012_10_17_950.html https://www.4gamer.net/games/109/G010931/20101105030/ https://x.com/i/status/1902358678101012693,True,2010年に発売された米ソ冷戦を舞台にしたFPSシューティングゲーム「Call of Duty: Black Ops」の登場キャラクター「アレックス・メイソン」の画像と一致した。,3,True,False,False,False,False,False,False,False,False,-,-,-,0,-,-,-,True,False
433,https://www.factcheckcenter.jp/fact-check/health/article-false-claim-plastic-rice-made-in-china/,2025/3/26,誤り,医療・健康,https://x.com/i/status/1903826992493203709,"テキスト,動画1",2025年3月24日に投稿された動画は、中国でプラスチック米を製造している動画である。,https://www.youtube.com/watch?v=LNDfM1SeBP0,投稿された動画は、2022年2月21に中国で割れた米や穀物を原料に人工米を製造している動画である。,True,False,https://www.sankei.com/article/20150611-ADNYA3M3LRM4DGP3E7LEVKN4JI/ http://j.people.com.cn/n/2015/0529/c94476-8899588.html https://www.pom.go.id/siaran-pers/penjelasan-badan-pom-mengenai-beras-yang-diduga-mengandung-plastik https://www.afpbb.com/articles/-/3112154 https://www.afpbb.com/articles/-/3112855 https://www.youtube.com/watch?v=LNDfM1SeBP0 https://sunpring.com/product/artificial-rice-making-machine/ https://www.in.gov.br/en/web/dou/-/medida-provisoria-n-1.217-de-9-de-maio-de-2024-558816437 https://www.nikkei.com/article/DGKKZO80515600Y4A500C2EAF000/ https://checamos.afp.com/doc.afp.com.34TW2LG,False,「中国で作られたプラスチック米」との主張とともに拡散した動画は誤り。米や穀物を原料に人工米を製造する様子を映したもので、プラスチック製の米ではない。,0,-,-,-,-,-,-,-,-,-,-,-,-,1,False,True,False,True,True
434,https://www.factcheckcenter.jp/fact-check/health/article-false-claim-plastic-rice-made-in-china/,2025/3/26,誤り,医療・健康,https://x.com/i/status/1903826992493203709,"テキスト,動画1",投稿された動画は、2022年2月21に中国で割れた米や穀物を原料に人工米を製造している動画である。,https://www.youtube.com/watch?v=LNDfM1SeBP0,投稿された動画は、2022年2月21に中国で割れた米や穀物を原料に人工米を製造している動画である。,True,True,https://www.sankei.com/article/20150611-ADNYA3M3LRM4DGP3E7LEVKN4JI/ http://j.people.com.cn/n/2015/0529/c94476-8899588.html https://www.pom.go.id/siaran-pers/penjelasan-badan-pom-mengenai-beras-yang-diduga-mengandung-plastik https://www.afpbb.com/articles/-/3112154 https://www.afpbb.com/articles/-/3112855 https://www.youtube.com/watch?v=LNDfM1SeBP0 https://sunpring.com/product/artificial-rice-making-machine/ https://www.in.gov.br/en/web/dou/-/medida-provisoria-n-1.217-de-9-de-maio-de-2024-558816437 https://www.nikkei.com/article/DGKKZO80515600Y4A500C2EAF000/ https://checamos.afp.com/doc.afp.com.34TW2LG,True,米や穀物を原料に人工米を製造する様子を映したもので、プラスチック製の米ではない。,0,-,-,-,-,-,-,-,-,-,-,-,-,1,False,False,False,True,False
435,https://www.factcheckcenter.jp/fact-check/health/article-false-claim-plastic-rice-made-in-china/,2025/3/26,誤り,医療・健康,https://x.com/i/status/1903975707749011841,"テキスト,動画1",2025年3月24日に投稿された動画は、中国でプラスチック米を製造している動画である。,https://www.youtube.com/watch?v=LNDfM1SeBP0,投稿された動画は、2022年2月21に中国で割れた米や穀物を原料に人工米を製造している動画である。,True,False,https://www.youtube.com/watch?v=LNDfM1SeBP0 https://sunpring.com/product/True-rice-making-machine/ https://checamos.afp.com/doc.afp.com.34TW2LG,False,「中国で作られたプラスチック米」との主張とともに拡散した動画は誤り。米や穀物を原料に人工米を製造する様子を映したもので、プラスチック製の米ではない。,0,-,-,-,-,-,-,-,-,-,-,-,-,1,False,True,False,True,True
436,https://www.factcheckcenter.jp/fact-check/health/article-false-claim-plastic-rice-made-in-china/,2025/3/26,誤り,医療・健康,https://x.com/i/status/1903975707749011841,"テキスト,動画1",投稿された動画は、2022年2月21に中国で割れた米や穀物を原料に人工米を製造している動画である。,https://www.youtube.com/watch?v=LNDfM1SeBP0,投稿された動画は、2022年2月21に中国で割れた米や穀物を原料に人工米を製造している動画である。,True,True,https://www.youtube.com/watch?v=LNDfM1SeBP0 https://sunpring.com/product/True-rice-making-machine/ https://checamos.afp.com/doc.afp.com.34TW2LG,True,米や穀物を原料に人工米を製造する様子を映したもので、プラスチック製の米ではない。,0,-,-,-,-,-,-,-,-,-,-,-,-,1,False,False,False,True,False
437,https://www.factcheckcenter.jp/fact-check/politics/false-emergency-clause-vote/,2025/3/27,誤り,政治,https://x.com/i/status/1902850048918221215,"テキスト,画像1",憲法改正案「緊急事態条項」を2025年3月27日の衆院憲法審査会で採決する予定である。,https://x.com/i/status/1902880256727691720,2025年3月27日の衆院憲法審査会で緊急事態条項を採決しようとしておらず、3月27日は参議院の緊急集会について討議する予定だ。,False,False,https://www.shugiin.go.jp/internet/itdb_kenpou.nsf/html/kenpou/index.htm https://x.com/i/status/1902880256727691720,False,2025年3月27日の衆院憲法審査会で緊急事態条項を採決しようとしているとの主張は誤り。3月27日は参議院の緊急集会について討議する予定だ。,1,True,False,False,-,-,-,-,-,-,-,-,-,0,-,-,-,-,-
438,https://www.factcheckcenter.jp/fact-check/politics/false-emergency-clause-vote/,2025/3/27,誤り,政治,https://x.com/i/status/1902850048918221215,"テキスト,画像1",2025年3月27日の衆院憲法審査会では「参議院の緊急集会」について各党・各会派が意見を述べる予定である。,https://x.com/i/status/1902880256727691720,2025年3月27日の衆院憲法審査会で緊急事態条項を採決しようとしておらず、3月27日は参議院の緊急集会について討議する予定だ。,False,True,https://www.shugiin.go.jp/internet/itdb_kenpou.nsf/html/kenpou/index.htm https://x.com/i/status/1902880256727691720,True,2025年3月27日の衆院憲法審査会で緊急事態条項を採決しようとしておらず、3月27日は参議院の緊急集会について討議する予定だ。,1,True,False,False,-,-,-,-,-,-,-,-,-,0,-,-,-,-,-
439,https://www.factcheckcenter.jp/fact-check/international/fact-check-international-false-fbi-patel-abe-reasons-of-assassination/,2025/3/28,誤り,国際,https://x.com/i/status/1904019316884005285,"テキスト,画像1,動画1",2025年2月27日、米国FBIパテル長官が、安倍晋三元総理が殺されたのは、国民にイベルメクチンを配布しようとしたからだなどと記者会見で述べた。,https://edition.cnn.com/2025/02/27/politics/kash-patel-first-week-fbi/index.html,パテル氏就任後1週間の動静を伝えているが、いずれの記事にも2月27日の記者会見や、安倍元首相に関する情報はない。,True,False,https://www.fbi.gov/ https://www.reuters.com/world/us/fbi-director-considering-having-ufc-train-agents-martial-arts-say-people-2025-02-27/ https://edition.cnn.com/2025/02/27/politics/kash-patel-first-week-fbi/index.html,False,米FBIパテル長官が「安倍元総理が暗殺されたのはイベルメクチンを配布しようとしたから」などと記者会見で発言したかのような投稿が拡散したが、誤り。パテル氏がそのような発言をしたという事実は確認できず、検証対象の言説には複数の誤りがある。日本政府の対応としても、ワクチン返送、イベルメクチンの配布はしていない。,1,True,True,False,-,-,-,-,-,-,-,-,-,1,True,True,False,-,-
440,https://www.factcheckcenter.jp/fact-check/international/fact-check-international-false-fbi-patel-abe-reasons-of-assassination/,2025/3/28,誤り,国際,https://x.com/i/status/1904019316884005285,"テキスト,画像1,動画1",安倍元総理が暗殺されたのはイベルメクチンを配布しようとしたからである。,https://news.web.nhk/newsweb/na/na-k10013838301000,イベルメクチンの治験で、投与から4日前後で発熱やのどの痛みなどの症状が治まり、薬によって改善したという有効性が見いだせなかったということで、会社は新型コロナの治療薬としての承認申請を断念すると発表しました。,True,False,https://www.fbi.gov/about/leadership-and-structure/director-patel https://www.fbi.gov/ https://www.nytimes.com/2025/02/27/us/politics/kash-patel-fbi-director-ufc.html https://www.reuters.com/world/us/fbi-director-considering-having-ufc-train-agents-martial-arts-say-people-2025-02-27/ https://edition.cnn.com/2025/02/27/politics/kash-patel-first-week-fbi/index.html https://jp.weforum.org/ https://www.kantei.go.jp/jp/98_abe/statement/2019/0123wef.html https://www.kantei.go.jp/jp/headline/kansensho/vaccine_supply.html https://www.kantei.go.jp/jp/rekidainaikaku/index.html https://www.mhlw.go.jp/content/10900000/44-45_public.pdf https://www3.nhk.or.jp/news/html/20210827/k10013225711000.html https://www.asahi.com/articles/ASP8V5DGGP8VULBJ00N.html https://www.mhlw.go.jp/content/10601000/000838238.pdf https://warp.ndl.go.jp/info:ndljp/pid/11547454/www.kantei.go.jp/jp/98_abe/statement/2020/0514kaiken.html https://www3.nhk.or.jp/news/html/20220926/k10013838301000.html https://mythdetector.com/en/ https://mythdetector.com/en/fbi-director-kash-patel/,False,米FBIパテル長官が「安倍元総理が暗殺されたのはイベルメクチンを配布しようとしたから」などと記者会見で発言したかのような投稿が拡散したが、誤り。パテル氏がそのような発言をしたという事実は確認できず、検証対象の言説には複数の誤りがある。日本政府の対応としても、ワクチン返送、イベルメクチンの配布はしていない。,1,True,True,False,-,-,-,-,-,-,-,-,-,1,True,True,False,-,-
441,https://www.factcheckcenter.jp/fact-check/international/fact-check-international-false-fbi-patel-abe-reasons-of-assassination/,2025/3/28,誤り,国際,https://x.com/i/status/1904019316884005285,"テキスト,画像1,動画1",2025年2月27日、米国FBIパテル長官は、安倍晋三元総理が殺されたのは、国民にイベルメクチンを配布しようとしたからだなどとは記者会見で述べていない。,https://edition.cnn.com/2025/02/27/politics/kash-patel-first-week-fbi/index.html,パテル氏就任後1週間の動静を伝えているが、いずれの記事にも2月27日の記者会見や、安倍元首相に関する情報はない。,True,True,https://www.fbi.gov/ https://www.reuters.com/world/us/fbi-director-considering-having-ufc-train-agents-martial-arts-say-people-2025-02-27/ https://edition.cnn.com/2025/02/27/politics/kash-patel-first-week-fbi/index.html,True,米FBIパテル長官が「安倍元総理が暗殺されたのはイベルメクチンを配布しようとしたから」などと記者会見で発言したかのような投稿があるが、パテル氏がそのような発言をしたという事実は確認できない。,1,True,True,False,-,-,-,-,-,-,-,-,-,1,True,True,False,-,-
442,https://www.factcheckcenter.jp/fact-check/international/fact-check-international-false-fbi-patel-abe-reasons-of-assassination/,2025/3/28,誤り,国際,https://x.com/i/status/1904019316884005285,"テキスト,画像1,動画1",安倍元総理は新型コロナ治療薬としてイベルメクチンを配布しようとしていない。,https://news.web.nhk/newsweb/na/na-k10013838301000,イベルメクチンの治験で、投与から4日前後で発熱やのどの痛みなどの症状が治まり、薬によって改善したという有効性が見いだせなかったということで、会社は新型コロナの治療薬としての承認申請を断念すると発表しました。,True,True,https://www.fbi.gov/about/leadership-and-structure/director-patel https://www.fbi.gov/ https://www.nytimes.com/2025/02/27/us/politics/kash-patel-fbi-director-ufc.html https://www.reuters.com/world/us/fbi-director-considering-having-ufc-train-agents-martial-arts-say-people-2025-02-27/ https://edition.cnn.com/2025/02/27/politics/kash-patel-first-week-fbi/index.html https://jp.weforum.org/ https://www.kantei.go.jp/jp/98_abe/statement/2019/0123wef.html https://www.kantei.go.jp/jp/headline/kansensho/vaccine_supply.html https://www.kantei.go.jp/jp/rekidainaikaku/index.html https://www.mhlw.go.jp/content/10900000/44-45_public.pdf https://www3.nhk.or.jp/news/html/20210827/k10013225711000.html https://www.asahi.com/articles/ASP8V5DGGP8VULBJ00N.html https://www.mhlw.go.jp/content/10601000/000838238.pdf https://warp.ndl.go.jp/info:ndljp/pid/11547454/www.kantei.go.jp/jp/98_abe/statement/2020/0514kaiken.html https://www3.nhk.or.jp/news/html/20220926/k10013838301000.html https://mythdetector.com/en/ https://mythdetector.com/en/fbi-director-kash-patel/,True,日本政府の対応として、ワクチン返送、イベルメクチンの配布はしていない。,1,True,True,False,-,-,-,-,-,-,-,-,-,1,True,True,False,-,-
443,https://www.factcheckcenter.jp/fact-check/disasters/false-wildfire-weapon-theory/,2025/3/31,誤り,災害,https://x.com/i/status/1904773784089108499,テキスト,2025年1月～3月に大規模な山火事発生しているのは、DEW(指向性兵器)によって起こされているからである。,https://www.rinya.maff.go.jp/j/hogo/yamakaji/index.html,山火事の7割が、1月から5月にかけて発生する。山林に落ち葉が積もり、風が強い、乾燥状態などの自然条件が重なることで起きやすくなる。また、山火事の原因は「たき火」が最も多い。,NA,False,"https://www.factcheckcenter.jp/fact-check/disasters/false_ofunato_wildfire_weapon/ https://www.factcheckcenter.jp/fact-check/international/maui-island-fire-laser-beam-before-incorrect/ https://jifpro.or.jp/tpps/conditions/conditions-cat04/f06/#:~:text=%EF%BC%882%EF%BC%89%E7%81%AB%E5%85%88%E7%B7%9A,%E6%A3%AE%E6%9E%97%E7%81%AB%E7%81%BD%E5%AF%BE%E7%AD%96%E5%8D%94%E4%BC%9A%202011%EF%BC%89%E3%80%82 https://www.rinya.maff.go.jp/j/hogo/yamakaji/index.html https://www.rinya.maff.go.jp/j/hogo/yamakaji/con_3.htm#:~:text=%E7%99%BA%E7%94%9F%E3%81%97%E3%81%9F%E6%9E%97%E9%87%8E%E7%81%AB%E7%81%BD%E3%81%AE,%E3%81%9F%E3%81%B0%E3%81%93%E3%80%8D%E3%81%A8%E3%81%AA%E3%81%A3%E3%81%A6%E3%81%84%E3%81%BE%E3%81%99%E3%80%82 https://www3.nhk.or.jp/news/html/20250228/k10014736161000.html",False,例年、山火事は1300件ほど発生し、約7割が1～5月に集中して発生している。また、拡散している投稿が引用した動画は林野火災として自然な燃え方だ。よってDEWによって起こされたという情報は誤りと判定する。,0,-,-,-,-,-,-,-,-,-,-,-,-,0,-,-,-,-,-
444,https://www.factcheckcenter.jp/fact-check/disasters/false-wildfire-weapon-theory/,2025/3/31,誤り,災害,https://x.com/i/status/1904773784089108499,テキスト,山火事の7割が、1月から5月にかけて発生する。山林に落ち葉が積もり、風が強い、乾燥状態などの自然条件が重なることで起きやすくなる。また、山火事の原因は「たき火」が最も多い。,https://www.rinya.maff.go.jp/j/hogo/yamakaji/index.html,山火事の7割が、1月から5月にかけて発生する。山林に落ち葉が積もり、風が強い、乾燥状態などの自然条件が重なることで起きやすくなる。また、山火事の原因は「たき火」が最も多い。,NA,True,"https://www.factcheckcenter.jp/fact-check/disasters/false_ofunato_wildfire_weapon/ https://www.factcheckcenter.jp/fact-check/international/maui-island-fire-laser-beam-before-incorrect/ https://jifpro.or.jp/tpps/conditions/conditions-cat04/f06/#:~:text=%EF%BC%882%EF%BC%89%E7%81%AB%E5%85%88%E7%B7%9A,%E6%A3%AE%E6%9E%97%E7%81%AB%E7%81%BD%E5%AF%BE%E7%AD%96%E5%8D%94%E4%BC%9A%202011%EF%BC%89%E3%80%82 https://www.rinya.maff.go.jp/j/hogo/yamakaji/index.html https://www.rinya.maff.go.jp/j/hogo/yamakaji/con_3.htm#:~:text=%E7%99%BA%E7%94%9F%E3%81%97%E3%81%9F%E6%9E%97%E9%87%8E%E7%81%AB%E7%81%BD%E3%81%AE,%E3%81%9F%E3%81%B0%E3%81%93%E3%80%8D%E3%81%A8%E3%81%AA%E3%81%A3%E3%81%A6%E3%81%84%E3%81%BE%E3%81%99%E3%80%82 https://www3.nhk.or.jp/news/html/20250228/k10014736161000.html",True,例年、山火事は1300件ほど発生し、約7割が1～5月に集中して発生している。また、拡散している投稿が引用した動画は林野火災として自然な燃え方だ。よってDEWによって起こされたという情報は誤りと判定する。,0,-,-,-,-,-,-,-,-,-,-,-,-,0,-,-,-,-,-
445,https://www.factcheckcenter.jp/fact-check/disasters/false-wildfire-weapon-theory/,2025/3/31,誤り,災害,https://x.com/i/status/1904841447930462493,テキスト,2025年1月～3月に大規模な山火事発生しているのは、誰かが放火しているからである。,https://www.rinya.maff.go.jp/j/hogo/yamakaji/index.html,山火事の7割が、1月から5月にかけて発生する。山林に落ち葉が積もり、風が強い、乾燥状態などの自然条件が重なることで起きやすくなる。また、山火事の原因は「たき火」が最も多い。,NA,False,"https://www.factcheckcenter.jp/fact-check/disasters/false_ofunato_wildfire_weapon/ https://www.factcheckcenter.jp/fact-check/international/maui-island-fire-laser-beam-before-incorrect/ https://jifpro.or.jp/tpps/conditions/conditions-cat04/f06/#:~:text=%EF%BC%882%EF%BC%89%E7%81%AB%E5%85%88%E7%B7%9A,%E6%A3%AE%E6%9E%97%E7%81%AB%E7%81%BD%E5%AF%BE%E7%AD%96%E5%8D%94%E4%BC%9A%202011%EF%BC%89%E3%80%82 https://www.rinya.maff.go.jp/j/hogo/yamakaji/index.html https://www.rinya.maff.go.jp/j/hogo/yamakaji/con_3.htm#:~:text=%E7%99%BA%E7%94%9F%E3%81%97%E3%81%9F%E6%9E%97%E9%87%8E%E7%81%AB%E7%81%BD%E3%81%AE,%E3%81%9F%E3%81%B0%E3%81%93%E3%80%8D%E3%81%A8%E3%81%AA%E3%81%A3%E3%81%A6%E3%81%84%E3%81%BE%E3%81%99%E3%80%82 https://www3.nhk.or.jp/news/html/20250228/k10014736161000.html",False,例年、山火事は1300件ほど発生し、約7割が1～5月に集中して発生している。また、拡散している投稿が引用した動画は林野火災として自然な燃え方だ。よってDEWによって起こされたという情報は誤りと判定する。,0,-,-,-,-,-,-,-,-,-,-,-,-,0,-,-,-,-,-
446,https://www.factcheckcenter.jp/fact-check/disasters/false-wildfire-weapon-theory/,2025/3/31,誤り,災害,https://x.com/i/status/1904841447930462493,テキスト,山火事の7割が、1月から5月にかけて発生する。山林に落ち葉が積もり、風が強い、乾燥状態などの自然条件が重なることで起きやすくなる。また、山火事の原因は「たき火」が最も多い。,https://www.rinya.maff.go.jp/j/hogo/yamakaji/index.html,山火事の7割が、1月から5月にかけて発生する。山林に落ち葉が積もり、風が強い、乾燥状態などの自然条件が重なることで起きやすくなる。また、山火事の原因は「たき火」が最も多い。,NA,True,"https://www.factcheckcenter.jp/fact-check/disasters/false_ofunato_wildfire_weapon/ https://www.factcheckcenter.jp/fact-check/international/maui-island-fire-laser-beam-before-incorrect/ https://jifpro.or.jp/tpps/conditions/conditions-cat04/f06/#:~:text=%EF%BC%882%EF%BC%89%E7%81%AB%E5%85%88%E7%B7%9A,%E6%A3%AE%E6%9E%97%E7%81%AB%E7%81%BD%E5%AF%BE%E7%AD%96%E5%8D%94%E4%BC%9A%202011%EF%BC%89%E3%80%82 https://www.rinya.maff.go.jp/j/hogo/yamakaji/index.html https://www.rinya.maff.go.jp/j/hogo/yamakaji/con_3.htm#:~:text=%E7%99%BA%E7%94%9F%E3%81%97%E3%81%9F%E6%9E%97%E9%87%8E%E7%81%AB%E7%81%BD%E3%81%AE,%E3%81%9F%E3%81%B0%E3%81%93%E3%80%8D%E3%81%A8%E3%81%AA%E3%81%A3%E3%81%A6%E3%81%84%E3%81%BE%E3%81%99%E3%80%82 https://www3.nhk.or.jp/news/html/20250228/k10014736161000.html",True,例年、山火事は1300件ほど発生し、約7割が1～5月に集中して発生している。また、拡散している投稿が引用した動画は林野火災として自然な燃え方だ。よってDEWによって起こされたという情報は誤りと判定する。,0,-,-,-,-,-,-,-,-,-,-,-,-,0,-,-,-,-,-
447,https://www.factcheckcenter.jp/fact-check/disasters/false-myanmar-earthquake-damage/,2025/4/3,誤り,災害,https://x.com/i/status/1905935311345205643,"テキスト,動画1",投稿された動画は、2025年3月28日にミャンマー中部で発生した大地震の動画である。,https://www.tiktok.com/@bbcnews/video/7488058613047627030?is_from_webapp=1&web_id=7471105584928278024,人物の不自然さや、拡散元の動画の画面右下に動画生成AIによるものであると示す透かしマークが入っていたことから、AIで生成されている動画である。,False,False,-,False,拡散した2つの動画はAIによって生成されたディープフェイクで、ミャンマー地震の被害映像だという主張は誤り。,0,-,-,-,-,-,-,-,-,-,-,-,-,1,True,True,True,True,True
448,https://www.factcheckcenter.jp/fact-check/disasters/false-myanmar-earthquake-damage/,2025/4/3,誤り,災害,https://x.com/i/status/1905935311345205643,"テキスト,動画1",投稿された動画は、物の不自然さや画面右下に動画生成AIによるものであると示す透かしマークが入っていたことから、AIで生成された動画である。,https://www.tiktok.com/@bbcnews/video/7488058613047627030?is_from_webapp=1&web_id=7471105584928278024,人物の不自然さや、拡散元の動画の画面右下に動画生成AIによるものであると示す透かしマークが入っていたことから、AIで生成されている動画である。,False,True,-,True,拡散した2つの動画はAIによって生成されたディープフェイク。,0,-,-,-,-,-,-,-,-,-,-,-,-,1,True,False,True,True,False
449,https://www.factcheckcenter.jp/fact-check/disasters/false-myanmar-earthquake-damage/,2025/4/3,誤り,災害,https://x.com/i/status/1906085581798670617,"テキスト,動画1",投稿された動画は、2025年3月28日にミャンマー中部で発生した大地震の動画である。,https://www.tiktok.com/@bbcnews/video/7488058613047627030?is_from_webapp=1&web_id=7471105584928278024,投稿された動画は、2025年3月28日にミャンマー中部で発生した大地震であるとするAI生成動画である。,False,False,-,False,拡散した2つの動画はAIによって生成されたディープフェイク。,0,-,-,-,-,-,-,-,-,-,-,-,-,1,True,True,True,True,True
450,https://www.factcheckcenter.jp/fact-check/disasters/false-myanmar-earthquake-damage/,2025/4/3,誤り,災害,https://x.com/i/status/1906085581798670617,"テキスト,動画1",投稿された動画は、2025年3月28日にミャンマー中部で発生した大地震であるとするAI生成動画である。,https://www.tiktok.com/@bbcnews/video/7488058613047627030?is_from_webapp=1&web_id=7471105584928278024,投稿された動画は、2025年3月28日にミャンマー中部で発生した大地震であるとするAI生成動画である。,False,True,-,True,拡散した2つの動画はAIによって生成されたディープフェイク。,0,-,-,-,-,-,-,-,-,-,-,-,-,1,True,False,True,True,False
451,https://www.factcheckcenter.jp/fact-check/disasters/false-myanmar-earthquake-damage/,2025/4/3,誤り,災害,https://x.com/i/status/1906167519821562152,画像1,投稿された動画は、2025年3月28日にミャンマー中部で発生した大地震の動画である。,https://www.tiktok.com/@bbcnews/video/7488058613047627030?is_from_webapp=1&web_id=7471105584928278024,人物の不自然さや、拡散元の動画の画面右下に動画生成AIによるものであると示す透かしマークが入っていたことから、AIで生成されている動画である。,False,False,-,False,拡散した2つの動画はAIによって生成されたディープフェイクで、ミャンマー地震の被害映像だという主張は誤り。,1,True,True,True,-,-,-,-,-,-,-,-,-,0,-,-,-,True,True
452,https://www.factcheckcenter.jp/fact-check/disasters/false-myanmar-earthquake-damage/,2025/4/3,誤り,災害,https://x.com/i/status/1906167519821562152,画像1,人物の不自然さや、拡散元の動画の画面右下に動画生成AIによるものであると示す透かしマークが入っていたことから、AIで生成されている動画である。,https://www.tiktok.com/@bbcnews/video/7488058613047627030?is_from_webapp=1&web_id=7471105584928278024,人物の不自然さや、拡散元の動画の画面右下に動画生成AIによるものであると示す透かしマークが入っていたことから、AIで生成されている動画である。,False,True,-,True,拡散した2つの動画はAIによって生成されたディープフェイク。,1,True,False,True,-,-,-,-,-,-,-,-,-,0,-,-,-,True,False
453,https://www.factcheckcenter.jp/fact-check/health/false-ajinomoto-meth-claim/,2025/4/4,誤り,医療・健康,https://x.com/i/status/1901953068956348463,"テキスト,動画1",味の素は、神経毒である覚醒剤と同様である。,https://iris.who.int/bitstream/handle/10665/37578/9241542705-eng.pdf?sequence=1&isAllowed=y,グルタミン酸ナトリウム（MSG）は、国際的に安全性が認められ、様々な食品に利用されている。FAO（国連食糧農業機関）とWHO（世界保健機関）の合同食品添加物専門家会議はMSGの安全性を科学的に評価し、「グルタミン酸ナトリウムが人の健康を害することはない」と結論付けた。,True,False,https://iris.who.int/bitstream/handle/10665/37578/9241542705-eng.pdf?sequence=1&isAllowed=y https://www.fda.gov/food/food-additives-petitions/questions-and-answers-monosodium-glutamate-msg https://www.efsa.europa.eu/en/efsajournal/pub/4910 https://www.ajinomoto.co.jp/aji/qa/?ref=factcheckcenter.jp,False,味の素の主成分グルタミン酸ナトリウムは、昆布や野菜に含まれるうま味成分グルタミン酸を原料とした調味料。国際的に安全性が認められている。一方、覚醒剤はメタンフェタミンやアンフェタミンなどの化学物質で構成され、グルタミン酸ナトリウムとは異なり、心身への悪影響から各国の法律で禁止されている。よって、「グルタミン酸ナトリウムは覚醒剤の親戚である」という言説は誤り。,0,-,-,-,-,-,-,-,-,-,-,-,-,1,True,False,False,True,False
454,https://www.factcheckcenter.jp/fact-check/health/false-ajinomoto-meth-claim/,2025/4/4,誤り,医療・健康,https://x.com/i/status/1901953068956348463,"テキスト,動画1",味の素の主成分はグルタミン酸ナトリウムであり、覚醒剤とは異なる。,https://iris.who.int/bitstream/handle/10665/37578/9241542705-eng.pdf?sequence=1&isAllowed=y,グルタミン酸ナトリウム（MSG）は、国際的に安全性が認められ、様々な食品に利用されている。FAO（国連食糧農業機関）とWHO（世界保健機関）の合同食品添加物専門家会議はMSGの安全性を科学的に評価し、「グルタミン酸ナトリウムが人の健康を害することはない」と結論付けた。,True,True,https://iris.who.int/bitstream/handle/10665/37578/9241542705-eng.pdf?sequence=1&isAllowed=y https://www.fda.gov/food/food-additives-petitions/questions-and-answers-monosodium-glutamate-msg https://www.efsa.europa.eu/en/efsajournal/pub/4910 https://www.ajinomoto.co.jp/aji/qa/?ref=factcheckcenter.jp,True,味の素の主成分グルタミン酸ナトリウムは、昆布や野菜に含まれるうま味成分グルタミン酸を原料とした調味料。国際的に安全性が認められている。一方、覚醒剤はメタンフェタミンやアンフェタミンなどの化学物質で構成され、グルタミン酸ナトリウムとは異なり、心身への悪影響から各国の法律で禁止されている。,0,-,-,-,-,-,-,-,-,-,-,-,-,1,True,True,False,True,True
455,https://www.factcheckcenter.jp/fact-check/politics/fact-check-politics-false-ishiba-foodtva0/,2025/4/7,誤り,政治,https://x.com/i/status/1906506293566976396,テキスト,2025年3月28日の参議院予算委員会で、石破首相が消費税を食品限定で0%にする方針を示した。,https://www.webtv.sangiin.go.jp/webtv/index.php,2025年3月28日の参議院予算委員会で、共産党・山添拓議員から、食料品に限らず、消費税付加価値税全体を対象にして調べていくということかと問われ、「よく議事録をご覧いただきたいのですが、0税率を検討するなぞと言ったことはございません」と発言した。,True,False,https://itest.5ch.net/hayabusa9/test/read.cgi/news/1743324662/ https://www.webtv.sangiin.go.jp/webtv/index.php,False,石破首相は食品の消費税の減税を「一概に否定するつもりはない」としながらも「税率の引き下げは適当ではない」と述べている。2025年4月4日現在、食品の消費税を0にするとは表明していない。拡散した投稿の文言はネット掲示板のタイトルだ。よって、誤りと判定する。,1,False,False,False,-,-,-,-,-,-,-,-,-,0,-,-,-,-,-
456,https://www.factcheckcenter.jp/fact-check/politics/fact-check-politics-false-ishiba-foodtva0/,2025/4/7,誤り,政治,https://x.com/i/status/1906506293566976396,テキスト,2025年3月28日の参議院予算委員会で、石破首相は食品の消費税の減税を「一概に否定するつもりはない」としながらも「税率の引き下げは適当ではない」と述べた。,https://www.webtv.sangiin.go.jp/webtv/index.php,2025年3月28日の参議院予算委員会で、石破首相は食品の消費税の減税を「一概に否定するつもりはない」としながらも「税率の引き下げは適当ではない」と述べた。,True,True,https://itest.5ch.net/hayabusa9/test/read.cgi/news/1743324662/ https://www.webtv.sangiin.go.jp/webtv/index.php,True,石破首相は食品の消費税の減税を「一概に否定するつもりはない」としながらも「税率の引き下げは適当ではない」と述べている。2025年4月4日現在、食品の消費税を0にするとは表明していない。拡散した投稿の文言はネット掲示板のタイトルだ。よって、誤りと判定する。,1,False,False,False,-,-,-,-,-,-,-,-,-,0,-,-,-,-,-
457,https://www.factcheckcenter.jp/fact-check/health/false-vaccine-100percent-death/,2025/4/9,誤り,医療・健康,https://x.com/i/status/1896799607117729995,"テキスト,画像1",2025年3月3日、千葉県流山市議会にてうた桜子議員が、「新型コロナウイルスのワクチンをめぐって特定ロットのワクチンを接種した人は全員死亡した」と発言した。,https://smart.discussvision.net/smart/tenant/nagareyama/WebView/rd/speech.html?council_id=99&schedule_id=5&playlist_id=3&speaker_id=72&target_year=2025,新型コロナウイルスワクチンの特定ロット接種者の全員が死亡したわけではない。,True,False,https://smart.discussvision.net/smart/tenant/nagareyama/WebView/rd/speech.html?council_id=99&schedule_id=5&playlist_id=3&speaker_id=72&target_year=2025 https://www.mhlw.go.jp/stf/kaiken/daijin/0000194708_00775.html https://www.mhlw.go.jp/content/11120000/001321098.pdf https://www.mhlw.go.jp/content/10601000/001126199.pdf,False,新型コロナワクチンの特定のロットで、接種者全員が亡くなったという情報は、誤り。拡散した投稿が主張する浜松市の場合、ロット番号「ET3674」のワクチンを1回だけ接種した33人が全員亡くなっているが、ET3674を1回以上接種した浜松市民は5482人で、その後に亡くなったのは269人。また、これらの死者はワクチンとの因果関係が示されたわけではなく、国が「ワクチンとの因果関係が否定できない」と判断したのは全国に2件。いずれもET3674を使っていない。,1,True,False,False,-,-,-,-,-,-,-,-,-,0,-,-,-,True,False
458,https://www.factcheckcenter.jp/fact-check/health/false-vaccine-100percent-death/,2025/4/9,誤り,医療・健康,https://x.com/i/status/1896799607117729995,"テキスト,画像1",新型コロナウイルスワクチンの特定ロット接種者の全員が死亡したわけではない。,https://smart.discussvision.net/smart/tenant/nagareyama/WebView/rd/speech.html?council_id=99&schedule_id=5&playlist_id=3&speaker_id=72&target_year=2025,新型コロナウイルスワクチンの特定ロット接種者の全員が死亡したわけではない。,True,True,https://smart.discussvision.net/smart/tenant/nagareyama/WebView/rd/speech.html?council_id=99&schedule_id=5&playlist_id=3&speaker_id=72&target_year=2025 https://www.mhlw.go.jp/stf/kaiken/daijin/0000194708_00775.html https://www.mhlw.go.jp/content/11120000/001321098.pdf https://www.mhlw.go.jp/content/10601000/001126199.pdf,True,新型コロナワクチンの特定のロットで、接種者全員が亡くなったという情報は、誤り。拡散した投稿が主張する浜松市の場合、ロット番号「ET3674」のワクチンを1回だけ接種した33人が全員亡くなっているが、ET3674を1回以上接種した浜松市民は5482人で、その後に亡くなったのは269人。また、これらの死者はワクチンとの因果関係が示されたわけではなく、国が「ワクチンとの因果関係が否定できない」と判断したのは全国に2件。いずれもET3674を使っていない。,1,True,True,False,-,-,-,-,-,-,-,-,-,0,-,-,-,True,True
459,https://www.factcheckcenter.jp/fact-check/international/false_trump_tax_trade_claim/,2025/4/10,誤り,国際,https://x.com/i/status/1907679675679437152,"テキスト,動画1",2025年4月、アメリカのトランプ大統領が「日本が消費税やめれば関税もやめる」と発言した。,https://news.web.nhk/newsweb/na/na-k10014768241000,4月2日のホワイトハウスでの演説では、各国に対して関税を引き上げると発表したが、「日本が消費税やめれば関税もやめる」という内容の発言はなかった。,True,False,https://hayabusa9.5ch.net/test/read.cgi/news/1743956543/ https://x.com/i/status/1907679675679437152 https://www3.nhk.or.jp/news/html/20250403/k10014768241000.html https://www.reuters.com/video/watch/idRW369202042025RP1/ https://www.whitehouse.gov/ https://x.com/realDonaldTrump https://truthsocial.com/@realDonaldTrump,False,拡散したトランプ大統領の「発言」はまとめサイトによるもので、拡散したのは掲示板サイトのスレッドのタイトルだ。トランプ大統領の演説、SNS投稿やホワイトハウスの発表には、そのような発言はなかった。よって、誤りと判断した。,0,-,-,-,-,-,-,-,-,-,-,-,-,1,True,False,False,NA,False
460,https://www.factcheckcenter.jp/fact-check/international/false_trump_tax_trade_claim/,2025/4/10,誤り,国際,https://x.com/i/status/1907679675679437152,"テキスト,動画1",2025年4月、アメリカのトランプ大統領が「日本が消費税やめれば関税もやめる」とは発言していない。,https://news.web.nhk/newsweb/na/na-k10014768241000,4月2日のホワイトハウスでの演説では、各国に対して関税を引き上げると発表したが、「日本が消費税やめれば関税もやめる」という内容の発言はなかった。,True,True,https://hayabusa9.5ch.net/test/read.cgi/news/1743956543/ https://x.com/i/status/1907679675679437152 https://www3.nhk.or.jp/news/html/20250403/k10014768241000.html https://www.reuters.com/video/watch/idRW369202042025RP1/ https://www.whitehouse.gov/ https://x.com/realDonaldTrump https://truthsocial.com/@realDonaldTrump,True,拡散したトランプ大統領の「発言」はまとめサイトによるもので、拡散したのは掲示板サイトのスレッドのタイトルだ。トランプ大統領の演説、SNS投稿やホワイトハウスの発表には、そのような発言はなかった。,0,-,-,-,-,-,-,-,-,-,-,-,-,1,True,True,False,NA,True
461,https://www.factcheckcenter.jp/fact-check/politics/inaccurate-hyogo-finance-reform/,2025/4/10,不正確,政治,https://x.com/i/status/1906593007564108276,テキスト,2025年3月時点で全国ワーストレベルと指摘されていた兵庫県財政が、斎藤元彦知事就任で改革が進んだ。,https://web.pref.hyogo.lg.jp/kk20/documents/20241129g2.pdf,県の貯金に当たる財政基金残高は、2023年には127億円を確保したが、企業業績が好調で県税収入が増えた影響が大きいと考えられる。県の借金にあたる県債残高は2023年度に3兆762億円で、2021年からほぼ横ばいで推移している。,True,False,https://web.pref.hyogo.lg.jp/kk20/documents/20241129g2.pdf https://www.kobe-np.co.jp/news/society/202409/0018160871.shtml,NEI,斎藤知事の就任後に財政基金残高は127億円に増加したが、これは県税収入の増加によるものと県は分析している。また、県の借金にあたる県債はここ10年ほど横ばいで推移し、財政状況は2026年度以降収支不足の可能性があるほど厳しい状況だ。「全国ワーストレベルだった兵庫県財政　斎藤元彦さんの登場で改革が進んだ」という投稿は、財政の改善が進んでいる印象を与えるが大きな改善は見られず、不正確と判定する。,0,-,-,-,-,-,-,-,-,-,-,-,-,0,-,-,-,-,-
462,https://www.factcheckcenter.jp/fact-check/politics/inaccurate-hyogo-finance-reform/,2025/4/10,不正確,政治,https://x.com/i/status/1906593007564108276,テキスト,全国ワーストレベルと指摘されていた兵庫県財政が、全国ワーストレベルだった兵庫県財政は、2023年度時点で企業業績が好調で県税収入が増加したものの、県債残高は大きな変動なく推移しほぼ横ばいである。,https://web.pref.hyogo.lg.jp/kk20/documents/20241129g2.pdf,県の貯金に当たる財政基金残高は、2023年には127億円を確保したが、企業業績が好調で県税収入が増えた影響が大きいと考えられる。県の借金にあたる県債残高は2023年度に3兆762億円で、2021年からほぼ横ばいで推移している。,True,True,https://web.pref.hyogo.lg.jp/kk20/documents/20241129g2.pdf https://www.kobe-np.co.jp/news/society/202409/0018160871.shtml,True,斎藤知事の就任後に財政基金残高は127億円に増加したが、これは県税収入の増加によるものと県は分析している。また、県の借金にあたる県債はここ10年ほど横ばいで推移し、財政状況は2026年度以降収支不足の可能性があるほど厳しい状況だ。「全国ワーストレベルだった兵庫県財政　斎藤元彦さんの登場で改革が進んだ」という投稿は、財政の改善が進んでいる印象を与えるが大きな改善は見られず、不正確と判定する。,0,-,-,-,-,-,-,-,-,-,-,-,-,0,-,-,-,-,-
463,https://www.factcheckcenter.jp/fact-check/politics/false-japan-population-plan/,2025/4/14,誤り,政治,https://x.com/i/status/1909149998991941750,"テキスト,画像1",2025年4月7日日本政府は、日本の人口を4000万人削減する計画を提言した。,https://www.hit-north.or.jp/information/2024/01/09/1927/,2024年1月に公表された人口戦略会議の中で、日本の人口が2100年には約6300万人にまで減少すると予測される中、人口を8000万人規模で安定させるべきだ、と提言した。,True,False,https://www.hit-north.or.jp/information/2024/01/09/1927/,False,政府は、人口を4000万人減らして8000万人にするとは表明していない。拡散した投稿の画像は、岸田首相（当時）が提言書を受け取った際のもので、提言は「日本の人口が2100年には約6300万人にまで減少すると予測される中、人口を8000万人規模で安定させるべきだ」という内容だ。よって誤りと判定した。,1,False,True,False,-,-,-,-,-,-,-,-,-,0,-,-,-,True,True
464,https://www.factcheckcenter.jp/fact-check/politics/false-japan-population-plan/,2025/4/14,誤り,政治,https://x.com/i/status/1909149998991941750,"テキスト,画像1",2024年1月に公表された人口戦略会議の中で、日本の人口が2100年には約6300万人にまで減少すると予測される中、人口を8000万人規模で安定させるべきだ、と提言した。,https://www.hit-north.or.jp/information/2024/01/09/1927/,2024年1月に公表された人口戦略会議の中で、日本の人口が2100年には約6300万人にまで減少すると予測される中、人口を8000万人規模で安定させるべきだ、と提言した。,True,True,https://www.hit-north.or.jp/information/2024/01/09/1927/,True,政府は、人口を4000万人減らして8000万人にするとは表明していない。拡散した投稿の画像は、岸田首相（当時）が提言書を受け取った際のもので、提言は「日本の人口が2100年には約6300万人にまで減少すると予測される中、人口を8000万人規模で安定させるべきだ」という内容だ。よって誤りと判定した。,1,False,False,False,-,-,-,-,-,-,-,-,-,0,-,-,-,True,False
465,https://www.factcheckcenter.jp/fact-check/politics/false-japan-population-plan/,2025/4/14,誤り,政治,https://x.com/i/status/1909229017057890624,"テキスト,画像1",2025年4月7日日本政府は、日本の人口を4000万人削減する計画を提言した。,https://www.hit-north.or.jp/information/2024/01/09/1927/,2024年1月に公表された人口戦略会議の中で、日本の人口が2100年には約6300万人にまで減少すると予測される中、人口を8000万人規模で安定させるべきだ、と提言した。,True,False,https://www.hit-north.or.jp/information/2024/01/09/1927/,False,政府は、人口を4000万人減らして8000万人にするとは表明していない。拡散した投稿の画像は、岸田首相（当時）が提言書を受け取った際のもので、提言は「日本の人口が2100年には約6300万人にまで減少すると予測される中、人口を8000万人規模で安定させるべきだ」という内容だ。よって誤りと判定した。,1,False,True,False,-,-,-,-,-,-,-,-,-,0,-,-,-,True,True
466,https://www.factcheckcenter.jp/fact-check/politics/false-japan-population-plan/,2025/4/14,誤り,政治,https://x.com/i/status/1909229017057890624,"テキスト,画像1",2024年1月に公表された人口戦略会議の中で、日本の人口が2100年には約6300万人にまで減少すると予測される中、人口を8000万人規模で安定させるべきだ、と提言した。,https://www.hit-north.or.jp/information/2024/01/09/1927/,2024年1月に公表された人口戦略会議の中で、日本の人口が2100年には約6300万人にまで減少すると予測される中、人口を8000万人規模で安定させるべきだ、と提言した。,True,True,https://www.hit-north.or.jp/information/2024/01/09/1927/,True,政府は、人口を4000万人減らして8000万人にするとは表明していない。拡散した投稿の画像は、岸田首相（当時）が提言書を受け取った際のもので、提言は「日本の人口が2100年には約6300万人にまで減少すると予測される中、人口を8000万人規模で安定させるべきだ」という内容だ。よって誤りと判定した。,1,False,False,False,-,-,-,-,-,-,-,-,-,0,-,-,-,True,False
467,https://www.factcheckcenter.jp/fact-check/international/false-trump-tariff-delay-reason/,2025/4/18,誤り,国際,https://x.com/i/status/1910430536331559310,テキスト,2025年4月11日トランプ大統領が「相互関税」を90日間延期したのは、日本の農林中央金庫による米国債の売却が影響した。,https://www.nikkei.com/article/DGXZQOUB06C280W5A200C2000000/,日本の農林中央金庫が米国債を売却したのは2024年度末までで、2025年4月のトランプ大統領が「相互関税」を課すと発表する前である。,True,False,https://www3.nhk.or.jp/news/html/20250410/k10014775121000.html https://www.nochubank.or.jp/about/philosophy.html https://www.nochubank.or.jp/about/by-the-numbers.html https://www.yomiuri.co.jp/economy/20240618-OYT1T50176/ https://www.nikkei.com/article/DGXZQOUB06C280W5A200C2000000/ https://www.nikkei.com/article/DGXZQOUB07AQT0X00C25A4000000/ https://www.bloomberg.co.jp/news/articles/2025-04-14/SUDDK8T0AFB400,False, 農林中金の北林理事長は2025年4月14日、日経新聞およびBloombergの取材に対し、4月に米国債を売却したとの情報を「事実ではない」と否定し、米国債の処理は2025年3月末までに完了したと説明した。したがって、農林中金の米国債売却が相互関税延期に影響したという主張は誤りである。,3,False,True,False,False,True,False,False,True,False,-,-,-,0,-,-,-,-,-
468,https://www.factcheckcenter.jp/fact-check/international/false-trump-tariff-delay-reason/,2025/4/18,誤り,国際,https://x.com/i/status/1910430536331559310,テキスト,日本の農林中央金庫が米国債を売却したのは2024年度末までで、2025年4月のトランプ大統領が「相互関税」を課すと発表する前である。,https://www.nikkei.com/article/DGXZQOUB06C280W5A200C2000000/,日本の農林中央金庫が米国債を売却したのは2024年度末までで、2025年4月のトランプ大統領が「相互関税」を課すと発表する前である。,True,True,https://www3.nhk.or.jp/news/html/20250410/k10014775121000.html https://www.nochubank.or.jp/about/philosophy.html https://www.nochubank.or.jp/about/by-the-numbers.html https://www.yomiuri.co.jp/economy/20240618-OYT1T50176/ https://www.nikkei.com/article/DGXZQOUB06C280W5A200C2000000/ https://www.nikkei.com/article/DGXZQOUB07AQT0X00C25A4000000/ https://www.bloomberg.co.jp/news/articles/2025-04-14/SUDDK8T0AFB400,True,農林中金の北林理事長は2025年4月14日、日経新聞およびBloombergの取材に対し、収益性の悪化した米国債などの外国債券処理は2025年3月末までに完了したと説明した。トランプ大統領が相互関税を発表したのは4月2日、90日間停止を発表したのは4月9日であり、農林中金の売却はそれ以前に終了している。,3,False,True,False,False,True,False,False,True,False,-,-,-,0,-,-,-,-,-
469,https://www.factcheckcenter.jp/fact-check/politics/false_jal123_sdf_misattributed/,2025/4/21,誤り,政治,https://x.com/i/status/1912463204481134675,"テキスト,動画1",1985年のJAL123便墜落事故は、自衛隊が訓練中に誤って撃墜したために起き、証拠を隠滅した。,https://www.webtv.sangiin.go.jp/webtv/detail.php?sid=8438,1985年のJAL123便墜落事故は、自衛隊が訓練中に誤って撃墜したために起き、証拠を隠滅したと主張した書籍がある。,True,False,https://jtsb.mlit.go.jp/kaisetsu/nikkou123-kaisetsu.pdf https://www.webtv.sangiin.go.jp/webtv/detail.php?sid=8438 https://www.kawade.co.jp/np/search_result.html?writer_id=13769 https://tenku123.hateblo.jp/,False,航空事故調査委員会の1987年の報告書は、事故原因を後部圧力隔壁の不適切な修理に起因すると推定している（運輸安全委員会）。参院外交防衛委員会で佐藤氏は書籍の内容を読み上げたもので、佐藤氏自身は「自衛隊が撃墜した」という言説を問題視し否定する立場である。中谷防衛相も「この事故に自衛隊が関与した事実は断じてない」と答弁しており、自衛隊の撃墜・証拠隠滅は事実ではない。,0,-,-,-,-,-,-,-,-,-,-,-,-,1,True,False,False,True,False
470,https://www.factcheckcenter.jp/fact-check/politics/false_jal123_sdf_misattributed/,2025/4/21,誤り,政治,https://x.com/i/status/1912463204481134675,"テキスト,動画1",1985年のJAL123便墜落事故は、自衛隊が訓練中に誤って撃墜したために起き、証拠を隠滅したと主張した書籍がある。,https://www.webtv.sangiin.go.jp/webtv/detail.php?sid=8438,1985年のJAL123便墜落事故は、自衛隊が訓練中に誤って撃墜したために起き、証拠を隠滅したと主張した書籍がある。,True,True,https://jtsb.mlit.go.jp/kaisetsu/nikkou123-kaisetsu.pdf https://www.webtv.sangiin.go.jp/webtv/detail.php?sid=8438 https://www.kawade.co.jp/np/search_result.html?writer_id=13769 https://tenku123.hateblo.jp/,True,航空事故調査委員会の1987年の報告書は、事故原因を後部圧力隔壁の不適切な修理に起因すると推定している（運輸安全委員会）。佐藤氏が委員会で触れた書籍「日航123便 墜落の新事実」（著者・青山透子氏、河出書房新社）には自衛隊撃墜説が記載されている。,0,-,-,-,-,-,-,-,-,-,-,-,-,1,True,True,False,True,True
471,https://www.factcheckcenter.jp/fact-check/politics/false-no-ultra-aged-eldery-records-in-japan/,2025/4/28,不正確,政治,https://x.com/i/status/1915394801215918380,テキスト,2025年03月05日議会演説でアメリカのトランプ大統領は、DOGEが社会福祉コストの精査を行ったところ、記録上200歳以上の人物が数万人も存在したと述べた。,https://www.youtube.com/live/XkFKNkAEzQ8?t=2779s,2025年03月05日議会演説でアメリカのトランプ大統領は、DOGEが社会福祉コストの精査を行ったところ、記録上220歳以上の人物が1041人存在したと述べた。,True,False,https://www.youtube.com/live/XkFKNkAEzQ8?si=4JoXuLCvXKCdsTUO&t=2779 https://www.whitehouse.gov/ https://www.whitehouse.gov/fact-sheets/2025/04/fact-sheet-president-donald-j-trump-prevents-illegal-aliens-from-obtaining-social-security-act-benefits/ https://www.yahoo.com/news/debunking-trumps-claim-millions-people-120000050.html https://www.cbsnews.com/news/social-security-doge-100-150-year-olds-cobol-elon-musk/ https://news.ntv.co.jp/category/society/165398 https://www.hiroshimapeacemedia.jp/?p=8231&query=5 https://www.jiji.com/jc/d4?p=new010-jlp09691952&d=d4_news https://www.mhlw.go.jp/qa/dl/nenkin_101104-01.pdf,False,トランプ氏の2025年3月4日の議会演説では、220歳以上が1041人と述べており、「200歳以上が数万人」という検証対象の記述は誇張である。また、Snopesは実際に給付を受けていたのはごく一部と指摘し、CBS NEWSも100歳以上の記録はSSAの古いシステムや記録不備によるものと報じている。「戸籍制度が完備している日本ではあり得ない」との主張も、日本でも高齢者所在不明問題がたびたび報じられており、誤りである。,0,-,-,-,-,-,-,-,-,-,-,-,-,0,-,-,-,-,-
472,https://www.factcheckcenter.jp/fact-check/politics/false-no-ultra-aged-eldery-records-in-japan/,2025/4/28,不正確,政治,https://x.com/i/status/1915394801215918380,テキスト,2025年03月05日議会演説でアメリカのトランプ大統領は、DOGEが社会福祉コストの精査を行ったところ、記録上220歳以上の人物が1041人存在したと述べた。,https://www.youtube.com/live/XkFKNkAEzQ8?t=2779s,2025年03月05日議会演説でアメリカのトランプ大統領は、DOGEが社会福祉コストの精査を行ったところ、記録上220歳以上の人物が1041人存在したと述べた。,True,True,https://www.youtube.com/live/XkFKNkAEzQ8?si=4JoXuLCvXKCdsTUO&t=2779 https://www.whitehouse.gov/ https://www.whitehouse.gov/fact-sheets/2025/04/fact-sheet-president-donald-j-trump-prevents-illegal-aliens-from-obtaining-social-security-act-benefits/ https://www.yahoo.com/news/debunking-trumps-claim-millions-people-120000050.html https://www.cbsnews.com/news/social-security-doge-100-150-year-olds-cobol-elon-musk/ https://news.ntv.co.jp/category/society/165398 https://www.hiroshimapeacemedia.jp/?p=8231&query=5 https://www.jiji.com/jc/d4?p=new010-jlp09691952&d=d4_news https://www.mhlw.go.jp/qa/dl/nenkin_101104-01.pdf,True,トランプ氏の2025年3月4日の議会演説（動画46分22秒〜49分15秒）で、220〜229歳が1039人、240〜249歳が1人、360歳が1人と具体的に述べている。ただし、Snopesは実際に給付を受けていたのはごく一部と指摘し、CBS NEWSも記録はSSAの古いシステムや記録不備によるものと報じている。,0,-,-,-,-,-,-,-,-,-,-,-,-,0,-,-,-,-,-
473,https://www.factcheckcenter.jp/fact-check/politics/false-ishin-sold-expo-site/,2025/4/28,誤り,政治,https://x.com/i/status/1904034430022508697,"テキスト,動画1",日本維新の会が大阪万博の跡地の使用権を中国に売った。,https://www.pref.osaka.lg.jp/documents/105997/masterplan1.pdf,大阪万博の跡地の開発事業者は2025年4月の時点で決まっていない。,True,False,https://www.pref.osaka.lg.jp/documents/105997/masterplan1.pdf https://www3.nhk.or.jp/kansai-news/20250218/2000091790.html https://www.pref.osaka.lg.jp/documents/90855/yuusyuugaiyou.pdf https://www.youtube.com/shorts/cOgJFtFyZPs,False,万博跡地（夢洲第2期区域）の開発事業者は2025年4月時点で未定であり、2025年度後半に二次募集される予定である（大阪府「優秀提案の概要」、NHK）。大阪府の吉村知事も「完全にデマです」と否定し、事業者に中国企業は含まれていないと説明している。したがって、維新の会が万博跡地の使用権を中国に売ったという主張は誤りである。,0,-,-,-,-,-,-,-,-,-,-,-,-,1,False,False,False,True,False
474,https://www.factcheckcenter.jp/fact-check/politics/false-ishin-sold-expo-site/,2025/4/28,誤り,政治,https://x.com/i/status/1904034430022508697,"テキスト,動画1",大阪万博の跡地の開発事業者は2025年4月の時点で決まっていない。,https://www.pref.osaka.lg.jp/documents/105997/masterplan1.pdf,大阪万博の跡地の開発事業者は2025年4月の時点で決まっていない。,True,True,https://www.pref.osaka.lg.jp/documents/105997/masterplan1.pdf https://www3.nhk.or.jp/kansai-news/20250218/2000091790.html https://www.pref.osaka.lg.jp/documents/90855/yuusyuugaiyou.pdf https://www.youtube.com/shorts/cOgJFtFyZPs,True,万博跡地（夢洲第2期区域）は、大阪府・大阪市「夢洲第二期区域マスタープランver.1.0」に基づき開発が検討されている。2024年9月の民間提案募集で大林組他6社と関電不動産グループが優秀提案に選ばれたが、開発事業者は2025年度後半の二次募集で決定予定であり、2025年4月時点では未定である。,0,-,-,-,-,-,-,-,-,-,-,-,-,1,False,True,False,True,True
475,https://www.factcheckcenter.jp/fact-check/politics/false-exclusion-reiwa-communist/,2025/4/28,不正確,政治,https://x.com/i/status/1913216585604464901,テキスト,2025年4月23日の党首討論にれいわ新選組と共産党をわざと外した。,https://www.47news.jp/12487258.html,2025年4月23日の党首討論にれいわ新選組と共産党は参加要件を満たしていなかったため、参加しなかった。,False,False,https://www3.nhk.or.jp/news/html/20250417/k10014781601000.html https://www.shugiintv.go.jp/jp/index.php?ex=VL&deli_id=55730&media_type= https://www.nhk.or.jp/politics/kotoba/61792.html https://news.yahoo.co.jp/articles/6e665c1539767cee3523f5a333f7b1af32bc4ecf https://www.shugiin.go.jp/internet/itdb_annai.nsf/html/statics/shiryo/kaiha_m.htm https://www.sangiin.go.jp/japanese/joho1/kousei/giin/217/giinsu.htm https://www.47news.jp/12487258.html,False,党首討論の参加要件は、衆参いずれかに10人以上の議員が所属し、国家基本政策委員会の委員となっている野党の党首や会派の代表であることだと与野党が申し合わせている（NHK、共同）。れいわ新選組は衆議院9・参議院5で要件を満たさず、共産党は議席数は満たしたが国家基本政策委員会の委員に就任していなかった（共同通信）。したがって、「わざと外した」のではなく、参加要件を満たさなかったためである。,1,True,True,False,-,-,-,-,-,-,-,-,-,0,-,-,-,-,-
476,https://www.factcheckcenter.jp/fact-check/politics/false-exclusion-reiwa-communist/,2025/4/28,不正確,政治,https://x.com/i/status/1913216585604464901,テキスト,2025年4月23日の党首討論にれいわ新選組と共産党は参加要件を満たしていなかったため、参加しなかった。,https://www.47news.jp/12487258.html,2025年4月23日の党首討論にれいわ新選組と共産党は参加要件を満たしていなかったため、参加しなかった。,False,True,https://www3.nhk.or.jp/news/html/20250417/k10014781601000.html https://www.shugiintv.go.jp/jp/index.php?ex=VL&deli_id=55730&media_type= https://www.nhk.or.jp/politics/kotoba/61792.html https://news.yahoo.co.jp/articles/6e665c1539767cee3523f5a333f7b1af32bc4ecf https://www.shugiin.go.jp/internet/itdb_annai.nsf/html/statics/shiryo/kaiha_m.htm https://www.sangiin.go.jp/japanese/joho1/kousei/giin/217/giinsu.htm https://www.47news.jp/12487258.html,True,党首討論の参加要件は、衆参いずれかに10人以上の議員が所属し、国家基本政策委員会の委員となっている野党の党首や会派の代表であると申し合わせられている（NHK、共同）。れいわ新選組は議席数不足、共産党は委員未就任のため参加できなかった（共同通信）。,1,True,True,False,-,-,-,-,-,-,-,-,-,0,-,-,-,-,-
477,https://www.factcheckcenter.jp/fact-check/health/false-pandemic-treaty-vaccine-mandate/,2025/4/30,誤り,医療・健康,https://x.com/i/status/1911699698320023711,テキスト,世界保健機関のパンデミック条約は加盟国に監視・警戒システムの強化を要請し、ワクチン接種を強化・実施することが記載されている。,https://www.mofa.go.jp/mofaj/ic/ghp/page23_004456.html,世界保健機関のパンデミック条約は加盟国に監視・警戒システムの強化や、ワクチン接種を強化・実施することは記載されていない。,False,False,https://www3.nhk.or.jp/news/html/20240602/k10014468711000.html https://jp.reuters.com/world/F6CHPPMFL5NFJJFW5NE4YZYLJY-2024-06-03/ https://www.who.int/news/item/16-04-2025-who-member-states-conclude-negotiations-and-make-significant-progress-on-draft-pandemic-agreement https://www.mofa.go.jp/mofaj/files/100677431.pdf https://apps.who.int/gb/ebwha/pdf_files/WHA77/A77_10-en.pdf https://api.politico.eu/editorial_documents/02ed5b08-246f-426d-a257-70d39b877610 https://www.politico.eu/article/who-pandemic-agreement-within-striking-distance/ https://www.mofa.go.jp/mofaj/ic/ghp/page23_004456.html https://www.who.int/director-general/speeches/detail/who-director-general-s-speech-at-the-world-governments-summit---12-february-2024 https://www.usatoday.com/story/news/factcheck/2024/01/30/proposed-accord-encourages-global-pandemic-preparedness-fact-check/72395018007/ https://www.politifact.com/factchecks/2024/jan/26/instagram-posts/pandemic-treaty-wouldnt-give-the-who-power-to-forc/,False,条文案の第3条は国家主権の尊重を原則として掲げ、各国にワクチン接種や監視を強制する内容ではない。国民の監視やワクチンの強制接種に関する条文や文言はない。外務省も「ワクチンの強制接種や言論統制など、国家主権を制限したり基本的人権の侵害について懸念を生じさせたりするような内容は条文案に含まれていない」と説明しており（外務省「いわゆるパンデミック条約の交渉」）、条約に監視・ワクチン強制の記載があるとの主張は誤りである。,1,False,False,False,-,-,-,-,-,-,-,-,-,0,-,-,-,-,-
478,https://www.factcheckcenter.jp/fact-check/health/false-pandemic-treaty-vaccine-mandate/,2025/4/30,誤り,医療・健康,https://x.com/i/status/1911699698320023711,テキスト,世界保健機関のパンデミック条約は加盟国に監視・警戒システムの強化や、ワクチン接種を強化・実施することは記載されていない。,https://www.mofa.go.jp/mofaj/ic/ghp/page23_004456.html,世界保健機関のパンデミック条約は加盟国に監視・警戒システムの強化や、ワクチン接種を強化・実施することは記載されていない。,False,True,https://www3.nhk.or.jp/news/html/20240602/k10014468711000.html https://jp.reuters.com/world/F6CHPPMFL5NFJJFW5NE4YZYLJY-2024-06-03/ https://www.who.int/news/item/16-04-2025-who-member-states-conclude-negotiations-and-make-significant-progress-on-draft-pandemic-agreement https://www.mofa.go.jp/mofaj/files/100677431.pdf https://apps.who.int/gb/ebwha/pdf_files/WHA77/A77_10-en.pdf https://api.politico.eu/editorial_documents/02ed5b08-246f-426d-a257-70d39b877610 https://www.politico.eu/article/who-pandemic-agreement-within-striking-distance/ https://www.mofa.go.jp/mofaj/ic/ghp/page23_004456.html https://www.who.int/director-general/speeches/detail/who-director-general-s-speech-at-the-world-governments-summit---12-february-2024 https://www.usatoday.com/story/news/factcheck/2024/01/30/proposed-accord-encourages-global-pandemic-preparedness-fact-check/72395018007/ https://www.politifact.com/factchecks/2024/jan/26/instagram-posts/pandemic-treaty-wouldnt-give-the-who-power-to-forc/,True,条文案は第2条でパンデミックの予防・準備・対応を目的とし、第3条で国家主権の尊重を原則に掲げている。加盟国はそれぞれの事情や法律に従って感染拡大防止措置に努める内容であり、ワクチン接種の強制や国民監視に関する条文や文言は含まれていない（外務省、WHO条文案）。,1,False,False,False,-,-,-,-,-,-,-,-,-,0,-,-,-,-,-
479,https://www.factcheckcenter.jp/fact-check/international/false-japan-kicked-out-of-parafe/,2025/4/30,誤り,国際,https://x.com/i/status/1913498294120333494,テキスト,フランスに入国する際、イミグレーションの優先レーンの対象国から日本が外された。,https://www.service-public.gouv.fr/particuliers/vosdroits/F35295,フランスに入国する際、イミグレーションの優先レーンの対象国に日本は含まれている。,True,False,https://www.service-public.fr/particuliers/vosdroits/F35295 https://youtu.be/m4u32VNRgp4?si=YibGimi82xNHt_YZ https://jp.ambafrance.org/-Japonais-,False,フランス政府公式サイトによると、G7を含む47か国がPARAFE（自動出入国ゲート）の利用対象であり、日本は対象国に含まれている。在日フランス大使館によると、2023年6月30日に日本を含む16か国のPARAFE対象国が公表されて以来、日本が対象外とされたことはない。したがって、日本が優先レーン対象国から外されたという主張は誤りである。,1,False,False,False,-,-,-,-,-,-,-,-,-,0,-,-,-,-,-
480,https://www.factcheckcenter.jp/fact-check/international/false-japan-kicked-out-of-parafe/,2025/4/30,誤り,国際,https://x.com/i/status/1913498294120333494,テキスト,フランスに入国する際、イミグレーションの優先レーンの対象国に日本は含まれている。,https://www.service-public.gouv.fr/particuliers/vosdroits/F35295,フランスに入国する際、イミグレーションの優先レーンの対象国に日本は含まれている。,True,True,https://www.service-public.fr/particuliers/vosdroits/F35295 https://youtu.be/m4u32VNRgp4?si=YibGimi82xNHt_YZ https://jp.ambafrance.org/-Japonais-,True,フランス政府公式サイトによると、G7を含む47か国がPARAFE（自動出入国ゲート）の利用対象であり、日本は対象国に含まれている。在日フランス大使館によると、2023年6月30日に日本を含む16か国のPARAFE対象国が公表されて以来、日本は対象国のままである。,1,False,False,False,-,-,-,-,-,-,-,-,-,0,-,-,-,-,-
481,https://www.factcheckcenter.jp/fact-check/international/false-japan-kicked-out-of-parafe/,2025/4/30,誤り,国際,https://x.com/i/status/1902344499872825489,テキスト,フランスに入国する際、イミグレーションの優先レーンの対象国から日本が外された。,https://www.service-public.gouv.fr/particuliers/vosdroits/F35295,フランスに入国する際、イミグレーションの優先レーンの対象国に日本は含まれている。,False,False,https://www.service-public.fr/particuliers/vosdroits/F35295 https://youtu.be/m4u32VNRgp4?si=YibGimi82xNHt_YZ https://jp.ambafrance.org/-Japonais-,False,フランス政府公式サイトによると、G7を含む47か国がPARAFE（自動出入国ゲート）の利用対象であり、日本は対象国に含まれている。在日フランス大使館によると、2023年6月30日に日本を含む16か国のPARAFE対象国が公表されて以来、日本が対象外とされたことはない。したがって、日本が優先レーン対象国から外されたという主張は誤りである。,1,False,False,False,-,-,-,-,-,-,-,-,-,0,-,-,-,-,-
482,https://www.factcheckcenter.jp/fact-check/international/false-japan-kicked-out-of-parafe/,2025/4/30,誤り,国際,https://x.com/i/status/1902344499872825489,テキスト,フランスに入国する際、イミグレーションの優先レーンの対象国に日本は含まれている。,https://www.service-public.gouv.fr/particuliers/vosdroits/F35295,フランスに入国する際、イミグレーションの優先レーンの対象国に日本は含まれている。,False,True,https://www.service-public.fr/particuliers/vosdroits/F35295 https://youtu.be/m4u32VNRgp4?si=YibGimi82xNHt_YZ https://jp.ambafrance.org/-Japonais-,True,フランス政府公式サイトによると、G7を含む47か国がPARAFE（自動出入国ゲート）の利用対象であり、日本は対象国に含まれている。在日フランス大使館によると、2023年6月30日に日本を含む16か国のPARAFE対象国が公表されて以来、日本は対象国のままである。,1,False,False,False,-,-,-,-,-,-,-,-,-,0,-,-,-,-,-
483,https://www.factcheckcenter.jp/fact-check/politics/false-mof-13quadrillion-switzerland/,2025/5/2,誤り,政治,https://x.com/i/status/1912101850683424878,"テキスト,動画1",財務省がスイスの銀行に13京円預けている。,https://www.aboutswitzerland.eda.admin.ch/ja/ginko-to-hoken-gyo,財務省がスイスの銀行に預けているとされる13京円は、スイスの銀行が管理する資産総額を超える。,True,False,https://www.aboutswitzerland.eda.admin.ch/ja/ginko-to-hoken-gyo https://www.mof.go.jp/tax_policy/summary/condition/a03.htm https://www.esri.cao.go.jp/jp/sna/data/data_list/kakuhou/files/2023/sankou/pdf/point_stock_20250120.pdf https://www3.nhk.or.jp/news/special/yosan2025/revenue/ https://jp.reuters.com/world/us/EX2YMMPC4JMKDFJR7YQ3QE6TAM-2024-03-12/,False,13京円は、スイスの銀行が管理する総資産約1375兆円の約100倍、日本の2025年度税収77兆円の約1700年分、日本の一国経済全体の資産残高1京3287.6兆円を超える金額である（About Switzerland、財務省、内閣府経済社会総合研究所）。このような金額を財務省がスイスの銀行に預けているという主張は現実的でなく、誤りである。,0,-,-,-,-,-,-,-,-,-,-,-,-,1,False,False,False,NA,False
484,https://www.factcheckcenter.jp/fact-check/politics/false-mof-13quadrillion-switzerland/,2025/5/2,誤り,政治,https://x.com/i/status/1912101850683424878,"テキスト,動画1",財務省がスイスの銀行に預けているとされる13京円は、スイスの銀行が管理する資産総額を超える。,https://www.aboutswitzerland.eda.admin.ch/ja/ginko-to-hoken-gyo,財務省がスイスの銀行に預けているとされる13京円は、スイスの銀行が管理する資産総額を超える。,True,True,https://www.aboutswitzerland.eda.admin.ch/ja/ginko-to-hoken-gyo https://www.mof.go.jp/tax_policy/summary/condition/a03.htm https://www.esri.cao.go.jp/jp/sna/data/data_list/kakuhou/files/2023/sankou/pdf/point_stock_20250120.pdf https://www3.nhk.or.jp/news/special/yosan2025/revenue/ https://jp.reuters.com/world/us/EX2YMMPC4JMKDFJR7YQ3QE6TAM-2024-03-12/,True,13京円は、スイスの銀行が管理する総資産約1375兆円の約100倍、日本の2025年度税収77兆円の約1700年分にあたる（About Switzerland、財務省）。日本の一国経済全体の資産残高は1京3287.6兆円であり、13京円はこれを大幅に超える（内閣府経済社会総合研究所）。,0,-,-,-,-,-,-,-,-,-,-,-,-,1,False,True,False,NA,True
485,https://www.factcheckcenter.jp/fact-check/international/false-macron-merz-cocaine/,2025/5/14,誤り,国際,https://x.com/i/status/1921749837084823727,"テキスト,動画1",2025年5月、マクロン仏大統領、メルツ独首相、スターマー英首相がゼレンスキー大統領と会談するためキーヴを訪問する列車内で麻薬を使用した形跡を隠した。,https://www.youtube.com/watch?v=-Sz6cIACfB0,2025年5月、マクロン仏大統領、メルツ独首相、スターマー英首相がゼレンスキー大統領と会談するためキーヴを訪問する列車内で撮影のためティッシュごみを払った。,True,False,https://www.youtube.com/watch?v=-Sz6cIACfB0 https://x.com/i/status/1921566762601967620 https://youtu.be/-Sz6cIACfB0?si=wKmjjHt5QX_pf_sL https://www.gettyimages.co.jp/detail/%E3%83%8B%E3%83%A5%E3%83%BC%E3%82%B9%E5%86%99%E7%9C%9F/britains-prime-minister-keir-starmer-gestures-during-a-%E3%83%8B%E3%83%A5%E3%83%BC%E3%82%B9%E5%86%99%E7%9C%9F/2213651245?adppopup=true https://leadstories.com/hoax-alert/2025/05/fact-check-video-not-clearly-showing-macron-hiding-cocaine-on-train.html https://www.euronews.com/my-europe/2025/05/12/fact-check-macron-merz-and-starmer-targeted-by-russian-cocaine-claims https://www.lemonde.fr/en/les-decodeurs/article/2025/05/12/the-elysee-debunks-rumor-that-president-macron-hid-cocaine_6741180_8.html https://www.theguardian.com/world/2025/may/12/france-derides-russia-false-claim-drug-use-macron-merz-starmer https://www.theguardian.com/world/2025/may/12/france-derides-russia-false-claim-drug-use-macron-merz-starmer https://x.com/i/status/1921672059630870828 https://x.com/i/status/1921857884540829708,False,AFPが公開した高画質動画で確認すると、マクロン氏の手元にあるのは丸めた紙であり、GettyImagesの高精細写真でも折りたたんだ紙状のものであることが確認できる。フランス大統領府は「ただのティッシュ」と説明し、メルツ首相のCDUも同様に否定している。LeadStories、Euronews、Le Monde、The Guardianなど欧州の報道・ファクトチェック機関も「誤り」と判定している。,0,-,-,-,-,-,-,-,-,-,-,-,-,1,True,True,False,True,True
486,https://www.factcheckcenter.jp/fact-check/international/false-macron-merz-cocaine/,2025/5/14,誤り,国際,https://x.com/i/status/1921749837084823727,"テキスト,動画1",2025年5月、マクロン仏大統領、メルツ独首相、スターマー英首相がゼレンスキー大統領と会談するためキーヴを訪問する列車内で撮影のためティッシュごみを払った。,https://www.youtube.com/watch?v=-Sz6cIACfB0,2025年5月、マクロン仏大統領、メルツ独首相、スターマー英首相がゼレンスキー大統領と会談するためキーヴを訪問する列車内で撮影のためティッシュごみを払った。,True,True,https://www.youtube.com/watch?v=-Sz6cIACfB0 https://x.com/i/status/1921566762601967620 https://youtu.be/-Sz6cIACfB0?si=wKmjjHt5QX_pf_sL https://www.gettyimages.co.jp/detail/%E3%83%8B%E3%83%A5%E3%83%BC%E3%82%B9%E5%86%99%E7%9C%9F/britains-prime-minister-keir-starmer-gestures-during-a-%E3%83%8B%E3%83%A5%E3%83%BC%E3%82%B9%E5%86%99%E7%9C%9F/2213651245?adppopup=true https://leadstories.com/hoax-alert/2025/05/fact-check-video-not-clearly-showing-macron-hiding-cocaine-on-train.html https://www.euronews.com/my-europe/2025/05/12/fact-check-macron-merz-and-starmer-targeted-by-russian-cocaine-claims https://www.lemonde.fr/en/les-decodeurs/article/2025/05/12/the-elysee-debunks-rumor-that-president-macron-hid-cocaine_6741180_8.html https://www.theguardian.com/world/2025/may/12/france-derides-russia-false-claim-drug-use-macron-merz-starmer https://www.theguardian.com/world/2025/may/12/france-derides-russia-false-claim-drug-use-macron-merz-starmer https://x.com/i/status/1921672059630870828 https://x.com/i/status/1921857884540829708,True,AFPが公開した高画質動画およびGettyImagesの高精細写真で確認すると、マクロン氏が手で払ったのは折りたたんだ紙状のものであり、ティッシュごみである。フランス大統領府は「ただのティッシュ」と説明し、メルツ首相のCDUも同様に説明している。,0,-,-,-,-,-,-,-,-,-,-,-,-,1,True,False,False,True,False
487,https://www.factcheckcenter.jp/fact-check/health/false-mosquitoes-at-osaka-expo-spread-malaria/,2025/5/21,誤り,医療・健康,https://x.com/i/status/1923919792861479356,テキスト,2025年日本国際博覧会会場にマラリア蚊などの様々なウィルスを持った蚊が発生している。,https://www.asahi.com/articles/AST5N3QN6T5NPTIL018M.html,2025年日本国際博覧会会場に「ユスリカ」が大量発生した。,False,False,https://digital.asahi.com/articles/AST5N3QN6T5NPTIL018M.html?iref=comtop_7_03 https://www.sankei.com/article/20250520-C5SDMWVC2FNJZJPNGEDI27HFQQ/ https://www3.nhk.or.jp/kansai-news/20250521/2000094108.html https://archive.md/GqUq0 https://archive.md/dSpug https://news.yahoo.co.jp/articles/74f9f7eb2e98d232596e9abb45e47837d83a3087 https://www.forth.go.jp/moreinfo/topics/useful_malaria.html,False,万博会場で大量発生しているのは「ユスリカ」であり（朝日新聞、産経新聞、NHK）、ユスリカ研究の第一人者・山本直博士はすべて「シオユスリカ」と確認した。山本氏は「一般的な蚊のように刺される心配もなく、感染症の媒介など大きな実害はない」と説明している（ABCニュース）。マラリアはハマダラカ属の蚊を媒介とする病気であり（厚労省）、ユスリカとは異なる。したがって、マラリア蚊が発生しているという主張は誤りである。,2,False,True,False,False,False,False,-,-,-,-,-,-,0,-,-,-,-,-
488,https://www.factcheckcenter.jp/fact-check/health/false-mosquitoes-at-osaka-expo-spread-malaria/,2025/5/21,誤り,医療・健康,https://x.com/i/status/1923919792861479356,テキスト,2025年日本国際博覧会会場に「ユスリカ」が大量発生した。,https://www.asahi.com/articles/AST5N3QN6T5NPTIL018M.html,2025年日本国際博覧会会場に「ユスリカ」が大量発生した。,False,True,https://digital.asahi.com/articles/AST5N3QN6T5NPTIL018M.html?iref=comtop_7_03 https://www.sankei.com/article/20250520-C5SDMWVC2FNJZJPNGEDI27HFQQ/ https://www3.nhk.or.jp/kansai-news/20250521/2000094108.html https://archive.md/GqUq0 https://archive.md/dSpug https://news.yahoo.co.jp/articles/74f9f7eb2e98d232596e9abb45e47837d83a3087 https://www.forth.go.jp/moreinfo/topics/useful_malaria.html,True,万博会場で大量発生しているのは「ユスリカ」（シオユスリカ）であり（朝日新聞、産経新聞、NHK）、ユスリカ研究の第一人者・山本直博士が確認した。山本氏は「一般的な蚊のように刺される心配もなく、感染症の媒介など大きな実害はない」と説明している（ABCニュース）。,2,False,True,False,False,False,False,-,-,-,-,-,-,0,-,-,-,-,-
489,https://www.factcheckcenter.jp/fact-check/health/false-governors-vaccine-status/,2025/5/23,誤り,医療・健康,https://x.com/i/status/1918928823686422796,"テキスト,画像1",2025年5月時点で全国の知事は新型コロナウィルスワクチン予防接種をしていない。,https://dot.asahi.com/articles/-/36756?page=1,2021年5月時点では、全国の知事は優先接種の対象ではないか、まだ対象になっていないため新型コロナウィルスワクチン予防接種をしていない。,True,False,https://dot.asahi.com/articles/-/36756?page=1 https://www.sankei.com/article/20210823-DX27PSADZ5JETHMMYAUZ26E5EA/ https://www.sankei.com/article/20221105-G46GD2S24FI3RLI2PMOUELVV6U/ https://www.nikkei.com/article/DGXZQOCC198500Z11C22A2000000/ https://mainichi.jp/articles/20220205/ddl/k04/040/033000c https://mainichi.jp/articles/20220221/ddl/k05/040/064000c https://www.asahi.com/articles/ASQCG6TK7QCGUNHB001.html https://www.sankei.com/article/20220530-FCKZBBBLDZK2DOSNJPPXO72ACY/ https://www.asahi.com/articles/ASPCL6VJZPCLUJHB00D.html https://www.shimotsuke.co.jp/articles/-/662607 https://ameblo.jp/ichita-y/entry-12754773960.html https://www.nikkei.com/article/DGXZQOCC146QU0U2A111C2000000/ https://www.nikkei.com/article/DGXZQOCC0196X0R01C22A1000000/ https://www.chibanippo.co.jp/news/national/1118624 https://mainichi.jp/articles/20210611/ddl/k14/040/144000c https://www.nikkei.com/article/DGXZQOCC16CIE0W2A111C2000000/,False,拡散した表は2021年5月のAERA DIGITALの記事に掲載されたもので、医療従事者や高齢者の優先接種期間中のアンケートである。その後、報道や本人のX・ブログなどから、表に掲載された全知事がワクチン接種を行ったことが確認できる。したがって、2025年時点で知事が接種していないという主張は誤りである。,1,False,True,False,-,-,-,-,-,-,-,-,-,0,-,-,-,True,True
490,https://www.factcheckcenter.jp/fact-check/health/false-governors-vaccine-status/,2025/5/23,誤り,医療・健康,https://x.com/i/status/1918928823686422796,"テキスト,画像1",2021年5月時点では、全国の知事は優先接種の対象ではないか、まだ対象になっていないため新型コロナウィルスワクチン予防接種をしていない。,https://dot.asahi.com/articles/-/36756?page=1,2021年5月時点では、全国の知事は優先接種の対象ではないか、まだ対象になっていないため新型コロナウィルスワクチン予防接種をしていない。,True,True,https://dot.asahi.com/articles/-/36756?page=1 https://www.sankei.com/article/20210823-DX27PSADZ5JETHMMYAUZ26E5EA/ https://www.sankei.com/article/20221105-G46GD2S24FI3RLI2PMOUELVV6U/ https://www.nikkei.com/article/DGXZQOCC198500Z11C22A2000000/ https://mainichi.jp/articles/20220205/ddl/k04/040/033000c https://mainichi.jp/articles/20220221/ddl/k05/040/064000c https://www.asahi.com/articles/ASQCG6TK7QCGUNHB001.html https://www.sankei.com/article/20220530-FCKZBBBLDZK2DOSNJPPXO72ACY/ https://www.asahi.com/articles/ASPCL6VJZPCLUJHB00D.html https://www.shimotsuke.co.jp/articles/-/662607 https://ameblo.jp/ichita-y/entry-12754773960.html https://www.nikkei.com/article/DGXZQOCC146QU0U2A111C2000000/ https://www.nikkei.com/article/DGXZQOCC0196X0R01C22A1000000/ https://www.chibanippo.co.jp/news/national/1118624 https://mainichi.jp/articles/20210611/ddl/k14/040/144000c https://www.nikkei.com/article/DGXZQOCC16CIE0W2A111C2000000/,True,拡散した表は2021年5月のAERA DIGITALの記事に掲載されたもので、医療従事者や高齢者の優先接種期間中のアンケートである。2021年5月時点では、知事は優先接種の対象ではないか、まだ対象になっていなかったため、未接種であった。,1,False,False,False,-,-,-,-,-,-,-,-,-,0,-,-,-,True,False
491,https://www.factcheckcenter.jp/fact-check/health/false-after-pill-abortion-without-consent/,2025/5/27,誤り,医療・健康,https://x.com/i/status/1922972685094515149,テキスト,緊急避妊薬は妊婦を中絶させる薬である。,https://www.pharmacy-ec-trial.jp/ec/,緊急避妊薬は妊娠の心配がある性交から72時間以内に服用することで、避妊効果を得る薬である。,NA,False,https://www.pharmacy-ec-trial.jp/ec/ https://www.pharmacy-ec-trial.jp/ https://news.yahoo.co.jp/articles/d97843a7b712c1b4e46b63913574ae898c609204 https://www.nikkei.com/article/DGXZQOUC15BDE0V10C25A5000000/ https://www.yomiuri.co.jp/medical/20250516-OYT1T50157/ https://www.mhlw.go.jp/topics/bukyoku/iyaku/kojinyunyu/050609-1c.html https://www.mhlw.go.jp/stf/seisakunitsuite/bunya/kenkou_iryou/iyakuhin/topics/46201221.html,False,緊急避妊薬は排卵を遅らせて望まない妊娠を防ぐ薬であり、性交後72時間以内に服用することで約8割の確率で避妊できる（緊急避妊薬試験販売information）。妊娠がわかってから中絶させる「経口中絶薬」とは全く異なる薬であり、緊急避妊薬が妊婦を中絶させるという主張は誤りである。,0,-,-,-,-,-,-,-,-,-,-,-,-,0,-,-,-,-,-
492,https://www.factcheckcenter.jp/fact-check/health/false-after-pill-abortion-without-consent/,2025/5/27,誤り,医療・健康,https://x.com/i/status/1922972685094515149,テキスト,緊急避妊薬は妊娠の心配がある性交から72時間以内に服用することで、避妊効果を得る薬である。,https://www.pharmacy-ec-trial.jp/ec/,緊急避妊薬は妊娠の心配がある性交から72時間以内に服用することで、避妊効果を得る薬である。,NA,True,https://www.pharmacy-ec-trial.jp/ec/ https://www.pharmacy-ec-trial.jp/ https://news.yahoo.co.jp/articles/d97843a7b712c1b4e46b63913574ae898c609204 https://www.nikkei.com/article/DGXZQOUC15BDE0V10C25A5000000/ https://www.yomiuri.co.jp/medical/20250516-OYT1T50157/ https://www.mhlw.go.jp/topics/bukyoku/iyaku/kojinyunyu/050609-1c.html https://www.mhlw.go.jp/stf/seisakunitsuite/bunya/kenkou_iryou/iyakuhin/topics/46201221.html,True,緊急避妊薬は排卵を遅らせて望まない妊娠を防ぐ薬であり、性交後72時間以内に服用することで約8割の確率で避妊できる（緊急避妊薬試験販売information）。妊娠がわかってから中絶させる「経口中絶薬」（メフィーゴパック）とは全く異なる薬である。,0,-,-,-,-,-,-,-,-,-,-,-,-,0,-,-,-,-,-
493,https://www.factcheckcenter.jp/fact-check/politics/false-diet-income-tax-2010yen/,2025/5/29,誤り,政治,https://x.com/i/status/1900369205696094491,"テキスト,動画1",国会議員の所得税は月2010円である。,https://www.youtube.com/watch?v=vechTzUjnHc,国会議員の所得税2010円は日割りで3日間の歳費に対するものである。,True,False,https://www.youtube.com/watch?v=vechTzUjnHc https://laws.e-gov.go.jp/law/322AC1000000080,False,拡散した「所得税2010円」は、立花孝志氏が公開した2019年7月分の給与明細に基づくものだが、これは月末3日間の日割り歳費12万5225円に対する所得税である。同氏が公開した8月分の明細では歳費129万4000円に対し所得税23万2860円であり、月額所得税が2010円のみという主張は誤りである。,0,-,-,-,-,-,-,-,-,-,-,-,-,1,True,False,False,True,False
494,https://www.factcheckcenter.jp/fact-check/politics/false-diet-income-tax-2010yen/,2025/5/29,誤り,政治,https://x.com/i/status/1900369205696094491,"テキスト,動画1",国会議員の所得税2010円は日割りで3日間の歳費に対するものである。,https://www.youtube.com/watch?v=vechTzUjnHc,国会議員の所得税2010円は日割りで3日間の歳費に対するものである。,True,True,https://www.youtube.com/watch?v=vechTzUjnHc https://laws.e-gov.go.jp/law/322AC1000000080,True,立花孝志氏が公開した2019年7月分の給与明細によると、7月29日から3日間の日割り歳費12万5225円に対する所得税が2010円であった。同氏の8月分の明細では、月額歳費129万4000円に対し所得税は23万2860円となっている。,0,-,-,-,-,-,-,-,-,-,-,-,-,1,True,True,False,True,True
495,https://www.factcheckcenter.jp/fact-check/politics/inaccurate-early-voting-no-identity-verification/,2025/5/30,不正確,政治,https://x.com/i/status/1923892183029121107,テキスト,選挙の期日前投票では本人確認が行われない。,https://www.soumu.go.jp/main_content/000535497.pdf,選挙の期日前投票では投票日の投票と同様の本人確認が行われる。,NA,False,https://www.soumu.go.jp/senkyo/senkyo_s/news/touhyou/kijitsumae/kijitsumae01.html https://www.soumu.go.jp/main_content/000535497.pdf https://www.shugiin.go.jp/internet/itdb_shitsumon.nsf/html/shitsumon/b216046.htm https://www.soumu.go.jp/senkyo/senkyo_s/naruhodo/naruhodo04.html#chapter2 https://www3.nhk.or.jp/news/special/minnanosenkyo/info_12.html https://www.cao.go.jp/bunken-suishin/teianbosyu/doc/tb_h30fu_06mic_24.pdf https://www.city.ayase.kanagawa.jp/soshiki/hishokohoka/pressrelease/press_24/18724.html https://www.sankei.com/article/20241027-4YT6CQ35QRIQRDFIIBDATUZJEM/?outputType=theme_election2024 https://www.soumu.go.jp/main_content/000856061.pdf https://www.soumu.go.jp/main_content/000806351.pdf,False,期日前投票でも投票日の投票と同様に、選挙管理委員会が選挙人名簿と照合して本人確認を行う（総務省「期日前投票制度の概要」「投開票の基本的な流れ」）。投票所入場券がない場合でも、氏名・住所の確認やマイナンバーカード・運転免許証等の提示による本人確認が行われる（総務省「投票」、NHK）。したがって、期日前投票では本人確認が行われないという主張は誤りである。,0,-,-,-,-,-,-,-,-,-,-,-,-,0,-,-,-,-,-
496,https://www.factcheckcenter.jp/fact-check/politics/inaccurate-early-voting-no-identity-verification/,2025/5/30,不正確,政治,https://x.com/i/status/1923892183029121107,テキスト,選挙の期日前投票では投票日の投票と同様の本人確認が行われる。,https://www.soumu.go.jp/main_content/000535497.pdf,選挙の期日前投票では投票日の投票と同様の本人確認が行われる。,NA,True,https://www.soumu.go.jp/senkyo/senkyo_s/news/touhyou/kijitsumae/kijitsumae01.html https://www.soumu.go.jp/main_content/000535497.pdf https://www.shugiin.go.jp/internet/itdb_shitsumon.nsf/html/shitsumon/b216046.htm https://www.soumu.go.jp/senkyo/senkyo_s/naruhodo/naruhodo04.html#chapter2 https://www3.nhk.or.jp/news/special/minnanosenkyo/info_12.html https://www.cao.go.jp/bunken-suishin/teianbosyu/doc/tb_h30fu_06mic_24.pdf https://www.city.ayase.kanagawa.jp/soshiki/hishokohoka/pressrelease/press_24/18724.html https://www.sankei.com/article/20241027-4YT6CQ35QRIQRDFIIBDATUZJEM/?outputType=theme_election2024 https://www.soumu.go.jp/main_content/000856061.pdf https://www.soumu.go.jp/main_content/000806351.pdf,True,期日前投票でも投票日の投票と同様に、選挙管理委員会が選挙人名簿と照合して本人確認を行う（総務省「期日前投票制度の概要」「投開票の基本的な流れ」）。投票所入場券がない場合でも、氏名・住所の確認やマイナンバーカード・運転免許証等の本人確認書類の提示が求められる（総務省「投票」、NHK）。,0,-,-,-,-,-,-,-,-,-,-,-,-,0,-,-,-,-,-
497,https://www.factcheckcenter.jp/fact-check/politics/false-additional-taxation-on-commuting-allowance/,2025/6/5,誤り,政治,https://x.com/i/status/1917700229127889086,"テキスト,画像1",2025年6月、政府が通勤手当に課税する。,https://www.gov-online.go.jp/prg/prg27091.html,政府税調の答申において、通勤手当については、あくまで、主な非課税所得の例示として記載しているにすぎず、具体的な見直しの方向性を指摘しているものではない。,True,False,https://www.nta.go.jp/taxes/shiraberu/taxanswer/gensen/2582.htm https://www.gov-online.go.jp/prg/prg27091.html https://www.sankei.com/article/20230725-7OM2DKTMBJOFFP4MQSENTXOW2Y/ https://www.tokyo-np.co.jp/article/266615,False,通勤手当は現行制度で一定の限度額（月15万円）まで非課税であり、多くの人の通勤手当は非課税である（国税庁）。拡散の発端となった国会質問は、社会保険料の計算上の取り扱いに関するもので、新たな課税を議論したものではない。政府はこれまでに通勤手当への新たな課税を複数回否定しており（松野官房長官2023年7月、岸田首相2023年7月）、2025年6月時点で新たに課税するという情報や報道はない。したがって、政府が通勤手当に課税するという主張は誤りである。,1,False,False,False,-,-,-,-,-,-,-,-,-,0,-,-,-,True,False
498,https://www.factcheckcenter.jp/fact-check/politics/false-additional-taxation-on-commuting-allowance/,2025/6/5,誤り,政治,https://x.com/i/status/1917700229127889086,"テキスト,画像1",2025年6月時点、政府が通勤手当に課税する予定はない。,https://www.gov-online.go.jp/prg/prg27091.html,政府税調の答申において、通勤手当については、あくまで、主な非課税所得の例示として記載しているにすぎず、具体的な見直しの方向性を指摘しているものではない。,True,True,https://www.nta.go.jp/taxes/shiraberu/taxanswer/gensen/2582.htm https://www.gov-online.go.jp/prg/prg27091.html https://www.sankei.com/article/20230725-7OM2DKTMBJOFFP4MQSENTXOW2Y/ https://www.tokyo-np.co.jp/article/266615,True,通勤手当は現行制度で一定の限度額（月15万円）まで非課税であり、多くの人の通勤手当は非課税である（国税庁）。政府はこれまでに通勤手当への新たな課税を複数回否定しており（松野官房長官2023年7月、岸田首相2023年7月）、2025年6月時点で新たに課税する予定はない。,1,False,True,False,-,-,-,-,-,-,-,-,-,0,-,-,-,True,True
499,https://www.factcheckcenter.jp/fact-check/health/false_singapore_vaccine_crime/,2025/6/11,誤り,医療・健康,https://x.com/i/status/1921818120743977395,テキスト,2025年5月、シンガポールでは、国が義務付けたワクチン接種を拒否すると犯罪になる。,https://factcheck.afp.com/doc.afp.com.48HB6WD,シンガポール感染症法では、保健局長が、感染症の発生が差し迫っている場合、かつ公共の安全を確保するために必要または適切である場合「その病気に対して保護されていない、またはワクチン接種を受けていないあらゆる個人または集団にワクチン接種を受けるよう指示できる、と規定されている。,False,False,https://sso.agc.gov.sg/ https://sso.agc.gov.sg/Act/IDA1976?WholeDoc=1 https://sso.agc.gov.sg/Act/IDA1976?WholeDoc=1 https://sso.agc.gov.sg/Act/IDA1976?WholeDoc=1 https://www.bbc.com/news/52847648 https://philanthropyasiaalliance.org/events/info/philanthropy-asia-summit-2025#-pas-2025--priming-asia-for-good https://www.forbes.com/sites/jonathanburgos/2025/05/05/gates-foundation-opening-singapore-office-to-deepen-southeast-asia-partnerships/ https://www.straitstimes.com/singapore/gates-foundation-to-open-office-in-singapore https://www.moh.gov.sg/newsroom/clarifications-on-false-claims--covid-19-autopsy-and-vaccination-laws-in-singapore https://factcheck.afp.com/doc.afp.com.48HB6WD https://factcheck.afp.com/doc.afp.com.48HB6WD,False,シンガポールの1976年感染症法は、感染症の流行が差し迫っている、かつ公共の安全を確保するために必要または適切な場合に限りワクチン接種を命じることができると定めており、常時義務化はされていない。シンガポール保健省は、ビル・ゲイツ氏の2025年5月の訪問後にワクチン接種に関する新たな法律は制定されていないと否定している。AFP通信もこの言説を「誤り」と判定している。,1,False,True,False,-,-,-,-,-,-,-,-,-,0,-,-,-,-,-
500,https://www.factcheckcenter.jp/fact-check/health/false_singapore_vaccine_crime/,2025/6/11,誤り,医療・健康,https://x.com/i/status/1921818120743977395,テキスト,シンガポールの「1976年感染症法」には、感染症の流行が差し迫っている、かつ公共の安全を確保するために必要または適切である場合、ワクチン接種を義務づけ、違反者には罰金刑や懲役刑を科す条文がある。,https://factcheck.afp.com/doc.afp.com.48HB6WD,シンガポール感染症法では、保健局長が、感染症の発生が差し迫っている場合、かつ公共の安全を確保するために必要または適切である場合「その病気に対して保護されていない、またはワクチン接種を受けていないあらゆる個人または集団にワクチン接種を受けるよう指示できる、と規定されている。,False,True,https://sso.agc.gov.sg/ https://sso.agc.gov.sg/Act/IDA1976?WholeDoc=1 https://sso.agc.gov.sg/Act/IDA1976?WholeDoc=1 https://sso.agc.gov.sg/Act/IDA1976?WholeDoc=1 https://www.bbc.com/news/52847648 https://philanthropyasiaalliance.org/events/info/philanthropy-asia-summit-2025#-pas-2025--priming-asia-for-good https://www.forbes.com/sites/jonathanburgos/2025/05/05/gates-foundation-opening-singapore-office-to-deepen-southeast-asia-partnerships/ https://www.straitstimes.com/singapore/gates-foundation-to-open-office-in-singapore https://www.moh.gov.sg/newsroom/clarifications-on-false-claims--covid-19-autopsy-and-vaccination-laws-in-singapore https://factcheck.afp.com/doc.afp.com.48HB6WD https://factcheck.afp.com/doc.afp.com.48HB6WD,True,シンガポールの1976年感染症法は、感染症の流行が差し迫っている、かつ公共の安全を確保するために必要または適切な場合に限り、ワクチン接種を命じることができると定めている。命令違反には初犯で1万シンガポールドル以下の罰金または6か月以下の懲役、再犯以降は2万シンガポールドル以下の罰金または12か月以下の懲役が科せられる。,1,False,True,False,-,-,-,-,-,-,-,-,-,0,-,-,-,-,-
501,https://www.factcheckcenter.jp/fact-check/international/false-deepfake-telaviv-airport-video/,2025/6/19,誤り,国際,https://x.com/i/status/1933930994127843370,"テキスト,動画1",2025年6月15日に投稿された動画は、イスラエルのテルアビブ空港の様子である。,https://x.com/i/status/1934232828293898259,赤丸の部分の照明が急に設置されるなどあり得ないので、AIで作成された動画ということがわかる。,False,False,https://www.instagram.com/p/DKJaiQVo7zj/,False,拡散した動画の空港ターミナルビルは直線でボーディング・ブリッジが横並びだが、実際のベングリオン国際空港のターミナルビルは円形でブリッジは放射状であり、一致しない。動画には照明が突然現れるなどAI生成の特徴があり、同じアカウントの他の投稿にも乗り物が途中で消えるAI生成特有の映像が多数ある。また、同内容の動画はイランによる攻撃の20日前にInstagramに投稿されており、テルアビブ空港の映像ではない。,0,-,-,-,-,-,-,-,-,-,-,-,-,1,True,True,True,True,True
502,https://www.factcheckcenter.jp/fact-check/international/false-deepfake-telaviv-airport-video/,2025/6/19,誤り,国際,https://x.com/i/status/1933930994127843370,"テキスト,動画1",2025年6月15日に投稿された動画は、AIで作成された動画である。,https://x.com/i/status/1934232828293898259,赤丸の部分の照明が急に設置されるなどあり得ないので、AIで作成された動画ということがわかる。,False,True,https://www.instagram.com/p/DKJaiQVo7zj/,True,拡散した動画には照明が突然現れるなどAI生成の特徴がある。同じアカウントの過去の投稿にも乗り物が途中で消えるAI生成特有の映像が多数あり、AI生成の可能性が高い。また、同内容がイランによる攻撃の20日前（2025年5月27日）にInstagramに投稿されていた。,0,-,-,-,-,-,-,-,-,-,-,-,-,1,True,False,True,True,False
503,https://www.factcheckcenter.jp/fact-check/politics/false-tokyo-shimbun-tomin-first-votefraud/,2025/6/27,誤り,政治,https://x.com/i/status/1938366552648388794,"テキスト,動画1",2025年6月24日に東京新聞デジタルが都議選の開票不正を報じた。,https://www.tokyo-np.co.jp/senkyo/togisen2025?ref=gnb_pc_lv1,東京新聞は、2025年の都議選に関する記事を特設ページでまとめているが、6月24日に投稿された記事に、集計機の不具合や不正集計に関する記事はない。,True,False,https://www.nhk.or.jp/shutoken/articles/101/024/80/ https://www.tokyo-np.co.jp/senkyo/togisen2025?ref=gnb_pc_lv1 https://www.tokyo-np.co.jp/article/414356?rct=togisen2025 https://x.com/i/status/1938481309971857530,False,東京新聞の都議選特設ページを確認すると、6月24日に投稿された記事6本の中に集計機の不具合や不正集計に関する記事はない。東京新聞は25日に開票の公正性を疑問視する投稿を検証し否定する記事を配信している。東京都選挙管理委員会も「公職選挙法に則り、候補者が選んだ立会人による立ち会いのもと適正に行われているため、不正が行われることはありません」と声明を出しており、東京新聞が開票不正を報じたという主張は誤りである。,0,-,-,-,-,-,-,-,-,-,-,-,-,1,True,False,False,NA,False
504,https://www.factcheckcenter.jp/fact-check/politics/false-tokyo-shimbun-tomin-first-votefraud/,2025/6/27,誤り,政治,https://x.com/i/status/1938366552648388794,"テキスト,動画1",2025年6月24日に東京新聞デジタルが都議選の開票不正を報じていない。,https://www.tokyo-np.co.jp/senkyo/togisen2025?ref=gnb_pc_lv1,東京新聞は、2025年の都議選に関する記事を特設ページでまとめているが、6月24日に投稿された記事に、集計機の不具合や不正集計に関する記事はない。,True,True,https://www.nhk.or.jp/shutoken/articles/101/024/80/ https://www.tokyo-np.co.jp/senkyo/togisen2025?ref=gnb_pc_lv1 https://www.tokyo-np.co.jp/article/414356?rct=togisen2025 https://x.com/i/status/1938481309971857530,True,東京新聞の都議選特設ページを確認すると、6月24日に投稿された記事6本の中に集計機の不具合や不正集計に関する記事はない。東京都選挙管理委員会も「公職選挙法に則り、候補者が選んだ立会人による立ち会いのもと適正に行われている」と声明を出している。,0,-,-,-,-,-,-,-,-,-,-,-,-,1,True,True,False,NA,True
505,https://www.factcheckcenter.jp/fact-check/politics/false-sanseito-unification-church/,2025/6/27,誤り,政治,https://x.com/i/status/1936937469762801827,"テキスト,画像1",2025年6月23日に投稿された画像は、参政党が統一教会前で撮影した集合写真である。,https://ameblo.jp/mission-navi/image-12897898756-15579932737.html,投稿された画像は、政治団体「龍馬プロジェクト」のメンバーが靖国神社で撮影した写真と、世界平和統一家庭連合の施設の外観の画像を合成したフェイク画像である。,True,False,https://ameblo.jp/mission-navi/entry-12897898756.html https://ameblo.jp/mission-navi/image-12897898756-15579932737.html,False,拡散した画像には、人物と背景のピント不一致、遠近感の欠如、人物の半透明化など不自然な点が多い。アメーバブログの写真（「靖国神社参拝と『龍馬プロジェクト総会』」）と比較すると、人物の並び順や立ち姿が一致しており、元画像は政治団体「龍馬プロジェクト」が靖国神社を訪れた際の集合写真である。拡散した画像は、この写真と世界平和統一家庭連合の施設の背景を合成したものであり、参政党が統一教会前で撮影した集合写真ではない。,3,True,True,False,False,True,False,False,True,False,-,-,-,0,-,-,-,True,True
506,https://www.factcheckcenter.jp/fact-check/politics/false-sanseito-unification-church/,2025/6/27,誤り,政治,https://x.com/i/status/1936937469762801827,"テキスト,画像1",投稿された画像は、参政党が統一教会前で撮影した集合写真のフェイク画像である。,https://ameblo.jp/mission-navi/image-12897898756-15579932737.html,投稿された画像は、政治団体「龍馬プロジェクト」のメンバーが靖国神社で撮影した写真と、世界平和統一家庭連合の施設の外観の画像を合成したフェイク画像である。,True,True,https://ameblo.jp/mission-navi/entry-12897898756.html https://ameblo.jp/mission-navi/image-12897898756-15579932737.html,True,アメーバブログの写真（「靖国神社参拝と『龍馬プロジェクト総会』」）と比較すると、人物の並び順や立ち姿が一致しており、元画像は政治団体「龍馬プロジェクト」が靖国神社を訪れた際の集合写真である。拡散した画像は、この写真と世界平和統一家庭連合の施設の背景を合成したフェイク画像である。,3,True,False,False,False,False,False,False,False,False,-,-,-,0,-,-,-,True,False
507,https://www.factcheckcenter.jp/fact-check/politics/false-sanseito-unification-church/,2025/6/27,誤り,政治,https://x.com/i/status/1936254370196394443,画像1,2025年6月21日に投稿された画像は、参政党が統一教会前で撮影した集合写真である。,https://ameblo.jp/mission-navi/image-12897898756-15579932737.html,投稿された画像は、政治団体「龍馬プロジェクト」のメンバーが靖国神社で撮影した写真と、世界平和統一家庭連合の施設の外観の画像を合成したフェイク画像である。,True,False,https://ameblo.jp/mission-navi/entry-12897898756.html https://ameblo.jp/mission-navi/image-12897898756-15579932737.html,False,拡散した画像には、人物と背景のピント不一致、遠近感の欠如、人物の半透明化など不自然な点が多い。アメーバブログの写真（「靖国神社参拝と『龍馬プロジェクト総会』」）と比較すると、人物の並び順や立ち姿が一致しており、元画像は政治団体「龍馬プロジェクト」が靖国神社を訪れた際の集合写真である。拡散した画像は、この写真と世界平和統一家庭連合の施設の背景を合成したものであり、参政党が統一教会前で撮影した集合写真ではない。,1,True,True,False,-,-,-,-,-,-,-,-,-,0,-,-,-,True,True
508,https://www.factcheckcenter.jp/fact-check/politics/false-sanseito-unification-church/,2025/6/27,誤り,政治,https://x.com/i/status/1936254370196394443,画像1,投稿された画像は、参政党が統一教会前で撮影した集合写真のフェイク画像である。,https://ameblo.jp/mission-navi/image-12897898756-15579932737.html,投稿された画像は、政治団体「龍馬プロジェクト」のメンバーが靖国神社で撮影した写真と、世界平和統一家庭連合の施設の外観の画像を合成したフェイク画像である。,True,True,https://ameblo.jp/mission-navi/entry-12897898756.html https://ameblo.jp/mission-navi/image-12897898756-15579932737.html,True,アメーバブログの写真（「靖国神社参拝と『龍馬プロジェクト総会』」）と比較すると、人物の並び順や立ち姿が一致しており、元画像は政治団体「龍馬プロジェクト」が靖国神社を訪れた際の集合写真である。拡散した画像は、この写真と世界平和統一家庭連合の施設の背景を合成したフェイク画像である。,1,True,False,False,-,-,-,-,-,-,-,-,-,0,-,-,-,True,False
509,https://www.factcheckcenter.jp/fact-check/politics/false-election-fraud-in-hachioji/,2025/7/1,誤り,政治,https://x.com/i/status/1938253274853048764,"テキスト,動画1",2025年の東京都議選八王子選挙区で出口調査と投票結果が異なっているため、不正選挙である。,https://news.web.nhk/newsweb/na/nb-1000118801,NHKは、6月22日に有権者の投票行動や政治意識を探るため出口調査を行ったが、有権者のおよそ15.3%にあたる期日前投票分については、調査結果に含まれていない。,True,False,https://www3.nhk.or.jp/shutoken-news/20250622/1000118801.html https://digital.asahi.com/articles/AST6W1HJQT6WUZPS03PM.html https://www.nhk.or.jp/senkyo/database/togisen/2025/exitpoll/ https://www.senkyo.metro.tokyo.lg.jp/documents/d/senkyo/r07togi_kaihyo_uchiwake,False,出口調査と開票結果が異なるのは一般的であり、NHKも「期日前投票は調査結果に含まれていない」と説明している。開票速報の得票数停止は、票の束が終盤になると積み上がりにくくなるためであり、八王子市選管も「開票が止まって見えるのはそうした事情」と説明している。無効投票率は1.14%で全選挙区平均1.58%より低く、八王子市選管も「不正はなかった」としている。したがって、不正選挙との主張は根拠がない。,0,-,-,-,-,-,-,-,-,-,-,-,-,1,False,False,False,NA,False
510,https://www.factcheckcenter.jp/fact-check/politics/false-election-fraud-in-hachioji/,2025/7/1,誤り,政治,https://x.com/i/status/1938253274853048764,"テキスト,動画1",出口調査では、本当のことを答えない人もいたり、期日前投票分が反映されないことから、2025年の東京都議選八王子選挙区で出口調査と投票結果が異なっているが、不正選挙とは言えない。,https://news.web.nhk/newsweb/na/nb-1000118801,NHKは、6月22日に有権者の投票行動や政治意識を探るため出口調査を行ったが、有権者のおよそ15.3%にあたる期日前投票分については、調査結果に含まれていない。,True,True,https://www3.nhk.or.jp/shutoken-news/20250622/1000118801.html https://digital.asahi.com/articles/AST6W1HJQT6WUZPS03PM.html https://www.nhk.or.jp/senkyo/database/togisen/2025/exitpoll/ https://www.senkyo.metro.tokyo.lg.jp/documents/d/senkyo/r07togi_kaihyo_uchiwake,True,出口調査は期日前投票を含まず、回答拒否もあるため開票結果と異なるのは一般的である（NHK）。八王子市の無効投票率は1.14%で全選挙区平均1.58%より低く、2021年都議選の3047票より少ない2598票であった（都選管）。八王子市選管も「不正はなかった」としている。,0,-,-,-,-,-,-,-,-,-,-,-,-,1,False,True,False,NA,True
511,https://www.factcheckcenter.jp/fact-check/politics/false-chinese-tourists-visa-requirements-lifted/,2025/7/2,誤り,政治,https://x.com/i/status/1939546721077653992,テキスト,日本政府が中国人観光客に対する75歳以上のビザ申請要件を撤廃した。,https://www.cn.emb-japan.go.jp/itpr_ja/visa.html,日本政府は、中国人観光客に対する75歳以上のビザ申請要件を撤廃していない。,True,False,https://www.cn.emb-japan.go.jp/itpr_ja/visa.html https://www.mofa.go.jp/mofaj/toko/visa/topics/china.html https://www.mofa.go.jp/mofaj/toko/visa/medical/organizar.html https://www.nikkei.com/article/DGXZQOUA245OH0U4A221C2000000/ https://www3.nhk.or.jp/news/html/20241225/k10014678881000.html https://www.sankei.com/article/20250101-MSFKEGH7ZFEPFOHB3EGRYTMSKQ/ https://news.yahoo.co.jp/articles/915aa00d684c7fcf4495b239dd6707c7c167467b https://www.shugiin.go.jp/internet/itdb_kaigiroku.nsf/html/kaigiroku/000521720250416007.htm,False,外務省のサイトによると、中国籍の個人観光ビザの要件に年齢や同伴者、健康診断書に関する記載はない（外務省「中国団体観光・個人観光ビザ」）。岩屋外相が2024年12月に表明したビザ緩和措置は自民党内の反発により2025年7月1日現在実施されていない（日経新聞、NHK、産経新聞）。また、岩屋外相は「観光査証の免除」という発言を「緩和」に訂正している。したがって、75歳以上のビザ申請要件を撤廃したという主張は誤りである。,0,-,-,-,-,-,-,-,-,-,-,-,-,0,-,-,-,-,-
512,https://www.factcheckcenter.jp/fact-check/politics/false-chinese-tourists-visa-requirements-lifted/,2025/7/2,誤り,政治,https://x.com/i/status/1939546721077653992,テキスト,日本政府は、中国人観光客に対する75歳以上のビザ申請要件を撤廃していない。,https://www.cn.emb-japan.go.jp/itpr_ja/visa.html,日本政府は、中国人観光客に対する75歳以上のビザ申請要件を撤廃していない。,True,True,https://www.cn.emb-japan.go.jp/itpr_ja/visa.html https://www.mofa.go.jp/mofaj/toko/visa/topics/china.html https://www.mofa.go.jp/mofaj/toko/visa/medical/organizar.html https://www.nikkei.com/article/DGXZQOUA245OH0U4A221C2000000/ https://www3.nhk.or.jp/news/html/20241225/k10014678881000.html https://www.sankei.com/article/20250101-MSFKEGH7ZFEPFOHB3EGRYTMSKQ/ https://news.yahoo.co.jp/articles/915aa00d684c7fcf4495b239dd6707c7c167467b https://www.shugiin.go.jp/internet/itdb_kaigiroku.nsf/html/kaigiroku/000521720250416007.htm,True,外務省のサイトによると、中国籍の個人観光ビザの要件に年齢や同伴者、健康診断書に関する記載はない（外務省「中国団体観光・個人観光ビザ」）。2025年7月1日現在、岩屋外相が2024年12月に表明したビザ緩和措置は実施されていない。,0,-,-,-,-,-,-,-,-,-,-,-,-,0,-,-,-,-,-
513,https://www.factcheckcenter.jp/fact-check/health/baseless-exposition-pneumonia-class-closure/,2025/7/2,根拠不明,医療・健康,https://x.com/i/status/1930945007919489206,テキスト,2025年5月に大阪万博の会場でレジオネラ菌入り殺虫剤をまいたため、万博会場を訪れた子供たちに肺炎が流行している。,https://www.expo2025.or.jp/news/news-20250620-04/,2025年の大阪万博会場のウォータープラザでレジオネラ属菌が検出されたが、『レジオネラ症防止指針』の指針値を超えて存在していないことを確認した。,False,False,https://www.mhlw.go.jp/stf/newpage_00393.html https://www.nikkei.com/article/DGXZQOUC22AZB0S5A520C2000000/ https://news.yahoo.co.jp/articles/312d8127cea85808682e6afc5dde7daceed557f8 https://www3.nhk.or.jp/news/html/20250605/k10014826261000.html https://www.yomiuri.co.jp/expo2025/20250609-OYT1T50151/ https://www.expo2025.or.jp/news/news-20250620-04/ https://www.iph.pref.osaka.jp/zensu/20210128104503.html https://laws.e-gov.go.jp/law/333AC0000000056#Mp-Ch_2-Se_4-At_19,False,レジオネラ属菌は河川や土壌などに生息する細菌であり、殺虫剤の成分ではない（厚労省）。万博協会は「レジオネラ属菌は『レジオネラ症防止指針』の指針値を超えて存在していない」と公表し、来場者や関係者に健康被害は確認されていない。大阪府感染症情報センターのデータでも、2025年4〜6月のレジオネラ症報告数は前年同期比で増えておらず、大阪近辺の小中学校で例年より多い学級閉鎖が見られるという報道もない。したがって、レジオネラ菌入り殺虫剤による肺炎流行という主張は誤りである。,4,False,False,False,False,False,False,False,False,False,False,False,False,0,-,-,-,-,-
514,https://www.factcheckcenter.jp/fact-check/health/baseless-exposition-pneumonia-class-closure/,2025/7/2,根拠不明,医療・健康,https://x.com/i/status/1930945007919489206,テキスト,2025年の大阪万博会場のウォータープラザでレジオネラ属菌が検出されたが、『レジオネラ症防止指針』の指針値を超えて存在していないことを確認した。,https://www.expo2025.or.jp/news/news-20250620-04/,2025年の大阪万博会場のウォータープラザでレジオネラ属菌が検出されたが、『レジオネラ症防止指針』の指針値を超えて存在していないことを確認した。,False,True,https://www.mhlw.go.jp/stf/newpage_00393.html https://www.nikkei.com/article/DGXZQOUC22AZB0S5A520C2000000/ https://news.yahoo.co.jp/articles/312d8127cea85808682e6afc5dde7daceed557f8 https://www3.nhk.or.jp/news/html/20250605/k10014826261000.html https://www.yomiuri.co.jp/expo2025/20250609-OYT1T50151/ https://www.expo2025.or.jp/news/news-20250620-04/ https://www.iph.pref.osaka.jp/zensu/20210128104503.html https://laws.e-gov.go.jp/law/333AC0000000056#Mp-Ch_2-Se_4-At_19,True,万博会場のウォータープラザでレジオネラ属菌が検出されたのは事実だが、万博協会は「レジオネラ症防止指針の指針値を超えて存在していない」と公表している。来場者や関係者にレジオネラ属菌による健康被害は確認されていない。,4,False,False,False,False,False,False,False,False,False,False,False,False,0,-,-,-,-,-
515,https://www.factcheckcenter.jp/fact-check/politics/false-election-rigged/,2025/7/7,誤り,政治,https://x.com/i/status/1941467987090997622,"テキスト,動画1",2015年の大阪府知事選挙・大阪府議会議員選挙は、株式会社ムサシの自動集票システムを使用して不正が行われた。,https://www.factcheckcenter.jp/fact-check/politics/false-claim-abe-major-shareholder-vote-machine/,株式会社ムサシの自動集票システムは表を書き換えたり差し替えたりする機能はなく、人の目でも確認できるため不正を行えない。,True,False,https://www.musashinet.co.jp/ir/docs/data/yuho2025_4q.pdf https://www.youtube.com/watch?v=pYtdxvYHYJ8 https://www.city.osaka.lg.jp/senkyo/page/0000634922.html https://navi.fij.info/saninsen2025/,False,株式会社ムサシの集票システムには票を書き換えたり差し替えたりする機能はない。開票所には選挙管理委員会の担当者や各陣営の立会人、記者など多数の監視の目があり、不正を行える状況にはない。したがって、ムサシの集票システムで不正が行われたという主張は根拠がない。,0,-,-,-,-,-,-,-,-,-,-,-,-,1,True,False,False,NA,False
516,https://www.factcheckcenter.jp/fact-check/politics/false-election-rigged/,2025/7/7,誤り,政治,https://x.com/i/status/1941467987090997622,"テキスト,動画1",株式会社ムサシの自動集票システムは表を書き換えたり差し替えたりする機能はなく、人の目でも確認できるため不正を行えない。,https://www.factcheckcenter.jp/fact-check/politics/false-claim-abe-major-shareholder-vote-machine/,株式会社ムサシの自動集票システムは表を書き換えたり差し替えたりする機能はなく、人の目でも確認できるため不正を行えない。,True,True,https://www.musashinet.co.jp/ir/docs/data/yuho2025_4q.pdf https://www.youtube.com/watch?v=pYtdxvYHYJ8 https://www.city.osaka.lg.jp/senkyo/page/0000634922.html https://navi.fij.info/saninsen2025/,True,株式会社ムサシの集票システムには票を書き換えたり差し替えたりする機能はなく、開票所には選挙管理委員会の担当者や各陣営の立会人、記者など多数の監視の目がある。,0,-,-,-,-,-,-,-,-,-,-,-,-,1,True,True,False,NA,True
517,https://www.factcheckcenter.jp/fact-check/politics/false-tanabata-reiwa-tanzaku/,2025/7/8,誤り,政治,https://x.com/i/status/1942056682651254901,画像1,2025年7月7日に投稿された画像は、「ママのれいわ脳が早くなおりますように」と書かれた短冊の画像である。,https://mito.keizai.biz/headline/1501/,2025年7月7日に投稿された「ママのれいわ脳が早くなおりますように」と書かれた短冊の画像は、2020年に水戸経済新聞が掲載した画像を加工したものである。,True,False,https://mito.keizai.biz/headline/1501/,False,Googleレンズで画像を検索すると、2020年7月7日に水戸経済新聞が掲載した記事の画像と、短冊の結び方や背景が一致する（水戸経済新聞「新型コロナウイルス感染拡大の終息を願う短冊」）。元画像は茨城県ひたちなか市の勝田駅で撮影されたもので、短冊には「小学校卒業までにコロナウィルスが終息していますように」と書かれている。右下には水戸経済新聞の透かしも入っている。したがって、拡散した画像は元画像の文字を加工したものであり、「ママのれいわ脳が早くなおりますように」とは書かれていない。,1,True,True,False,-,-,-,-,-,-,-,-,-,0,-,-,-,True,True
518,https://www.factcheckcenter.jp/fact-check/politics/false-tanabata-reiwa-tanzaku/,2025/7/8,誤り,政治,https://x.com/i/status/1942056682651254901,画像1,2025年7月7日に投稿された「ママのれいわ脳が早くなおりますように」と書かれた短冊の画像は、2020年に水戸経済新聞が掲載した画像を加工したものである。,https://mito.keizai.biz/headline/1501/,2025年7月7日に投稿された「ママのれいわ脳が早くなおりますように」と書かれた短冊の画像は、2020年に水戸経済新聞が掲載した画像を加工したものである。,True,True,https://mito.keizai.biz/headline/1501/,True,Googleレンズで画像を検索すると、2020年7月7日に水戸経済新聞が掲載した記事の画像と一致する（水戸経済新聞「新型コロナウイルス感染拡大の終息を願う短冊」）。元画像は茨城県ひたちなか市の勝田駅で撮影され、短冊には「小学校卒業までにコロナウィルスが終息していますように」と書かれており、右下には水戸経済新聞の透かしが入っている。,1,True,False,False,-,-,-,-,-,-,-,-,-,0,-,-,-,True,False
519,https://www.factcheckcenter.jp/fact-check/politics/false-koizumi-noda-budget/,2025/7/8,誤り,政治,https://x.com/i/status/1940742362332078461,"テキスト,画像1",2025年7月3日参議院選挙公示日に立憲民主党・野田佳彦代表が、農林水産省の予算を10倍にすると演説した。,https://news.web.nhk/newsweb/na/na-k10014851881000,2025年7月3日参議院選挙公示日に立憲民主党・野田佳彦代表は、新規就農予算10倍にすると演説した。,True,False,https://www3.nhk.or.jp/news/html/20250703/k10014851881000.html https://cdp-japan.jp/election2025/visions/environmental_energy/ https://cdp-japan.jp/news/20250530_9298 https://www.asahi.com/articles/AST743HKNT74UTFK00ZM.html https://litmus-factcheck.jp/2025/07/4957/,False,NHKの演説動画を確認すると、野田氏は「新規就農にもっと力を入れて、もっと農業人口が増えるように、われわれは予算を10倍にしたい」と述べており、農林水産省全体の予算を10倍にするとは発言していない。立憲民主党も参院選公約で「就農支援の資金を10倍に強化・拡充」と明記している。野田氏自身も「今の農業予算は約2兆2千億円、その10倍は22兆円。言うわけない」と否定している（朝日新聞）。したがって、農林水産省の予算を10倍にすると演説したという主張は誤りである。,1,False,True,False,-,-,-,-,-,-,-,-,-,0,-,-,-,True,True
520,https://www.factcheckcenter.jp/fact-check/politics/false-koizumi-noda-budget/,2025/7/8,誤り,政治,https://x.com/i/status/1940742362332078461,"テキスト,画像1",2025年7月3日参議院選挙公示日に立憲民主党・野田佳彦代表は、新規就農予算10倍にすると演説した。,https://news.web.nhk/newsweb/na/na-k10014851881000,2025年7月3日参議院選挙公示日に立憲民主党・野田佳彦代表は、新規就農予算10倍にすると演説した。,True,True,https://www3.nhk.or.jp/news/html/20250703/k10014851881000.html https://cdp-japan.jp/election2025/visions/environmental_energy/ https://cdp-japan.jp/news/20250530_9298 https://www.asahi.com/articles/AST743HKNT74UTFK00ZM.html https://litmus-factcheck.jp/2025/07/4957/,True,NHKの演説動画を確認すると、野田氏は「新規就農にもっと力を入れて、もっと農業人口が増えるように、われわれは予算を10倍にしたい」と述べている。立憲民主党も参院選公約で「就農支援の資金を10倍に強化・拡充」と明記し、新規就農対策として総額2500億円の対策を公表している。,1,False,False,False,-,-,-,-,-,-,-,-,-,0,-,-,-,True,False
521,https://www.factcheckcenter.jp/fact-check/politics/false-foreigners-welfare-33percent/,2025/7/14,誤り,政治,https://x.com/i/status/1901904623679709662,"テキスト,画像1,画像2",2024年12月時点で生活保護を受けている約165万世帯のうち、外国人世帯は約56万世帯で全体の約3分の1を占めている。,https://www.e-stat.go.jp/stat-search/files?page=1&query=%E4%B8%96%E5%B8%AF%E4%B8%BB%E3%81%8C%E5%A4%96%E5%9B%BD%E7%B1%8D%E3%81%AE%E8%A2%AB%E4%BF%9D%E8%AD%B7%E4%B8%96%E5%B8%AF%E6%95%B0%E3%80%81%E4%B8%96%E5%B8%AF%E4%B8%BB%E3%81%AE%E5%9B%BD%E7%B1%8D%E5%88%A5&sort=open_date%20desc&layout=dataset&stat_infid=000040267071&metadata=1&data=1,2023年7月末の生活保護受給世帯数は162万6263世帯のうち外国籍は4万5973世帯で全体の約2.8％である。,False,False,http://nippon.com http://nippon.com https://www.nippon.com/ja/japan-data/h02472/ https://www.mhlw.go.jp/toukei/saikin/hw/hihogosya/m2024/dl/07-01.pdf https://www.e-stat.go.jp/stat-search/files?page=1&query=%E4%B8%96%E5%B8%AF%E4%B8%BB%E3%81%8C%E5%A4%96%E5%9B%BD%E7%B1%8D%E3%81%AE%E8%A2%AB%E4%BF%9D%E8%AD%B7%E4%B8%96%E5%B8%AF%E6%95%B0%E3%80%81%E4%B8%96%E5%B8%AF%E4%B8%BB%E3%81%AE%E5%9B%BD%E7%B1%8D%E5%88%A5&sort=open_date%20desc&layout=dataset&stat_infid=000040267071&metadata=1&data=1 https://mainichi.jp/articles/20250710/k00/00m/010/360000c,False,拡散の根拠となった「56万8197世帯」という数字は、nippon.comが各月の受給者を12か月合算した誤りのデータであり、nippon.com自身が訂正・謝罪し記事を削除した。厚労省の最新年次調査によると、2023年7月末の生活保護受給世帯162万6263世帯のうち外国籍は4万5973世帯で全体の約2.8%であり（厚労省「被保護者調査」）、3分の1を占めるという主張は誤りである。,2,False,False,False,True,False,False,-,-,-,-,-,-,0,-,-,-,True,False
522,https://www.factcheckcenter.jp/fact-check/politics/false-foreigners-welfare-33percent/,2025/7/14,誤り,政治,https://x.com/i/status/1901904623679709662,"テキスト,画像1,画像2",2023年7月末の生活保護受給世帯数は162万6263世帯のうち外国籍は4万5973世帯で全体の約2.8％である。,https://www.e-stat.go.jp/stat-search/files?page=1&query=%E4%B8%96%E5%B8%AF%E4%B8%BB%E3%81%8C%E5%A4%96%E5%9B%BD%E7%B1%8D%E3%81%AE%E8%A2%AB%E4%BF%9D%E8%AD%B7%E4%B8%96%E5%B8%AF%E6%95%B0%E3%80%81%E4%B8%96%E5%B8%AF%E4%B8%BB%E3%81%AE%E5%9B%BD%E7%B1%8D%E5%88%A5&sort=open_date%20desc&layout=dataset&stat_infid=000040267071&metadata=1&data=1,2023年7月末の生活保護受給世帯数は162万6263世帯のうち外国籍は4万5973世帯で全体の約2.8％である。,False,True,http://nippon.com http://nippon.com https://www.nippon.com/ja/japan-data/h02472/ https://www.mhlw.go.jp/toukei/saikin/hw/hihogosya/m2024/dl/07-01.pdf https://www.e-stat.go.jp/stat-search/files?page=1&query=%E4%B8%96%E5%B8%AF%E4%B8%BB%E3%81%8C%E5%A4%96%E5%9B%BD%E7%B1%8D%E3%81%AE%E8%A2%AB%E4%BF%9D%E8%AD%B7%E4%B8%96%E5%B8%AF%E6%95%B0%E3%80%81%E4%B8%96%E5%B8%AF%E4%B8%BB%E3%81%AE%E5%9B%BD%E7%B1%8D%E5%88%A5&sort=open_date%20desc&layout=dataset&stat_infid=000040267071&metadata=1&data=1 https://mainichi.jp/articles/20250710/k00/00m/010/360000c,True,厚労省の2023年被保護者調査によると、生活保護受給世帯162万6263世帯のうち外国籍は4万5973世帯で全体の約2.8%である。拡散の根拠となった「56万世帯」は、nippon.comが月次データを12か月分合算した誤りのデータであり、nippon.com自身が訂正・謝罪し記事を削除した。,2,False,True,False,True,True,False,-,-,-,-,-,-,0,-,-,-,True,True
523,https://www.factcheckcenter.jp/fact-check/politics/false-trump-globalist-puppet-kishida/,2025/7/15,誤り,政治,https://x.com/i/status/1943859484855837133,"テキスト,動画1",投稿された動画は、2025年7月12日、トランプ大統領が『岸田首相はグローバリストの操り人形、ビジョンもリーダーシップもない』などと発言した動画である。,https://www.tryparrotai.com/,投稿された動画は、2025年7月12日、トランプ大統領が『岸田首相はグローバリストの操り人形、ビジョンもリーダーシップもない』などと発言したようにみえるAI生成の動画である。,False,False,http://tryparrotai.com/,False,TryParrotAI.comは、人物を選択してテキストを入力するとその人物が話しているように見えるAI音声付き動画を生成できるサービスであり、投稿された動画はトランプ大統領が実際に発言した動画ではなく、誤り。,0,-,-,-,-,-,-,-,-,-,-,-,-,1,True,True,True,NA,True
524,https://www.factcheckcenter.jp/fact-check/politics/false-trump-globalist-puppet-kishida/,2025/7/15,誤り,政治,https://x.com/i/status/1943859484855837133,"テキスト,動画1",投稿された動画は、2025年7月12日、トランプ大統領が『岸田首相はグローバリストの操り人形、ビジョンもリーダーシップもない』などと発言したようにみえるAI生成の動画である。,https://www.tryparrotai.com/,投稿された動画は、2025年7月12日、トランプ大統領が『岸田首相はグローバリストの操り人形、ビジョンもリーダーシップもない』などと発言したようにみえるAI生成の動画である。,False,True,http://tryparrotai.com/,True,TryParrotAI.comは、人物を選択してテキストを入力するとその人物が話しているように見えるAI音声付き動画を生成できるサービスである。,0,-,-,-,-,-,-,-,-,-,-,-,-,1,True,False,True,NA,False
525,https://www.factcheckcenter.jp/fact-check/politics/inaccurate-foreign-health-insurance-cost/,2025/7/16,誤り,政治,https://x.com/i/status/1935591020684796392,"テキスト,画像1",日本維新の会の柳ケ瀬氏は2025年5月の予算委員会で「外国人の健康保険未納が年間4000億円にのぼる」と発言した。,https://www.webtv.sangiin.go.jp/webtv/detail.php?sid=8581#5973.67,日本維新の会の柳ケ瀬氏は2025年5月の予算委員会で「外国人の健康保険未納が年間4000億円にのぼる」と発言したが、のちに10年間の未納推定額が4000億円だったと訂正した。,True,False,https://www.webtv.sangiin.go.jp/webtv/index.php https://www.nikkei.com/article/DGXZQOUA154180V10C25A7000000/,False,柳ケ瀬氏自身が2025年6月3日の外交防衛委員会で「年間4000億円」を「10年間で4000億円の未収が正しい」と訂正し陳謝した（参議院審議中継）。福岡厚労相も「認識とは異なる」と述べている（日経新聞）。したがって、外国人の健康保険未納が年間4000億円という主張は誤りである。,1,True,False,False,-,-,-,-,-,-,-,-,-,0,-,-,-,NA,False
526,https://www.factcheckcenter.jp/fact-check/politics/inaccurate-foreign-health-insurance-cost/,2025/7/16,誤り,政治,https://x.com/i/status/1935591020684796392,"テキスト,画像1",日本維新の会の柳ケ瀬氏は2025年5月の予算委員会で「外国人の健康保険未納が年間4000億円にのぼる」と発言したが、のちに10年間の未納推定額が4000億円だったと訂正した。,https://www.webtv.sangiin.go.jp/webtv/detail.php?sid=8581#5973.67,日本維新の会の柳ケ瀬氏は2025年5月の予算委員会で「外国人の健康保険未納が年間4000億円にのぼる」と発言したが、のちに10年間の未納推定額が4000億円だったと訂正した。,True,True,https://www.webtv.sangiin.go.jp/webtv/index.php https://www.nikkei.com/article/DGXZQOUA154180V10C25A7000000/,True,柳ケ瀬氏は2025年5月19日の予算委員会で「年間4000億円以上」と発言したが、6月3日の外交防衛委員会で「10年間で4000億円の未収が正しい」と訂正し陳謝した（参議院審議中継）。,1,True,True,False,-,-,-,-,-,-,-,-,-,0,-,-,-,NA,True
527,https://www.factcheckcenter.jp/fact-check/politics/false-chinese-welfare-double-claim/,2025/7/18,誤り,政治,https://x.com/i/status/1941867009182151144,"テキスト,動画1",中国国籍を持つ生活保護の受給者数は、2018年から2023年の間で約2倍に増えた。,https://www.mhlw.go.jp/toukei/list/74-16.html,中国国籍を持つ生活保護の受給者数は、2018年から2023年の間で約4.5%増えた。,False,False,https://www.mhlw.go.jp/toukei/list/74-16.html https://www.e-stat.go.jp/stat-search/files?page=1&query=%E4%B8%AD%E5%9B%BD&layout=dataset&toukei=00450312&stat_infid=000040267340&metadata=1&data=1 https://www.e-stat.go.jp/stat-search/files?page=1&query=%E4%B8%AD%E5%9B%BD&layout=dataset&toukei=00450312&stat_infid=000031927625&metadata=1&data=1 https://www.mhlw.go.jp/stf/kaiken/daijin/0000194708_00833.html https://www.uhb.jp/news/single.html?id=52309,False,厚労省の被保護者調査によると、中国籍の生活保護受給者は2018年に9059人、2023年に9471人で、5年間の増加は412人（約4.5%）であり、約2倍に増えたという主張は誤りである。,0,-,-,-,-,-,-,-,-,-,-,-,-,1,False,False,False,NA,False
528,https://www.factcheckcenter.jp/fact-check/politics/false-chinese-welfare-double-claim/,2025/7/18,誤り,政治,https://x.com/i/status/1941867009182151144,"テキスト,動画1",中国国籍を持つ生活保護の受給者数は、2018年から2023年の間で約4.5%増えた。,https://www.mhlw.go.jp/toukei/list/74-16.html,中国国籍を持つ生活保護の受給者数は、2018年から2023年の間で約4.5%増えた。,False,True,https://www.mhlw.go.jp/toukei/list/74-16.html https://www.e-stat.go.jp/stat-search/files?page=1&query=%E4%B8%AD%E5%9B%BD&layout=dataset&toukei=00450312&stat_infid=000040267340&metadata=1&data=1 https://www.e-stat.go.jp/stat-search/files?page=1&query=%E4%B8%AD%E5%9B%BD&layout=dataset&toukei=00450312&stat_infid=000031927625&metadata=1&data=1 https://www.mhlw.go.jp/stf/kaiken/daijin/0000194708_00833.html https://www.uhb.jp/news/single.html?id=52309,True,厚労省の被保護者調査によると、中国籍の生活保護受給者は2018年に9059人、2023年に9471人で、5年間で412人（約4.5%）増加している。,0,-,-,-,-,-,-,-,-,-,-,-,-,1,False,True,False,NA,True
529,https://www.factcheckcenter.jp/fact-check/politics/false-yamamoto-us-soldier-crime/,2025/7/18,誤り,政治,https://x.com/i/status/1945513052402770424,"テキスト,動画1",2025年7月17日、れいわ新選組・山本代表が街頭演説で、外国人犯罪で最も多いのが米兵によるものと述べた。,https://www.npa.go.jp/hakusyo/r06/toukei/04/7.xlsx,外国人犯罪の2023年の検挙数において、米軍関係者の検挙数は増えているものの、ベトナムや中国に比べて少ない。,True,False,https://www.npa.go.jp/hakusyo/r06/data.html https://www.npa.go.jp/hakusyo/r06/toukei/04/7.xlsx https://www.npa.go.jp/hakusyo/r06/toukei/04/8.xlsx https://ryukyushimpo.jp/news/national/entry-3449688.html https://mainichi.jp/articles/20240810/k00/00m/040/187000c?,False,警察白書（2024年版）によると、2023年の刑法犯の外国人検挙数はベトナム4082件（40.7%）、中国1932件（19.2%）の順に多い。米軍関係者の2023年の刑法犯検挙数は118件（琉球新報、毎日新聞）であり、ベトナムや中国と比べて大幅に少ない。したがって、外国人犯罪で最も多いのが米兵によるものという主張は誤りである。,0,-,-,-,-,-,-,-,-,-,-,-,-,1,False,False,False,NA,False
530,https://www.factcheckcenter.jp/fact-check/politics/false-yamamoto-us-soldier-crime/,2025/7/18,誤り,政治,https://x.com/i/status/1945513052402770424,"テキスト,動画1",外国人犯罪の2023年の検挙数において、米軍関係者の検挙数は増えているものの、ベトナムや中国に比べて少ない。,https://www.npa.go.jp/hakusyo/r06/toukei/04/7.xlsx,外国人犯罪の2023年の検挙数において、米軍関係者の検挙数は増えているものの、ベトナムや中国に比べて少ない。,True,True,https://www.npa.go.jp/hakusyo/r06/data.html https://www.npa.go.jp/hakusyo/r06/toukei/04/7.xlsx https://www.npa.go.jp/hakusyo/r06/toukei/04/8.xlsx https://ryukyushimpo.jp/news/national/entry-3449688.html https://mainichi.jp/articles/20240810/k00/00m/040/187000c?,True,警察白書（2024年版）によると、2023年の刑法犯の外国人検挙数はベトナム4082件、中国1932件の順に多い。米軍関係者の刑法犯検挙数は118件で過去10年で最多だが（琉球新報）、ベトナムや中国と比べて少ない。,0,-,-,-,-,-,-,-,-,-,-,-,-,1,False,True,False,NA,True
531,https://www.factcheckcenter.jp/fact-check/politics/false-ishiba-trade-delete-claim/,2025/7/18,誤り,政治,https://x.com/i/status/1943624579316150493,"テキスト,画像1,画像2,画像3,画像4",2025年7月19日千葉県船橋市での街頭演説で石破茂首相が「舐められてたまるか」と発言したことを、日本経済新聞、共同通信、時事通信の3社は発言当日に取り上げたが、2025年7月11日時点で記事を削除した。,https://www.nikkei.com/article/DGXZQOUA09CVE0Z00C25A7000000/,2025年7月19日千葉県船橋市での街頭演説で石破茂首相が「舐められてたまるか」と発言したことを、日本経済新聞、共同通信、時事通信の3社は発言当日に取り上げ、2025年7月18日時点で継続して配信されている。,True,False,https://mainichi.jp/articles/20250710/k00/00m/010/359000c https://www.nikkei.com/article/DGXZQOUA09CVE0Z00C25A7000000/ https://www.47news.jp/12836840.html https://www.jiji.com/jc/article?k=2025070901116&g=pol,False,日本経済新聞は7月9日に「石破茂首相『なめられてたまるか』 日米関税交渉で」、共同通信は「首相『なめられてたまるか』 対米関税交渉で強調」、時事通信は「日米関税交渉『なめられてたまるか』 石破首相」という記事をそれぞれ配信しており、いずれも2025年7月18日現在削除されていない。したがって、3社が記事を削除したという主張は誤りである。,4,False,False,False,False,False,False,False,False,False,False,False,False,0,-,-,-,NA,False
532,https://www.factcheckcenter.jp/fact-check/politics/false-ishiba-trade-delete-claim/,2025/7/18,誤り,政治,https://x.com/i/status/1943624579316150493,"テキスト,画像1,画像2,画像3,画像4",2025年7月19日千葉県船橋市での街頭演説で石破茂首相が「舐められてたまるか」と発言したことを、日本経済新聞、共同通信、時事通信の3社は発言当日に取り上げ、2025年7月18日時点で継続して配信されている。,https://www.nikkei.com/article/DGXZQOUA09CVE0Z00C25A7000000/,2025年7月19日千葉県船橋市での街頭演説で石破茂首相が「舐められてたまるか」と発言したことを、日本経済新聞、共同通信、時事通信の3社は発言当日に取り上げ、2025年7月18日時点で継続して配信されている。,True,True,https://mainichi.jp/articles/20250710/k00/00m/010/359000c https://www.nikkei.com/article/DGXZQOUA09CVE0Z00C25A7000000/ https://www.47news.jp/12836840.html https://www.jiji.com/jc/article?k=2025070901116&g=pol,True,日本経済新聞・共同通信・時事通信の3社はいずれも石破首相の「舐められてたまるか」発言を7月9日に記事で取り上げており、2025年7月18日現在も配信を継続している。,4,False,True,False,False,True,False,False,True,False,False,True,False,0,-,-,-,NA,True
533,https://www.factcheckcenter.jp/fact-check/politics/inaccurate-tamaki-spreading-conspiracy-theories-entry-banned/,2025/7/23,不正確,政治,https://x.com/i/status/1945591100506505634,"テキスト,画像1,画像2",国民民主党代表・玉木雄一郎氏が、ロシアの陰謀論をブログで拡散したので、ロシアへ入国禁止となった。,https://www.asahi.com/articles/ASQ7J0GKYQ7HUHBI03P.html,ロシア外務省は、日本の衆議院議員384人のロシアへの入国を2022年7月14日から禁止した。,True,False,https://x.com/i/status/1944932890338574390 https://note.com/kirik/n/n2e5c696d250f https://gendai.media/articles/-/143625 https://digital.asahi.com/articles/ASQ5464G4Q54UHBI02Q.html https://www.nikkei.com/article/DGXZQOGR042BC0U2A500C2000000/ https://digital.asahi.com/articles/ASQ7J0GKYQ7HUHBI03P.html https://cdp-japan.jp/news/20220716_4165 https://www.mid.ru/ru/foreign_policy/news/1822249/,False,ロシア外務省は2022年7月に日本の衆議院議員384人のロシア入国を禁止しており、玉木氏は293番に記載されている。これは対ロ制裁への報復措置であり、2025年7月のブログの件とは無関係である。したがって、ロシアの陰謀論ブログの拡散が入国禁止の理由であるという主張は誤りである。,2,False,False,False,False,False,False,-,-,-,-,-,-,0,-,-,-,True,False
534,https://www.factcheckcenter.jp/fact-check/politics/inaccurate-tamaki-spreading-conspiracy-theories-entry-banned/,2025/7/23,不正確,政治,https://x.com/i/status/1945591100506505634,"テキスト,画像1,画像2",国民民主党代表・玉木雄一郎氏が、ロシアへ入国禁止となったのは、ロシアの陰謀論をブログで拡散したからではない。,https://www.asahi.com/articles/ASQ7J0GKYQ7HUHBI03P.html,ロシア外務省は、日本の衆議院議員384人のロシアへの入国を2022年7月14日から禁止した。,True,True,https://x.com/i/status/1944932890338574390 https://note.com/kirik/n/n2e5c696d250f https://gendai.media/articles/-/143625 https://digital.asahi.com/articles/ASQ5464G4Q54UHBI02Q.html https://www.nikkei.com/article/DGXZQOGR042BC0U2A500C2000000/ https://digital.asahi.com/articles/ASQ7J0GKYQ7HUHBI03P.html https://cdp-japan.jp/news/20220716_4165 https://www.mid.ru/ru/foreign_policy/news/1822249/,True,ロシア外務省は2022年7月15日に日本の衆議院議員384人のロシア入国を禁止しており、玉木氏は293番に記載されている（ロシア連邦外務省声明、朝日新聞）。これはウクライナ侵攻をめぐる対ロ制裁への報復措置である。,2,False,True,False,False,True,False,-,-,-,-,-,-,0,-,-,-,True,True
535,https://www.factcheckcenter.jp/fact-check/politics/false-exit-poll-different-from-result-fraud/,2025/7/23,誤り,政治,https://x.com/i/status/1947265958713716871,"テキスト,画像1",2025年参院選について、出口調査の結果と実際の結果が異なるのは選挙で不正があったからである。,https://www.jstage.jst.go.jp/article/bdajcs/13/1/13_17/_html/-char/ja,出口調査は、当落の判定や有権者の投票行動を知るため，選挙当日に投票所の出口で投票を終えた有権者を対象に投票先などを質問する調査で、出口調査における期日前投票の扱いについては、コストの面等からすべての日程で実施することが難しく、日程を選んで実施していることなどから、「参考程度」と位置づけている。,True,False,https://www.nhk.or.jp/senkyo/database/sangiin/2025/exitpoll/ https://digital.asahi.com/senkyo/saninsen/2025/deguchichosa/ https://www.nhk.or.jp/senkyo/database/sangiin/2025/exitpoll/ https://www.nhk.or.jp/senkyo/database/sangiin/ https://www.jstage.jst.go.jp/article/bdajcs/13/1/13_17/_html/-char/ja,False,出口調査は期日前投票を含まず、回答拒否もあるため、開票結果と異なるのは一般的である。NHKも「期日前投票は調査結果に含まれていない」と記し、朝日新聞社調査部も出口調査を「参考程度」と位置づけている。出口調査と開票結果の違いを不正選挙の証拠とする主張は、過去にも何度も拡散し誤りと判定されており、不正選挙の根拠にはならない。,3,False,True,False,False,True,False,False,True,False,-,-,-,1,False,True,False,NA,True
536,https://www.factcheckcenter.jp/fact-check/politics/false-exit-poll-different-from-result-fraud/,2025/7/23,誤り,政治,https://x.com/i/status/1947265958713716871,"テキスト,画像1",報道各社は出口調査をしているが、あくまでも「参考程度」の位置づけであるため、実際の結果と異なることがある。,https://www.jstage.jst.go.jp/article/bdajcs/13/1/13_17/_html/-char/ja,出口調査は、当落の判定や有権者の投票行動を知るため，選挙当日に投票所の出口で投票を終えた有権者を対象に投票先などを質問する調査で、出口調査における期日前投票の扱いについては、コストの面等からすべての日程で実施することが難しく、日程を選んで実施していることなどから、「参考程度」と位置づけている。,True,True,https://www.nhk.or.jp/senkyo/database/sangiin/2025/exitpoll/ https://digital.asahi.com/senkyo/saninsen/2025/deguchichosa/ https://www.nhk.or.jp/senkyo/database/sangiin/2025/exitpoll/ https://www.nhk.or.jp/senkyo/database/sangiin/ https://www.jstage.jst.go.jp/article/bdajcs/13/1/13_17/_html/-char/ja,True,出口調査は期日前投票を含まず、回答拒否もあるため、開票結果と異なるのは一般的である。NHKも「期日前投票は調査結果に含まれていない」と記し、朝日新聞社調査部も出口調査を「参考程度」と位置づけている。,3,False,False,False,False,False,False,False,False,False,-,-,-,1,False,False,False,NA,False
537,https://www.factcheckcenter.jp/fact-check/politics/false-ishiba-resign-extra-edition/,2025/7/24,誤り,政治,https://x.com/i/status/1948147433852252622,"テキスト,画像1",安倍元首相銃撃の時も歴代首相辞任の時も新聞の号外は無かったが、石破首相が辞任すると新聞の号外が発行された。,https://www.youtube.com/watch?v=uYmagwzUvHY,安倍元首相が銃撃された際に号外は配布されている。,True,False,https://www3.nhk.or.jp/news/html/20250724/k10014872661000.html https://www.youtube.com/watch?v=uYmagwzUvHY https://www.youtube.com/watch?v=13lQ8ZClzmg https://www.youtube.com/watch?v=Jr_0w88TFfQ https://www.youtube.com/watch?v=s7g7FyEKNMI https://www.youtube.com/watch?v=QhFOdqU1ZC8 https://www3.nhk.or.jp/shutoken-news/20240814/1000107608.html,False,安倍元首相銃撃時（2022年7月8日）に各社が号外を発行した様子はYouTubeでも確認でき（時事通信、産経新聞）、安倍元首相辞任時（2020年8月）、菅元首相辞任時（2021年9月）、岸田元首相辞任時（2024年8月）にも号外が発行されたことが報じられている（時事通信、北海道新聞、日本海新聞、NHK）。したがって、歴代首相辞任時に号外が無かったという主張は誤りである。,1,False,False,False,-,-,-,-,-,-,-,-,-,0,-,-,-,True,False
538,https://www.factcheckcenter.jp/fact-check/politics/false-ishiba-resign-extra-edition/,2025/7/24,誤り,政治,https://x.com/i/status/1948147433852252622,"テキスト,画像1",安倍元首相銃撃の時や歴代首相辞任の時には、新聞の号外が発行された。,https://www.youtube.com/watch?v=uYmagwzUvHY,安倍元首相が銃撃された際に号外は配布されている。,True,True,https://www3.nhk.or.jp/news/html/20250724/k10014872661000.html https://www.youtube.com/watch?v=uYmagwzUvHY https://www.youtube.com/watch?v=13lQ8ZClzmg https://www.youtube.com/watch?v=Jr_0w88TFfQ https://www.youtube.com/watch?v=s7g7FyEKNMI https://www.youtube.com/watch?v=QhFOdqU1ZC8 https://www3.nhk.or.jp/shutoken-news/20240814/1000107608.html,True,安倍元首相銃撃時（2022年7月8日）に各社が号外を発行した様子はYouTubeでも確認でき（時事通信、産経新聞）、安倍元首相辞任時（2020年8月）、菅元首相辞任時（2021年9月）、岸田元首相辞任時（2024年8月）にも号外が発行されたことが報道で確認できる（時事通信、北海道新聞、日本海新聞、NHK）。,1,False,True,False,-,-,-,-,-,-,-,-,-,0,-,-,-,True,True
539,https://www.factcheckcenter.jp/fact-check/politics/false-foreigners-fostering-deduction/,2025/7/29,誤り,政治,https://x.com/i/status/1949084640389509352,テキスト,外国人は海外居住の6親等まで扶養控除があるのに、日本人の子供には扶養控除がない。,https://www.nta.go.jp/taxes/shiraberu/taxanswer/shotoku/1180.htm,納税者に所得税法上の控除対象扶養親族となる人がいる場合には、一定の金額の所得控除が受けられる。,True,False,https://www.moj.go.jp/isa/content/930004446.pdf https://www.nta.go.jp/taxes/shiraberu/taxanswer/shotoku/1180.htm https://www.nta.go.jp/taxes/shiraberu/taxanswer/shotoku/1180.htm https://www.nta.go.jp/publication/pamph/pdf/0022009-107_02.pdf https://www.mof.go.jp/tax_policy/publication/brochure/zeisei23/index.html,False,国税庁によると、扶養控除の対象は6親等以内の血族および3親等以内の姻族であり、国籍による違いはない。日本人も外国人も同じ条件で扶養控除が適用される（国税庁「No.1180 扶養控除」）。また、拡散した画像に付されたサブタイトル「日本の子どもたちを税制で差別します　財務省」は原本には存在しない加工である（財務省「令和5年度税制改正」）。したがって、外国人のみ海外居住6親等まで控除があり日本人にはないという主張は誤りである。,1,True,False,False,-,-,-,-,-,-,-,-,-,0,-,-,-,-,-
540,https://www.factcheckcenter.jp/fact-check/politics/false-foreigners-fostering-deduction/,2025/7/29,誤り,政治,https://x.com/i/status/1949084640389509352,テキスト,納税者に所得税法上の控除対象扶養親族となる人がいる場合には、一定の金額の所得控除が受けられる。,https://www.nta.go.jp/taxes/shiraberu/taxanswer/shotoku/1180.htm,納税者に所得税法上の控除対象扶養親族となる人がいる場合には、一定の金額の所得控除が受けられる。,True,True,https://www.moj.go.jp/isa/content/930004446.pdf https://www.nta.go.jp/taxes/shiraberu/taxanswer/shotoku/1180.htm https://www.nta.go.jp/taxes/shiraberu/taxanswer/shotoku/1180.htm https://www.nta.go.jp/publication/pamph/pdf/0022009-107_02.pdf https://www.mof.go.jp/tax_policy/publication/brochure/zeisei23/index.html,True,国税庁によると、扶養控除の対象は6親等以内の血族および3親等以内の姻族であり、国籍による違いはない。日本人も外国人も、納税者であれば同じ扶養控除が適用される（国税庁「No.1180 扶養控除」「国外居住親族に係る扶養控除等Q&A」）。,1,True,False,False,-,-,-,-,-,-,-,-,-,0,-,-,-,-,-
541,https://www.factcheckcenter.jp/fact-check/politics/inaccurate-yokohama-website-worsen/,2025/8/2,不正確,政治,https://x.com/i/status/1949732309743329727,"テキスト,画像1",横浜市長記者会見の内容は過去1年分しか確認できない。,https://www.city.yokohama.lg.jp/mayor/kishakaiken/kaikenyoshi/,横浜市長記者会見の1年以上前の内容も、2020年4月の分までは、会見記録で確認できる。,False,False,https://shichokaiken.city.yokohama.lg.jp/ https://shichokaiken.city.yokohama.lg.jp/?tpl=category_result https://www.city.yokohama.lg.jp/mayor/kishakaiken/kaikenyoshi/ https://www.nhk.or.jp/senkyo/database/local/yokohama/21208/questionnaire55653.html,False,横浜市の公式サイトには「録画中継は、おおむね1年前の会見まで掲載しています。それ以前の会見の模様は『会見記録』をご覧ください」と書かれており（横浜市「市長記者会見インターネット中継」）、録画動画は確かに直近約1年分である。しかし、文字起こしの「会見記録」では2020年4月8日まで遡って確認できる。したがって、過去1年分しか確認できないという主張は不正確である。,1,False,False,False,-,-,-,-,-,-,-,-,-,0,-,-,-,True,False
542,https://www.factcheckcenter.jp/fact-check/politics/inaccurate-yokohama-website-worsen/,2025/8/2,不正確,政治,https://x.com/i/status/1949732309743329727,"テキスト,画像1",横浜市長記者会見の1年以上前の内容も、2020年4月の分までは、会見記録で確認できる。,https://www.city.yokohama.lg.jp/mayor/kishakaiken/kaikenyoshi/,横浜市長記者会見の1年以上前の内容も、2020年4月の分までは、会見記録で確認できる。,False,True,https://shichokaiken.city.yokohama.lg.jp/ https://shichokaiken.city.yokohama.lg.jp/?tpl=category_result https://www.city.yokohama.lg.jp/mayor/kishakaiken/kaikenyoshi/ https://www.nhk.or.jp/senkyo/database/local/yokohama/21208/questionnaire55653.html,True,横浜市の公式サイトでは、録画中継はおおむね1年前までだが、文字起こしの「会見記録」では2020年4月8日の記者会見まで遡って確認できる（横浜市「市長記者会見インターネット中継」「会見記録」）。,1,False,False,False,-,-,-,-,-,-,-,-,-,0,-,-,-,True,False
543,https://www.factcheckcenter.jp/fact-check/politics/false-tanakamakiko-pure-japanese-statement/,2025/8/5,誤り,政治,https://x.com/i/status/1943564529419588066,テキスト,2023年12月8日のライブ配信で田中真紀子氏が国会議員713人中、純日本人は23人だけであると発言した。,https://www.youtube.com/watch?v=N1r2mf3MR78,2023年12月8日のライブ配信では、田中真紀子氏が国会議員713人の国籍や帰化について語っていない。,True,False,https://www.youtube.com/watch?v=N1r2mf3MR78,False,2023年12月8日に日テレNEWS LIVEで配信された元動画の全編（1時間13分38秒）を確認したところ、田中氏は議員数や政治とカネの問題について話しているが、議員の国籍や帰化については一切語っておらず、「純日本人は23人」という発言はない。,0,-,-,-,-,-,-,-,-,-,-,-,-,1,True,True,False,-,-
544,https://www.factcheckcenter.jp/fact-check/politics/false-tanakamakiko-pure-japanese-statement/,2025/8/5,誤り,政治,https://x.com/i/status/1943564529419588066,テキスト,2023年12月8日のライブ配信では、田中真紀子氏が国会議員713人の国籍や帰化について語っていない。,https://www.youtube.com/watch?v=N1r2mf3MR78,2023年12月8日のライブ配信では、田中真紀子氏が国会議員713人の国籍や帰化について語っていない。,True,True,https://www.youtube.com/watch?v=N1r2mf3MR78,True,2023年12月8日に日テレNEWS LIVEで配信された元動画の全編（1時間13分38秒）では、田中氏は議員数や政治とカネの問題について話しており、議員の国籍や帰化については一切語っていない。,0,-,-,-,-,-,-,-,-,-,-,-,-,1,True,True,False,-,-
545,https://www.factcheckcenter.jp/fact-check/politics/false-tanakamakiko-pure-japanese-statement/,2025/8/5,誤り,政治,https://x.com/i/status/1928374458043035658,"テキスト,画像1",2023年12月8日のライブ配信で田中真紀子氏が国会議員713人中、純日本人は23人だけであると発言した。,https://www.youtube.com/watch?v=N1r2mf3MR78,2023年12月8日のライブ配信では、田中真紀子氏が国会議員713人の国籍や帰化について語っていない。,True,False,https://www.youtube.com/watch?v=N1r2mf3MR78,False,2023年12月8日に日テレNEWS LIVEで配信された元動画の全編（1時間13分38秒）を確認したところ、田中氏は議員数や政治とカネの問題について話しているが、議員の国籍や帰化については一切語っておらず、「純日本人は23人」という発言はない。,1,False,False,False,-,-,-,-,-,-,-,-,-,0,-,-,-,-,-
546,https://www.factcheckcenter.jp/fact-check/politics/false-tanakamakiko-pure-japanese-statement/,2025/8/5,誤り,政治,https://x.com/i/status/1928374458043035658,"テキスト,画像1",2023年12月8日のライブ配信では、田中真紀子氏が国会議員713人の国籍や帰化について語っていない。,https://www.youtube.com/watch?v=N1r2mf3MR78,2023年12月8日のライブ配信では、田中真紀子氏が国会議員713人の国籍や帰化について語っていない。,True,True,https://www.youtube.com/watch?v=N1r2mf3MR78,True,2023年12月8日に日テレNEWS LIVEで配信された元動画の全編（1時間13分38秒）では、田中氏は議員数や政治とカネの問題について話しており、議員の国籍や帰化については一切語っていない。,1,False,False,False,-,-,-,-,-,-,-,-,-,0,-,-,-,-,-
547,https://www.factcheckcenter.jp/fact-check/politics/false-takaichi-power-quote-image/,2025/8/5,誤り,政治,https://x.com/i/status/1949816020253778124,画像1,投稿された画像は、自民党の高市氏がNHKのドキュメンタリー番組「プロフェッショナル 仕事の流儀」に出演し、その番組で「国民にとって嘘か真かなんて関係ない、国家権力こそが全て」と発言したとするスクリーンショットである。,https://www.web.nhk/tv/an/professional/pl/series-tep-8X88ZVMGV5,自民党の高市氏が、NHKのドキュメンタリー番組「プロフェッショナル 仕事の流儀」に出演したことはない。,False,False,https://www.nhk.jp/p/professional/ts/8X88ZVMGV5/list/ https://www.daily.co.jp/gossip/2021/12/28/0014950468.shtml,False,NHK「プロフェッショナル 仕事の流儀」の過去584エピソードに高市氏を取り上げた回はない（NHK「エピソード」）。拡散した画像の高市氏は、2021年のデイリースポーツonlineの記事画像と服・背景・表情が一致しており、番組ロゴは後から追加されたものである。デイリースポーツの記事にも「国民にとって嘘か真かなんて関係ない、国家権力こそが全て」という発言はなく、2025年7月31日現在そのような発言の情報や報道は確認できない。,1,True,True,False,-,-,-,-,-,-,-,-,-,0,-,-,-,True,True
548,https://www.factcheckcenter.jp/fact-check/politics/false-takaichi-power-quote-image/,2025/8/5,誤り,政治,https://x.com/i/status/1949816020253778124,画像1,投稿された画像は、自民党の高市氏がNHKのドキュメンタリー番組「プロフェッショナル 仕事の流儀」に出演し、その番組で「国民にとって嘘か真かなんて関係ない、国家権力こそが全て」と発言したときのスクリーンショットのフェイク画像である。,https://www.web.nhk/tv/an/professional/pl/series-tep-8X88ZVMGV5,自民党の高市氏が、NHKのドキュメンタリー番組「プロフェッショナル 仕事の流儀」に出演したことはない。,False,True,https://www.nhk.jp/p/professional/ts/8X88ZVMGV5/list/ https://www.daily.co.jp/gossip/2021/12/28/0014950468.shtml,True,NHK「プロフェッショナル 仕事の流儀」の過去584エピソードに高市氏を取り上げた回はない（NHK「エピソード」）。拡散した画像の高市氏は、2021年のデイリースポーツonlineの記事画像と一致しており、番組ロゴは後から追加され、発言テロップも加工されたフェイク画像である。,1,True,False,False,-,-,-,-,-,-,-,-,-,0,-,-,-,True,False
549,https://www.factcheckcenter.jp/fact-check/politics/false-lasalleishii-opposed-the-gasoline-tax-cut/,2025/8/7,誤り,政治,https://x.com/i/status/1952086173939282021,"テキスト,画像1",参議院議員・ラサール石井氏が、第218回国会でガソリン暫定税率廃止に反対した。,https://www.sangiin.go.jp/japanese/joho1/kousei/gian/218/gian.htm,第218回国会では、ガソリン暫定税率廃止法案を審議されていない。,False,False,https://www.yomiuri.co.jp/politics/20250801-OYT1T50077/ https://www3.nhk.or.jp/news/html/20250805/k10014885281000.html https://www.sangiin.go.jp/japanese/joho1/kousei/gian/218/gian.htm https://x.com/i/status/1952312134463017439,False,参議院公式サイトの「議案情報」ページで第218回国会臨時会に提出された法案を確認すると、ガソリン暫定税率に関する法案は含まれておらず、審議されていない（参議院）。社民党のX公式アカウントも「投稿のなされた2025年8月4日13時時点で第218回国会の参議院ではガソリン暫定税率法案の審議はなされていません」と否定している。したがって、ラサール石井氏がガソリン暫定税率廃止に反対したという主張は誤りである。,1,False,True,False,-,-,-,-,-,-,-,-,-,0,-,-,-,NA,True
550,https://www.factcheckcenter.jp/fact-check/politics/false-lasalleishii-opposed-the-gasoline-tax-cut/,2025/8/7,誤り,政治,https://x.com/i/status/1952086173939282021,"テキスト,画像1",参議院議員・ラサール石井氏がガソリン暫定税率廃止に反対したとされる第218回国会では、ガソリン暫定税率廃止法案は審議されていない。,https://www.sangiin.go.jp/japanese/joho1/kousei/gian/218/gian.htm,第218回国会では、ガソリン暫定税率廃止法案を審議されていない。,False,True,https://www.yomiuri.co.jp/politics/20250801-OYT1T50077/ https://www3.nhk.or.jp/news/html/20250805/k10014885281000.html https://www.sangiin.go.jp/japanese/joho1/kousei/gian/218/gian.htm https://x.com/i/status/1952312134463017439,True,参議院公式サイトの「議案情報」ページによると、第218回国会臨時会（8月1〜5日）にはガソリン暫定税率に関する法案は提出されておらず、審議されていない（参議院）。社民党も公式Xで投稿内容を否定している。,1,False,True,False,-,-,-,-,-,-,-,-,-,0,-,-,-,NA,True
551,https://www.factcheckcenter.jp/fact-check/politics/false-lasalleishii-opposed-the-gasoline-tax-cut/,2025/8/7,誤り,政治,https://x.com/i/status/1952126093684781208,"テキスト,画像2,画像3",参議院議員・ラサール石井氏と泉房穂氏が、第218回国会でガソリン暫定税率廃止に反対した。,https://www.sangiin.go.jp/japanese/joho1/kousei/gian/218/gian.htm,第218回国会では、ガソリン暫定税率廃止法案を審議されていない。,False,False,https://www.yomiuri.co.jp/politics/20250801-OYT1T50077/ https://www3.nhk.or.jp/news/html/20250805/k10014885281000.html https://www.sangiin.go.jp/japanese/joho1/kousei/gian/218/gian.htm https://x.com/i/status/1952312134463017439,False,参議院公式サイトの「議案情報」ページで第218回国会臨時会に提出された法案を確認すると、ガソリン暫定税率に関する法案は含まれておらず、審議されていない（参議院）。社民党のX公式アカウントも「投稿のなされた2025年8月4日13時時点で第218回国会の参議院ではガソリン暫定税率法案の審議はなされていません」と否定している。したがって、ラサール石井氏と泉房穂氏がガソリン暫定税率廃止に反対したという主張は誤りである。,3,False,True,False,True,True,False,False,True,False,-,-,-,0,-,-,-,NA,True
552,https://www.factcheckcenter.jp/fact-check/politics/false-lasalleishii-opposed-the-gasoline-tax-cut/,2025/8/7,誤り,政治,https://x.com/i/status/1952126093684781208,"テキスト,画像2,画像3",参議院議員・ラサール石井氏と泉房穂氏がガソリン暫定税率廃止に反対したとされる第218回国会では、ガソリン暫定税率廃止法案は審議されていない。,https://www.sangiin.go.jp/japanese/joho1/kousei/gian/218/gian.htm,第218回国会では、ガソリン暫定税率廃止法案を審議されていない。,False,True,https://www.yomiuri.co.jp/politics/20250801-OYT1T50077/ https://www3.nhk.or.jp/news/html/20250805/k10014885281000.html https://www.sangiin.go.jp/japanese/joho1/kousei/gian/218/gian.htm https://x.com/i/status/1952312134463017439,True,参議院公式サイトの「議案情報」ページによると、第218回国会臨時会（8月1〜5日）にはガソリン暫定税率に関する法案は提出されておらず、審議されていない（参議院）。社民党も公式Xで投稿内容を否定している。,3,False,True,False,True,True,False,False,True,False,-,-,-,0,-,-,-,NA,True
553,https://www.factcheckcenter.jp/fact-check/politics/false-dpfp-policy-withdrawal/,2025/8/7,誤り,政治,https://x.com/i/status/1950324408335421903,"テキスト,画像1,画像2",国民民主党が、2025年参院選で公約に掲げていた消費税5％への減税とインボイスの廃止を参議院選挙後に撤回した。,https://new-kokumin.jp/policies,国民民主党の政策2025に、消費税5％への減税とインボイスの廃止を記載している。,NA,False,https://new-kokumin.jp/policies https://x.com/i/status/1847593788580958713 https://x.com/i/status/1938232653838434520/photo/1,False,国民民主党の政策ページには「消費税減税　実質賃金が持続的にプラスになるまで消費税は一律5％」「インボイス廃止」と2025年8月7日現在も明記されている（国民民主党「国民民主党の政策2025」）。拡散した2枚のポスターは2024年衆院選と2025年参院選向けに作成された党公式のもので、デザインの違いにすぎない。したがって、消費税減税とインボイス廃止の政策が撤回されたという主張は誤りである。,2,False,True,False,False,True,False,-,-,-,-,-,-,0,-,-,-,True,True
554,https://www.factcheckcenter.jp/fact-check/politics/false-dpfp-policy-withdrawal/,2025/8/7,誤り,政治,https://x.com/i/status/1950324408335421903,"テキスト,画像1,画像2",国民民主党の政策2025に、消費税5％への減税とインボイスの廃止を記載しており、参議院選挙後に撤回していない。,https://new-kokumin.jp/policies,国民民主党の政策2025に、消費税5％への減税とインボイスの廃止を記載している。,NA,True,https://new-kokumin.jp/policies https://x.com/i/status/1847593788580958713 https://x.com/i/status/1938232653838434520/photo/1,True,国民民主党の政策ページには「消費税減税　実質賃金が持続的にプラスになるまで消費税は一律5％」「インボイス廃止」と2025年8月7日現在も明記されている（国民民主党「国民民主党の政策2025」）。拡散した2枚のポスターは2024年衆院選と2025年参院選で別々に作成された党公式のものである。,2,False,False,False,False,False,False,-,-,-,-,-,-,0,-,-,-,True,False
555,https://www.factcheckcenter.jp/fact-check/politics/false-trump-supports-sanseito/,2025/8/12,誤り,政治,https://x.com/i/status/1952970339623026821,テキスト,アメリカのトランプ大統領が日本の参政党を支持すると発表した。,https://nextshark.com/sanseito-japanese-party-trump-inspired,参政党の神谷代表がトランプ大統領の大胆な政治スタイルに影響を受けていると語った。,True,False,https://nextshark.com/about https://nextshark.com/sanseito-japanese-party-trump-inspired,False,NextSharkの記事は「参政党・神谷氏がトランプの大胆な政治スタイルに影響を受けている」と語ったという内容であり、トランプ氏が参政党を支持すると発言したとは書いていない。2025年8月12日現在、トランプ氏のソーシャルメディアや米ホワイトハウスにそのような表明は確認できず、報道もない。したがって、トランプ大統領が参政党を支持すると発表したという主張は誤りである。,0,-,-,-,-,-,-,-,-,-,-,-,-,0,-,-,-,-,-
556,https://www.factcheckcenter.jp/fact-check/politics/false-trump-supports-sanseito/,2025/8/12,誤り,政治,https://x.com/i/status/1952970339623026821,テキスト,参政党の神谷代表がトランプ大統領の大胆な政治スタイルに影響を受けていると語った。,https://nextshark.com/sanseito-japanese-party-trump-inspired,参政党の神谷代表がトランプ大統領の大胆な政治スタイルに影響を受けていると語った。,True,True,https://nextshark.com/about https://nextshark.com/sanseito-japanese-party-trump-inspired,True,NextSharkの記事によると、参政党の神谷代表は「トランプの大胆な政治スタイルに影響を受けている」と語っている。ただし、トランプ氏が参政党を支持すると発言した事実は確認されていない。,0,-,-,-,-,-,-,-,-,-,-,-,-,0,-,-,-,-,-
557,https://www.factcheckcenter.jp/fact-check/politics/false-media-coordinated-saito-attack/,2025/8/13,誤り,政治,https://x.com/i/status/1953642718166757466,"テキスト,画像1",2025年8月8日に新聞各社が示し合わせて一斉に報道した。,https://www.kyodonews.jp/saiyou/aboutus/contents.html,共同通信社から記事提供を受けている新聞社では、同じ内容の記事が同時刻に発信される。,False,False,https://www.chunichi.co.jp/article/1112712 https://www.tokyo-np.co.jp/article/427205 https://www.nippon.com/ja/news/kd1326361870600487452/ https://www.kochinews.co.jp/article/detail/895851 https://www.niigata-nippo.co.jp/articles/-/666641 https://www.fukuishimbun.co.jp/articles/-/2379414 https://www.kyodonews.jp/saiyou/aboutus/about.html https://www.kyodonews.jp/saiyou/aboutus/contents.html,False,拡散した画像の記事は、中日新聞・東京新聞・高知新聞など各紙が同じタイトル・本文で8月8日午前11時5分頃に配信しているが、東京新聞や高知新聞の記事には共同通信や(c)KYODONEWSと明記されている。共同通信社は全国の新聞社やNHKなどに記事を配信する通信社であり（共同通信社「共同通信とは」）、各社がその配信記事を同時に公開しただけである。したがって、各社が示し合わせて一斉に報道したという主張は誤りである。,1,False,True,False,-,-,-,-,-,-,-,-,-,0,-,-,-,NA,True
558,https://www.factcheckcenter.jp/fact-check/politics/false-media-coordinated-saito-attack/,2025/8/13,誤り,政治,https://x.com/i/status/1953642718166757466,"テキスト,画像1",2025年8月8日に新聞各社が一斉に報道したのは、共同通信社から記事提供を受けているためで、各社が事前に示し合わせて報道したわけではない。,https://www.kyodonews.jp/saiyou/aboutus/contents.html,共同通信社から記事提供を受けている新聞社では、同じ内容の記事が同時刻に発信される。,False,True,https://www.chunichi.co.jp/article/1112712 https://www.tokyo-np.co.jp/article/427205 https://www.nippon.com/ja/news/kd1326361870600487452/ https://www.kochinews.co.jp/article/detail/895851 https://www.niigata-nippo.co.jp/articles/-/666641 https://www.fukuishimbun.co.jp/articles/-/2379414 https://www.kyodonews.jp/saiyou/aboutus/about.html https://www.kyodonews.jp/saiyou/aboutus/contents.html,True,拡散した記事は共同通信社が各社に配信したものであり、東京新聞や高知新聞の記事には共同通信と明記されている（共同通信社「共同通信とは」「コンテンツ配信先」）。通信社の配信記事を各社が公開するため、同内容の記事が同時に出るのは通常のことである。,1,False,False,False,-,-,-,-,-,-,-,-,-,0,-,-,-,NA,False
559,https://www.factcheckcenter.jp/fact-check/disasters/false-chinese-flash-floods/,2025/8/14,誤り,災害,https://x.com/i/status/1954489041375928497,"テキスト,動画1",2025年8月10日に投稿された動画は、中国で発生した土石流の動画である。,https://www.youtube.com/shorts/cpUlxmT-cwg,2025年8月5日に投稿された動画は、インド北部で発生した土石流の動画である。,True,False,https://youtube.com/shorts/cpUlxmT-cwg?si=__LZ80mWzi1_JRqy https://youtube.com/shorts/hGha_Yduhz0?si=KNMOjwcjKaFsAQVY https://youtube.com/shorts/1lt9yznxDZA?si=eQrIt1Yv5X-sEuOW,False,Googleレンズで検索すると、拡散した動画は8月5日にインド北部で起きた土石流の映像と画角や建物が一致する（Daily Mail、Channel 4 News、ITV News）。したがって、中国で発生した土石流の動画ではない。,0,-,-,-,-,-,-,-,-,-,-,-,-,1,False,True,False,True,True
560,https://www.factcheckcenter.jp/fact-check/disasters/false-chinese-flash-floods/,2025/8/14,誤り,災害,https://x.com/i/status/1954489041375928497,"テキスト,動画1",2025年8月5日に投稿された動画は、インド北部で発生した土石流の動画である。,https://www.youtube.com/shorts/cpUlxmT-cwg,2025年8月5日に投稿された動画は、インド北部で発生した土石流の動画である。,True,True,https://youtube.com/shorts/cpUlxmT-cwg?si=__LZ80mWzi1_JRqy https://youtube.com/shorts/hGha_Yduhz0?si=KNMOjwcjKaFsAQVY https://youtube.com/shorts/1lt9yznxDZA?si=eQrIt1Yv5X-sEuOW,True,Googleレンズで検索すると、拡散した動画は8月5日にインド北部で起きた土石流の映像と画角や建物が一致する（Daily Mail、Channel 4 News、ITV News）。,0,-,-,-,-,-,-,-,-,-,-,-,-,1,False,False,False,True,False
561,https://www.factcheckcenter.jp/fact-check/politics/inaccurate-sanseito-hoshuto-committee-seats/,2025/8/15,不正確,政治,https://x.com/i/status/1951135709081022594,"テキスト,画像1",2025年7月の参院選で議席を獲得した参政党と日本保守党について「特別委員会の割り当てがない、国民の支持で議席を得た政党が、委員会審議に参加できないのは代表性の欠如」と報じられた。,https://www.shugiin.go.jp/internet/itdb_kaigiroku.nsf/html/kaigiroku/033021720250124001.htm,2025年7月の参院選後に開かれた国会では、参政党、日本保守党ともに特別委員会の枠が割り当てられている。,True,False,https://www.shugiin.go.jp/internet/itdb_honkaigi.nsf/html/honkai/hon_iin.htm https://www.shugiin.go.jp/internet/itdb_annai.nsf/html/statics/kokkai/kokkai_iinkaikousei.htm https://www.shugiin.go.jp/internet/itdb_annai.nsf/html/statics/shiryo/kaiki.htm https://www.shugiin.go.jp/internet/itdb_kaigiroku.nsf/html/kaigiroku/033021720250124001.htm https://www.shugiin.go.jp/internet/itdb_iinkai.nsf/html/iinkai/iin_t5240.htm https://www.sangiin.go.jp/japanese/kon_kokkaijyoho/index.html#03,False,拡散した画像は第217回国会（参院選前）の「地域活性化・こども政策・デジタル社会形成に関する特別委員会」の委員数であり、参院選後の第218回国会の情報ではない。2025年7月の参院選後、8月1〜5日の第218回国会では7つの特別委員会が設置され、保守党からは百田尚樹氏・北村晴男氏が、参政党からは各委員会に1〜3人が割り当てられている（参議院「今国会情報」）。したがって、特別委員会の割り当てがないという主張は誤りである。,1,False,True,False,-,-,-,-,-,-,-,-,-,0,-,-,-,True,True
562,https://www.factcheckcenter.jp/fact-check/politics/inaccurate-sanseito-hoshuto-committee-seats/,2025/8/15,不正確,政治,https://x.com/i/status/1951135709081022594,"テキスト,画像1",2025年7月の参院選後に開かれた国会では、参政党、日本保守党ともに特別委員会の枠が割り当てられている。,https://www.shugiin.go.jp/internet/itdb_kaigiroku.nsf/html/kaigiroku/033021720250124001.htm,2025年7月の参院選後に開かれた国会では、参政党、日本保守党ともに特別委員会の枠が割り当てられている。,True,True,https://www.shugiin.go.jp/internet/itdb_honkaigi.nsf/html/honkai/hon_iin.htm https://www.shugiin.go.jp/internet/itdb_annai.nsf/html/statics/kokkai/kokkai_iinkaikousei.htm https://www.shugiin.go.jp/internet/itdb_annai.nsf/html/statics/shiryo/kaiki.htm https://www.shugiin.go.jp/internet/itdb_kaigiroku.nsf/html/kaigiroku/033021720250124001.htm https://www.shugiin.go.jp/internet/itdb_iinkai.nsf/html/iinkai/iin_t5240.htm https://www.sangiin.go.jp/japanese/kon_kokkaijyoho/index.html#03,True,2025年7月の参院選後、8月1〜5日に開かれた第218回国会では7つの特別委員会が設置され、保守党からは百田尚樹氏・北村晴男氏が、参政党からは各委員会に1〜3人が割り当てられている（参議院「今国会情報」）。,1,False,True,False,-,-,-,-,-,-,-,-,-,0,-,-,-,True,True
563,https://www.factcheckcenter.jp/fact-check/international/false-european-leaders-waiting-near-the-oval-office/,2025/8/21,誤り,国際,https://x.com/i/status/1957493869148532755,画像1,投稿された画像は、2025年8月18日に米ホワイトハウスでトランプ大統領とウクライナ・ゼレンスキー大統領が会談したことを受け、米大統領執務室付近で欧州首脳が待機している画像である。,https://news.web.nhk/newsweb/na/na-k10014897231000,投稿された画像は、2025年8月18日に米ホワイトハウスでトランプ大統領とウクライナ・ゼレンスキー大統領が会談したことを受け、米大統領執務室付近で欧州首脳が待機しているAIで生成された画像である。,True,False,https://www.whitehouse.gov/videos/president-trump-participates-in-a-family-photo-with-european-leaders/ https://x.com/i/status/1957505175226081483 https://hivemoderation.com/ https://x.com/i/status/1957131474173354234 https://www3.nhk.or.jp/news/html/20250819/k10014897231000.html https://www.tf1info.fr/international/verif-cette-image-montre-t-elle-vraiment-les-leaders-europeens-a-la-maison-blanche-est-elle-relle-ukraine-etats-unis-trump-macron-ue-2389508.html https://leadstories.com/hoax-alert/2025/08/fact-check-european-leaders-macron-von-der-leyen-white-house-corridor.html,False,拡散した画像には脚だけが写る人物、ホワイトハウス公開動画と一致しない参加者や服装など、AI生成特有の不自然な点が複数ある。AI生成検出ツールHIVE MODERATIONは「99.7%の確率でAI生成かディープフェイク」と判定し、仏TF1や米Lead Storiesも「AI生成画像」と判定している。同じ画像が首脳会談前日にXに投稿されていることも確認された。したがって、欧州首脳が待機している実写画像ではない。,1,True,True,True,-,-,-,-,-,-,-,-,-,0,-,-,-,NA,True
564,https://www.factcheckcenter.jp/fact-check/international/false-european-leaders-waiting-near-the-oval-office/,2025/8/21,誤り,国際,https://x.com/i/status/1957493869148532755,画像1,投稿された画像は、2025年8月18日に米ホワイトハウスでトランプ大統領とウクライナ・ゼレンスキー大統領が会談したことを受け、米大統領執務室付近で欧州首脳が待機しているAIで生成された画像である。,https://news.web.nhk/newsweb/na/na-k10014897231000,投稿された画像は、2025年8月18日に米ホワイトハウスでトランプ大統領とウクライナ・ゼレンスキー大統領が会談したことを受け、米大統領執務室付近で欧州首脳が待機しているAIで生成された画像である。,True,True,https://www.whitehouse.gov/videos/president-trump-participates-in-a-family-photo-with-european-leaders/ https://x.com/i/status/1957505175226081483 https://hivemoderation.com/ https://x.com/i/status/1957131474173354234 https://www3.nhk.or.jp/news/html/20250819/k10014897231000.html https://www.tf1info.fr/international/verif-cette-image-montre-t-elle-vraiment-les-leaders-europeens-a-la-maison-blanche-est-elle-relle-ukraine-etats-unis-trump-macron-ue-2389508.html https://leadstories.com/hoax-alert/2025/08/fact-check-european-leaders-macron-von-der-leyen-white-house-corridor.html,True,拡散した画像はAI生成検出ツールHIVE MODERATIONが「99.7%の確率でAI生成かディープフェイク」と判定し、仏TF1や米Lead Storiesも「AI生成画像」と判定している。同じ画像が首脳会談前日にXに投稿されていた。,1,True,False,True,-,-,-,-,-,-,-,-,-,0,-,-,-,NA,False
565,https://www.factcheckcenter.jp/fact-check/international/false-european-leaders-waiting-near-the-oval-office/,2025/8/21,誤り,国際,https://x.com/i/status/1957131474173354234,画像1,投稿された画像は、2025年8月18日に米ホワイトハウスでトランプ大統領とウクライナ・ゼレンスキー大統領が会談したことを受け、米大統領執務室付近で欧州首脳が待機している画像である。,https://news.web.nhk/newsweb/na/na-k10014897231000,投稿された画像は、2025年8月18日に米ホワイトハウスでトランプ大統領とウクライナ・ゼレンスキー大統領が会談したことを受け、米大統領執務室付近で欧州首脳が待機しているAIで生成された画像である。,True,False,https://www.whitehouse.gov/videos/president-trump-participates-in-a-family-photo-with-european-leaders/ https://x.com/i/status/1957505175226081483 https://hivemoderation.com/ https://x.com/i/status/1957131474173354234 https://www3.nhk.or.jp/news/html/20250819/k10014897231000.html https://www.tf1info.fr/international/verif-cette-image-montre-t-elle-vraiment-les-leaders-europeens-a-la-maison-blanche-est-elle-relle-ukraine-etats-unis-trump-macron-ue-2389508.html https://leadstories.com/hoax-alert/2025/08/fact-check-european-leaders-macron-von-der-leyen-white-house-corridor.html,False,拡散した画像には脚だけが写る人物、ホワイトハウス公開動画と一致しない参加者や服装など、AI生成特有の不自然な点が複数ある。AI生成検出ツールHIVE MODERATIONは「99.7%の確率でAI生成かディープフェイク」と判定し、仏TF1や米Lead Storiesも「AI生成画像」と判定している。同じ画像が首脳会談前日にXに投稿されていることも確認された。したがって、欧州首脳が待機している実写画像ではない。,2,True,True,True,True,True,True,-,-,-,-,-,-,0,-,-,-,NA,True
566,https://www.factcheckcenter.jp/fact-check/international/false-european-leaders-waiting-near-the-oval-office/,2025/8/21,誤り,国際,https://x.com/i/status/1957131474173354234,画像1,投稿された画像は、2025年8月18日に米ホワイトハウスでトランプ大統領とウクライナ・ゼレンスキー大統領が会談したことを受け、米大統領執務室付近で欧州首脳が待機しているAIで生成された画像である。,https://news.web.nhk/newsweb/na/na-k10014897231000,投稿された画像は、2025年8月18日に米ホワイトハウスでトランプ大統領とウクライナ・ゼレンスキー大統領が会談したことを受け、米大統領執務室付近で欧州首脳が待機しているAIで生成された画像である。,True,True,https://www.whitehouse.gov/videos/president-trump-participates-in-a-family-photo-with-european-leaders/ https://x.com/i/status/1957505175226081483 https://hivemoderation.com/ https://x.com/i/status/1957131474173354234 https://www3.nhk.or.jp/news/html/20250819/k10014897231000.html https://www.tf1info.fr/international/verif-cette-image-montre-t-elle-vraiment-les-leaders-europeens-a-la-maison-blanche-est-elle-relle-ukraine-etats-unis-trump-macron-ue-2389508.html https://leadstories.com/hoax-alert/2025/08/fact-check-european-leaders-macron-von-der-leyen-white-house-corridor.html,True,拡散した画像はAI生成検出ツールHIVE MODERATIONが「99.7%の確率でAI生成かディープフェイク」と判定し、仏TF1や米Lead Storiesも「AI生成画像」と判定している。同じ画像が首脳会談前日にXに投稿されていた。,2,True,False,True,True,False,True,-,-,-,-,-,-,0,-,-,-,NA,False
567,https://www.factcheckcenter.jp/fact-check/international/false-european-leaders-waiting-near-the-oval-office/,2025/8/21,誤り,国際,https://x.com/i/status/1957523041812086899,画像1,投稿された画像は、2025年8月18日に米ホワイトハウスでトランプ大統領とウクライナ・ゼレンスキー大統領が会談したことを受け、米大統領執務室付近で欧州首脳が待機している画像である。,https://news.web.nhk/newsweb/na/na-k10014897231000,投稿された画像は、2025年8月18日に米ホワイトハウスでトランプ大統領とウクライナ・ゼレンスキー大統領が会談したことを受け、米大統領執務室付近で欧州首脳が待機しているAIで生成された画像である。,True,False,https://www.whitehouse.gov/videos/president-trump-participates-in-a-family-photo-with-european-leaders/ https://x.com/i/status/1957505175226081483 https://hivemoderation.com/ https://x.com/i/status/1957131474173354234 https://www3.nhk.or.jp/news/html/20250819/k10014897231000.html https://www.tf1info.fr/international/verif-cette-image-montre-t-elle-vraiment-les-leaders-europeens-a-la-maison-blanche-est-elle-relle-ukraine-etats-unis-trump-macron-ue-2389508.html https://leadstories.com/hoax-alert/2025/08/fact-check-european-leaders-macron-von-der-leyen-white-house-corridor.html,False,拡散した画像には脚だけが写る人物、ホワイトハウス公開動画と一致しない参加者や服装など、AI生成特有の不自然な点が複数ある。AI生成検出ツールHIVE MODERATIONは「99.7%の確率でAI生成かディープフェイク」と判定し、仏TF1や米Lead Storiesも「AI生成画像」と判定している。同じ画像が首脳会談前日にXに投稿されていることも確認された。したがって、欧州首脳が待機している実写画像ではない。,1,True,True,True,-,-,-,-,-,-,-,-,-,0,-,-,-,NA,True
568,https://www.factcheckcenter.jp/fact-check/international/false-european-leaders-waiting-near-the-oval-office/,2025/8/21,誤り,国際,https://x.com/i/status/1957523041812086899,画像1,投稿された画像は、2025年8月18日に米ホワイトハウスでトランプ大統領とウクライナ・ゼレンスキー大統領が会談したことを受け、米大統領執務室付近で欧州首脳が待機しているAIで生成された画像である。,https://news.web.nhk/newsweb/na/na-k10014897231000,投稿された画像は、2025年8月18日に米ホワイトハウスでトランプ大統領とウクライナ・ゼレンスキー大統領が会談したことを受け、米大統領執務室付近で欧州首脳が待機しているAIで生成された画像である。,True,True,https://www.whitehouse.gov/videos/president-trump-participates-in-a-family-photo-with-european-leaders/ https://x.com/i/status/1957505175226081483 https://hivemoderation.com/ https://x.com/i/status/1957131474173354234 https://www3.nhk.or.jp/news/html/20250819/k10014897231000.html https://www.tf1info.fr/international/verif-cette-image-montre-t-elle-vraiment-les-leaders-europeens-a-la-maison-blanche-est-elle-relle-ukraine-etats-unis-trump-macron-ue-2389508.html https://leadstories.com/hoax-alert/2025/08/fact-check-european-leaders-macron-von-der-leyen-white-house-corridor.html,True,拡散した画像はAI生成検出ツールHIVE MODERATIONが「99.7%の確率でAI生成かディープフェイク」と判定し、仏TF1や米Lead Storiesも「AI生成画像」と判定している。同じ画像が首脳会談前日にXに投稿されていた。,1,True,False,True,-,-,-,-,-,-,-,-,-,0,-,-,-,NA,False
569,https://www.factcheckcenter.jp/fact-check/international/false-european-leaders-waiting-near-the-oval-office/,2025/8/21,誤り,国際,https://x.com/i/status/1957506632428188012,"テキスト,画像1",投稿された画像は、2025年8月18日に米ホワイトハウスでトランプ大統領とウクライナ・ゼレンスキー大統領が会談したことを受け、米大統領執務室付近で欧州首脳が待機している画像である。,https://news.web.nhk/newsweb/na/na-k10014897231000,投稿された画像は、2025年8月18日に米ホワイトハウスでトランプ大統領とウクライナ・ゼレンスキー大統領が会談したことを受け、米大統領執務室付近で欧州首脳が待機しているAIで生成された画像である。,True,False,https://www.whitehouse.gov/videos/president-trump-participates-in-a-family-photo-with-european-leaders/ https://x.com/i/status/1957505175226081483 https://hivemoderation.com/ https://x.com/i/status/1957131474173354234 https://www3.nhk.or.jp/news/html/20250819/k10014897231000.html https://www.tf1info.fr/international/verif-cette-image-montre-t-elle-vraiment-les-leaders-europeens-a-la-maison-blanche-est-elle-relle-ukraine-etats-unis-trump-macron-ue-2389508.html https://leadstories.com/hoax-alert/2025/08/fact-check-european-leaders-macron-von-der-leyen-white-house-corridor.html,False,拡散した画像には脚だけが写る人物、ホワイトハウス公開動画と一致しない参加者や服装など、AI生成特有の不自然な点が複数ある。AI生成検出ツールHIVE MODERATIONは「99.7%の確率でAI生成かディープフェイク」と判定し、仏TF1や米Lead Storiesも「AI生成画像」と判定している。同じ画像が首脳会談前日にXに投稿されていることも確認された。したがって、欧州首脳が待機している実写画像ではない。,1,True,True,True,-,-,-,-,-,-,-,-,-,0,-,-,-,NA,True
570,https://www.factcheckcenter.jp/fact-check/international/false-european-leaders-waiting-near-the-oval-office/,2025/8/21,誤り,国際,https://x.com/i/status/1957506632428188012,"テキスト,画像1",投稿された画像は、2025年8月18日に米ホワイトハウスでトランプ大統領とウクライナ・ゼレンスキー大統領が会談したことを受け、米大統領執務室付近で欧州首脳が待機しているAIで生成された画像である。,https://news.web.nhk/newsweb/na/na-k10014897231000,投稿された画像は、2025年8月18日に米ホワイトハウスでトランプ大統領とウクライナ・ゼレンスキー大統領が会談したことを受け、米大統領執務室付近で欧州首脳が待機しているAIで生成された画像である。,True,True,https://www.whitehouse.gov/videos/president-trump-participates-in-a-family-photo-with-european-leaders/ https://x.com/i/status/1957505175226081483 https://hivemoderation.com/ https://x.com/i/status/1957131474173354234 https://www3.nhk.or.jp/news/html/20250819/k10014897231000.html https://www.tf1info.fr/international/verif-cette-image-montre-t-elle-vraiment-les-leaders-europeens-a-la-maison-blanche-est-elle-relle-ukraine-etats-unis-trump-macron-ue-2389508.html https://leadstories.com/hoax-alert/2025/08/fact-check-european-leaders-macron-von-der-leyen-white-house-corridor.html,True,拡散した画像はAI生成検出ツールHIVE MODERATIONが「99.7%の確率でAI生成かディープフェイク」と判定し、仏TF1や米Lead Storiesも「AI生成画像」と判定している。同じ画像が首脳会談前日にXに投稿されていた。,1,True,False,True,-,-,-,-,-,-,-,-,-,0,-,-,-,NA,False
571,https://www.factcheckcenter.jp/fact-check/international/baseless-trump-said-he-will-save-japanese-citizens/,2025/8/29,根拠不明,国際,https://x.com/i/status/1960768420867399950,"テキスト,画像1",2025年8月28日、米トランプ大統領が「私は日本政府は助けるつもりはないが、日本国民は助けるつもりだ」と発言した。,https://x.com/WhiteHouse/status/1960471464643080288,2025年8月、米トランプ大統領は「私は日本政府は助けるつもりはないが、日本国民は助けるつもりだ」と発言していない。,True,False,https://x.com/i/status/1960471464643080288 https://mvau.lt/media/2a1387e5-8b58-4c54-841f-d164a1796883 https://www.whitehouse.gov/ https://x.com/WhiteHouse https://x.com/realDonaldTrump https://truthsocial.com/@realDonaldTrump/ https://truthsocial.com/@realDonaldTrump,False,"投稿者が英語で投稿した同内容は「The Japanese government won't help, but the Japanese people will.」であり、トランプ大統領が「日本政府を助けない」と言ったという意味にはならない。2025年8月29日11時現在、ホワイトハウスのウェブサイトやX、トランプ氏のXやTruthSocialにそのような発言は確認できず、報道もない。したがって、この発言は確認されていない。",1,True,False,False,-,-,-,-,-,-,-,-,-,0,-,-,-,NA,False
572,https://www.factcheckcenter.jp/fact-check/international/baseless-trump-said-he-will-save-japanese-citizens/,2025/8/29,根拠不明,国際,https://x.com/i/status/1960768420867399950,"テキスト,画像1",2025年8月、米トランプ大統領は「私は日本政府は助けるつもりはないが、日本国民は助けるつもりだ」と発言していない。,https://x.com/WhiteHouse/status/1960471464643080288,2025年8月、米トランプ大統領は「私は日本政府は助けるつもりはないが、日本国民は助けるつもりだ」と発言していない。,True,True,https://x.com/i/status/1960471464643080288 https://mvau.lt/media/2a1387e5-8b58-4c54-841f-d164a1796883 https://www.whitehouse.gov/ https://x.com/WhiteHouse https://x.com/realDonaldTrump https://truthsocial.com/@realDonaldTrump/ https://truthsocial.com/@realDonaldTrump,True,2025年8月29日11時現在、ホワイトハウスのウェブサイトやX、トランプ氏のXやTruthSocialにそのような発言は確認できず、報道もない。添付された英語版は文意が不明瞭で、日本語訳の意味とも異なる。,1,True,True,False,-,-,-,-,-,-,-,-,-,0,-,-,-,NA,True
573,https://www.factcheckcenter.jp/fact-check/politics/false-sanseito-80years-majority-claim/,2025/8/29,誤り,政治,https://x.com/i/status/1956134427815502068,テキスト,令和７年８月１５日参政党が発表した「終戦80年談話」で「2025年の参議院選挙で、自民党が結党以来初めて衆参両院で過半数を割った」と公表した。,https://vdata.nikkei.com/newsgraphics/shuin-sanin-history/,自民党は過去3回（1993年、2009年、2024年）にわたり衆参両院で過半数割れをしている。,True,False,https://vdata.nikkei.com/newsgraphics/shuin-sanin-history/ https://www2.nhk.or.jp/archives/movies/?id=D0009030605_00000 https://www.shugiin.go.jp/internet/itdb_annai.nsf/html/statics/ugoki/h17ugoki/09siryo/H17kans14.htm https://www.sangiin.go.jp/japanese/san60/s60_shiryou/giinsuu_kaiha.htm https://www.sangiin.go.jp/japanese/san60/s60_shiryou/giinsuu_kaiha.htm https://mainichi.jp/articles/20151015/org/00m/100/028000c https://www.yomiuri.co.jp/election/shugiin/2009/ https://www.yomiuri.co.jp/election/sangiin/2007/ https://www.nhk.or.jp/senkyo/database/shugiin/ https://www.nhk.or.jp/senkyo/database/sangiin/2022/ https://web.archive.org/web/20250815065329/https://sanseito.jp/statement_on_the_80th/,False,自民党が衆参両院で過半数を割ったのは、1993年、2009年、2024年の3回ある（日経新聞）。1993年は衆院選で定数511のうち223議席、1992年参院選で定数252のうち107議席。2009年は衆院選で定数480のうち119議席。2024年は衆院選で定数465のうち191議席（NHK）。したがって、「結党以来初めて衆参両院で過半数を割った」という参政党の主張は誤りである。,1,False,True,False,-,-,-,-,-,-,-,-,-,0,-,-,-,-,-
574,https://www.factcheckcenter.jp/fact-check/politics/false-sanseito-80years-majority-claim/,2025/8/29,誤り,政治,https://x.com/i/status/1956134427815502068,テキスト,自民党は過去3回（1993年、2009年、2024年）にわたり衆参両院で過半数割れをしている。,https://vdata.nikkei.com/newsgraphics/shuin-sanin-history/,自民党は過去3回（1993年、2009年、2024年）にわたり衆参両院で過半数割れをしている。,True,True,https://vdata.nikkei.com/newsgraphics/shuin-sanin-history/ https://www2.nhk.or.jp/archives/movies/?id=D0009030605_00000 https://www.shugiin.go.jp/internet/itdb_annai.nsf/html/statics/ugoki/h17ugoki/09siryo/H17kans14.htm https://www.sangiin.go.jp/japanese/san60/s60_shiryou/giinsuu_kaiha.htm https://www.sangiin.go.jp/japanese/san60/s60_shiryou/giinsuu_kaiha.htm https://mainichi.jp/articles/20151015/org/00m/100/028000c https://www.yomiuri.co.jp/election/shugiin/2009/ https://www.yomiuri.co.jp/election/sangiin/2007/ https://www.nhk.or.jp/senkyo/database/shugiin/ https://www.nhk.or.jp/senkyo/database/sangiin/2022/ https://web.archive.org/web/20250815065329/https://sanseito.jp/statement_on_the_80th/,True,日経新聞によると、自民党が衆参両院で過半数を割ったのは1993年、2009年、2024年の3回ある。参政党は公式サイトで「与党として」を追加して修正したが、Xの投稿は修正されていない。,1,False,True,False,-,-,-,-,-,-,-,-,-,0,-,-,-,-,-
575,https://www.factcheckcenter.jp/fact-check/international/false-tornado-ignition/,2025/9/2,誤り,国際,https://x.com/i/status/1961401956435742831,"テキスト,動画1",2025年8月29日投稿された動画は、竜巻に引火した時の映像である。,https://www.noaa.gov/stories/story-map-inside-tornado-alley,投稿された動画は、2014年7月6日に撮影された竜巻画像を加工したものである。,True,False,https://www.noaa.gov/stories/story-map-inside-tornado-alley https://www.facebook.com/photo/?fbid=1469978789912962&set=a.1401358700108305&locale=ja_JP https://youtu.be/g_bz4UNIcUw?si=HSQhrO1ryIURv2QB https://youtu.be/r_0wcW-lLZE?si=IW44agNb03dg211- https://hivemoderation.com/,False,拡散した動画の冒頭をGoogleレンズで検索すると、米国海洋大気庁（NOAA）のサイトに同じ竜巻の画像があり、2014年7月6日に米アイオワ州Traer付近で撮影されたものと確認された。同日・同地点の他の動画には竜巻が燃える様子はない。AI生成検出ツールHIVE MODERATIONは「99.9%の確率でAI生成かディープフェイク」と判定した。したがって、竜巻に引火した映像ではない。,0,-,-,-,-,-,-,-,-,-,-,-,-,1,True,True,True,NA,True
576,https://www.factcheckcenter.jp/fact-check/international/false-tornado-ignition/,2025/9/2,誤り,国際,https://x.com/i/status/1961401956435742831,"テキスト,動画1",投稿された動画は、2014年7月6日に撮影された竜巻画像を加工したものである。,https://www.noaa.gov/stories/story-map-inside-tornado-alley,投稿された動画は、2014年7月6日に撮影された竜巻画像を加工したものである。,True,True,https://www.noaa.gov/stories/story-map-inside-tornado-alley https://www.facebook.com/photo/?fbid=1469978789912962&set=a.1401358700108305&locale=ja_JP https://youtu.be/g_bz4UNIcUw?si=HSQhrO1ryIURv2QB https://youtu.be/r_0wcW-lLZE?si=IW44agNb03dg211- https://hivemoderation.com/,True,拡散した動画の冒頭はNOAAサイトの画像と一致し、2014年7月6日に米アイオワ州Traer付近で撮影された竜巻写真と確認された。AI生成検出ツールHIVE MODERATIONは「99.9%の確率でAI生成かディープフェイク」と判定している。,0,-,-,-,-,-,-,-,-,-,-,-,-,1,True,False,True,NA,False
577,https://www.factcheckcenter.jp/fact-check/politics/inaccurate-koizumi-80-pension/,2025/9/8,不正確,政治,https://x.com/i/status/1964108347277529571,テキスト,小泉氏は年金支給開始年齢を80歳にしようとしている。,https://ameblo.jp/koizumi-shinjiro/entry-12427026562.html,2018年12月19日小泉氏は受給開始年齢は自分たちで決められるという考えのもと、「受給開始年齢は八十歳でもいいのではないかと考えている」と発言している。,True,False,https://infact.press/2024/09/post-23867/ https://ameblo.jp/koizumi-shinjiro/entry-12427026562.html https://ameblo.jp/koizumi-shinjiro/entry-12427026562.html,False,小泉氏のオフィシャルブログによると、2018年10月15日の「国策研究懇談会」での発言は「受給開始年齢は八十歳でもいいのではないかと考えている。六十歳～八十歳までの間であれば、受給開始年齢は自分たちで決められるという考え方である」であり、受給開始年齢の選択肢を広げる趣旨である。年金支給開始年齢を80歳に引き上げようとしているという主張は誤りである。InFactも「不正確」と判定している。,0,-,-,-,-,-,-,-,-,-,-,-,-,0,-,-,-,-,-
578,https://www.factcheckcenter.jp/fact-check/politics/inaccurate-koizumi-80-pension/,2025/9/8,不正確,政治,https://x.com/i/status/1964108347277529571,テキスト,2018年12月19日小泉氏は受給開始年齢は自分たちで決められるという考えのもと、「受給開始年齢は八十歳でもいいのではないかと考えている」と発言している。,https://ameblo.jp/koizumi-shinjiro/entry-12427026562.html,2018年12月19日小泉氏は受給開始年齢は自分たちで決められるという考えのもと、「受給開始年齢は八十歳でもいいのではないかと考えている」と発言している。,True,True,https://infact.press/2024/09/post-23867/ https://ameblo.jp/koizumi-shinjiro/entry-12427026562.html https://ameblo.jp/koizumi-shinjiro/entry-12427026562.html,True,小泉氏のオフィシャルブログによると、2018年10月15日の発言は「受給開始年齢は八十歳でもいいのではないかと考えている。六十歳～八十歳までの間であれば、受給開始年齢は自分たちで決められる」というもので、繰り下げ受給の選択肢を広げる趣旨である。,0,-,-,-,-,-,-,-,-,-,-,-,-,0,-,-,-,-,-
579,https://www.factcheckcenter.jp/fact-check/politics/false-cdp-leader-said-he-will-create-a-designated-area-for-immigrants/,2025/9/11,誤り,政治,https://x.com/i/status/1964173935471448394,"テキスト,動画1",立憲民主党・野田代表が「我々は多文化共生社会を作ります。木更津だけではありません。習志野と津田沼をナイジェリア人特別受け入れ特区にします。」と演説した。,https://www.youtube.com/watch?v=85Lg9pNYyOY,投稿された動画で、立憲民主党・野田代表が「我々は多文化共生社会を作りたいと思っています」と演説した。,True,False,https://cdp-japan.jp/news/20250713_9483 https://youtu.be/85Lg9pNYyOY?si=Yw1HnmDGux-uB9fG,False,拡散した37秒の動画はワンカットで改ざんされた様子はなく、野田氏は「我々は多文化共生社会を作りたいと思っています」と発言しているが、「木更津」「習志野」「津田沼」「ナイジェリア人特別受け入れ特区」という言葉は一切言っていない。石垣のりこ氏のYouTubeチャンネルに公開された16分47秒の演説全体でも、そのような発言は確認されない。立憲民主党や野田氏の公式サイト・Xにもそのような発言はなく、報道もない。,0,-,-,-,-,-,-,-,-,-,-,-,-,1,False,False,False,True,-
580,https://www.factcheckcenter.jp/fact-check/politics/false-cdp-leader-said-he-will-create-a-designated-area-for-immigrants/,2025/9/11,誤り,政治,https://x.com/i/status/1964173935471448394,"テキスト,動画1",投稿された動画で、立憲民主党・野田代表が「我々は多文化共生社会を作りたいと思っています」と演説した。,https://www.youtube.com/watch?v=85Lg9pNYyOY,投稿された動画で、立憲民主党・野田代表が「我々は多文化共生社会を作りたいと思っています」と演説した。,True,True,https://cdp-japan.jp/news/20250713_9483 https://youtu.be/85Lg9pNYyOY?si=Yw1HnmDGux-uB9fG,True,拡散した37秒の動画はワンカットで改ざんされた様子はなく、野田氏は「我々は多文化共生社会を作りたいと思っています」と発言している。石垣のりこ氏のYouTubeチャンネルに公開された演説全体でも同内容が確認できる。,0,-,-,-,-,-,-,-,-,-,-,-,-,1,False,False,False,True,False
581,https://www.factcheckcenter.jp/fact-check/politics/false-only-sanseito-limits-membership-to-japanese/,2025/9/12,誤り,政治,https://x.com/i/status/1965300072155083056,テキスト,日本の政党で党員や構成メンバーが「日本国籍を有する者のみ」と明記している政党は、『参政党のみ』である。,https://www.jimin.jp/involved/joining/,他の政党（自民党・国民民主党・日本維新の会・日本共産党）も党員資格として、「満18歳以上で、日本国籍を有する方」と明記している。,True,False,https://sanseito.jp/2020/tos/ https://www.jimin.jp/involved/joining/ https://cdp-japan.jp/commit/as_member https://new-kokumin.jp/about/protocol1 https://o-ishin.jp/about/joinus/ https://www.komei.or.jp/wp-content/uploads/220925kiyaku.pdf https://www.jcp.or.jp/activity/kiyaku/,False,自民党（「満18歳以上で日本国籍を有する方」）、立憲民主党（「18歳以上で日本国籍を有する方」）、国民民主党（「18歳以上の日本国民」）、日本維新の会（「満18歳以上で、日本国籍を有する方」）、日本共産党（「十八歳以上の日本国民」）も、いずれも公式サイトで党員資格に日本国籍を明記している。したがって、日本国籍要件を明記しているのは参政党のみという主張は誤りである。,1,False,True,False,-,-,-,-,-,-,-,-,-,0,-,-,-,-,-
582,https://www.factcheckcenter.jp/fact-check/politics/false-only-sanseito-limits-membership-to-japanese/,2025/9/12,誤り,政治,https://x.com/i/status/1965300072155083056,テキスト,参政党以外の政党（自民党・国民民主党・日本維新の会・日本共産党）も党員資格として、「満18歳以上で、日本国籍を有する方」と明記している。,https://www.jimin.jp/involved/joining/,他の政党（自民党・国民民主党・日本維新の会・日本共産党）も党員資格として、「満18歳以上で、日本国籍を有する方」と明記している。,True,True,https://sanseito.jp/2020/tos/ https://www.jimin.jp/involved/joining/ https://cdp-japan.jp/commit/as_member https://new-kokumin.jp/about/protocol1 https://o-ishin.jp/about/joinus/ https://www.komei.or.jp/wp-content/uploads/220925kiyaku.pdf https://www.jcp.or.jp/activity/kiyaku/,True,自民党・立憲民主党・国民民主党・日本維新の会・日本共産党も、各党の公式サイトで党員資格として「日本国籍を有する方」または「日本国民」と明記している。公明党は「国籍を問わず」としている。,1,False,True,False,-,-,-,-,-,-,-,-,-,0,-,-,-,-,-
583,https://www.factcheckcenter.jp/fact-check/politics/false-nyt-reported-takaichi-won-ldp-election/,2025/9/12,誤り,政治,https://x.com/i/status/1965457430026014753,"テキスト,画像1",2025年9月10日、ニューヨークタイムズは既に高市早苗さんが総理大臣になったと報じています。,https://www.nytimes.com/2021/09/20/world/asia/japan-election-sanae-takaichi.html,投稿された画像は、2021年9月19日のニューヨークタイムズの記事で、高市早苗さんが勝った場合、初の女性総理大臣になることを報じています。,True,False,https://www.nytimes.com/2021/09/20/world/asia/japan-election-sanae-takaichi.html https://www3.nhk.or.jp/news/html/20250912/k10014920381000.html https://www.jiji.com/jc/article?k=2025091100860&g=pol,False,"NYタイムズ紙の記事（""A Hard-Line Conservative Hopes to Be Japan's First Female Leader""）は2021年9月19日に掲載されたものであり、2025年の自民党総裁選に関するものではない。また、記事は「初の女性首相になることを望んでいる」という趣旨であり、「首相になった」とは書いていない。したがって、2025年にNYタイムズが高市氏の首相就任を報じたという主張は誤りである。",1,False,True,False,-,-,-,-,-,-,-,-,-,0,-,-,-,True,True
584,https://www.factcheckcenter.jp/fact-check/politics/false-nyt-reported-takaichi-won-ldp-election/,2025/9/12,誤り,政治,https://x.com/i/status/1965457430026014753,"テキスト,画像1",投稿された画像は、2021年9月19日のニューヨークタイムズの記事で、高市早苗さんが勝った場合、初の女性総理大臣になることを報じています。,https://www.nytimes.com/2021/09/20/world/asia/japan-election-sanae-takaichi.html,投稿された画像は、2021年9月19日のニューヨークタイムズの記事で、高市早苗さんが勝った場合、初の女性総理大臣になることを報じています。,True,True,https://www.nytimes.com/2021/09/20/world/asia/japan-election-sanae-takaichi.html https://www3.nhk.or.jp/news/html/20250912/k10014920381000.html https://www.jiji.com/jc/article?k=2025091100860&g=pol,True,"NYタイムズ紙の記事（""A Hard-Line Conservative Hopes to Be Japan's First Female Leader""）は2021年9月19日に掲載されたもので、2021年の自民党総裁選で高市氏が勝てば日本初の女性首相となるという趣旨の記事である。",1,False,False,False,-,-,-,-,-,-,-,-,-,0,-,-,-,True,False
585,https://www.factcheckcenter.jp/fact-check/politics/false-shinjiro-for-higher-taxes-recirculates/,2025/9/16,誤り,政治,https://x.com/i/status/1964782679729279388,"テキスト,動画1",2025年の自民党総裁選に立候補を表明した小泉進次郎農林水産相が「消費税から逃げるな」「15％待った無し」などと発言した。,https://www.youtube.com/watch?v=IEEyBfRtNxs,投稿された動画は、2017年6月1日の小泉進次郎議員の記者会見を切り貼りして消費増税を主張したかように見せた動画である。,True,False,https://youtu.be/IEEyBfRtNxs?si=-I4X6y2YZcH4Lt1W,False,拡散した動画は45秒で、複数の短いカットをつなぎ合わせて編集されている。元動画は2017年6月1日の日本記者クラブでの小泉氏の会見（1時間21分）であり、元の発言を確認すると、小泉氏は「消費増税というのは選択肢にはなり得ない」「現実的ではない」と述べている。拡散した動画は前後の文脈を無視して恣意的に切り貼りしたものであり、小泉氏が消費増税を主張したという内容は誤りである。,0,-,-,-,-,-,-,-,-,-,-,-,-,1,True,False,False,True,False
586,https://www.factcheckcenter.jp/fact-check/politics/false-shinjiro-for-higher-taxes-recirculates/,2025/9/16,誤り,政治,https://x.com/i/status/1964782679729279388,"テキスト,動画1",投稿された動画は、2017年6月1日の小泉進次郎議員の記者会見を切り貼りして消費増税を主張したかように見せた動画である。,https://www.youtube.com/watch?v=IEEyBfRtNxs,投稿された動画は、2017年6月1日の小泉進次郎議員の記者会見を切り貼りして消費増税を主張したかように見せた動画である。,True,True,https://youtu.be/IEEyBfRtNxs?si=-I4X6y2YZcH4Lt1W,True,拡散した動画は45秒で、2017年6月1日の日本記者クラブでの小泉氏の会見（1時間21分）を複数の短いカットに切り貼りして編集されたものである。元の会見で小泉氏は「消費増税というのは選択肢にはなり得ない」「現実的ではない」と述べており、前後の文脈を無視して恣意的に編集されている。,0,-,-,-,-,-,-,-,-,-,-,-,-,1,True,False,False,True,False
587,https://www.factcheckcenter.jp/fact-check/health/inaccurate-dandelion-cures-leukemia/,2025/9/26,不正確,医療・健康,https://x.com/i/status/1962462799478820967,"テキスト,画像1",たんぽぽは白血病細胞を死滅させる。,https://fullfact.org/health/dandelion-cancer/,たんぽぽが白血病細胞を死滅させることに対する医学的な有効性や安全性を調べる臨床試験はなされていない。,True,False,https://x.com/i/status/1955225237261373867 https://x.com/i/status/25189469647 https://x.com/i/status/2534056126316545 https://x.com/i/status/2189451639914498 https://ashpublications.org/blood/article/118/21/4288/79324/Unusual-Response-of-Acute-Monocytic-Leukemia-to https://www.mskcc.org/cancer-care/integrative-medicine/herbs/dandelion https://www.ncc.go.jp/jp/ncch/division/clinical_trial/patient/about/index.html https://www.ejim.mhlw.go.jp/pro/overseas/c04/14.html https://fullfact.org/health/dandelion-cancer/ https://factcheck.afp.com/doc.afp.com.9GV66Q,False,米メモリアル・スローン・ケタリングがんセンターは「血液がん患者に潜在的な効果があったとする症例報告があるが、タンポポの摂取によるものかは不明。臨床試験が必要」と注意を促している。厚労省も「タンポポの効果についてはほとんどわかっていない」「科学的証拠はほとんどない」としている。英FullFactは「がん治療法として効果が証明されていない」、AFP通信も専門家の否定を報じている。したがって、たんぽぽが白血病細胞を死滅させるという主張は科学的根拠がない。,1,False,False,False,-,-,-,-,-,-,-,-,-,0,-,-,-,True,False
588,https://www.factcheckcenter.jp/fact-check/health/inaccurate-dandelion-cures-leukemia/,2025/9/26,不正確,医療・健康,https://x.com/i/status/1962462799478820967,"テキスト,画像1",たんぽぽが白血病細胞を死滅させることに対する医学的な有効性や安全性を調べる臨床試験はなされていない。,https://fullfact.org/health/dandelion-cancer/,たんぽぽが白血病細胞を死滅させることに対する医学的な有効性や安全性を調べる臨床試験はなされていない。,True,True,https://x.com/i/status/1955225237261373867 https://x.com/i/status/25189469647 https://x.com/i/status/2534056126316545 https://x.com/i/status/2189451639914498 https://ashpublications.org/blood/article/118/21/4288/79324/Unusual-Response-of-Acute-Monocytic-Leukemia-to https://www.mskcc.org/cancer-care/integrative-medicine/herbs/dandelion https://www.ncc.go.jp/jp/ncch/division/clinical_trial/patient/about/index.html https://www.ejim.mhlw.go.jp/pro/overseas/c04/14.html https://fullfact.org/health/dandelion-cancer/ https://factcheck.afp.com/doc.afp.com.9GV66Q,True,米メモリアル・スローン・ケタリングがんセンターは「タンポポが安全かつ有効である条件を明らかにするには臨床試験が必要」と述べている。厚労省も「タンポポの効果についてはほとんどわかっていない」としており、たんぽぽの医学的有効性や安全性を調べる臨床試験はなされていない。,1,False,True,False,-,-,-,-,-,-,-,-,-,0,-,-,-,True,True
589,https://www.factcheckcenter.jp/fact-check/politics/false-koizumi-shinjiro-camp-violated-the-rules/,2025/10/1,誤り,政治,https://x.com/i/status/1970773915078476196,"テキスト,画像1",2025年自民党総裁選挙において、小泉進次郎氏の陣営が規則に違反してチラシを配った。,https://www.jimin.jp/news/information/211404.html,2025年自民党総裁選挙において、小泉進次郎氏の陣営がチラシを配ったことは規則に総裁選挙における禁止事項に該当していない。,True,False,https://storage2.jimin.jp/pdf/election/results/sousai18/rules.pdf https://storage2.jimin.jp/pdf/election/results/sousai18/regulations.pdf https://www.jimin.jp/news/information/211404.html https://www.sankei.com/article/20240919-AUKODENAOVIIREQF5Q2CUVDS7Q/ https://newsdig.tbs.co.jp/articles/-/1437539?display=1,False,自民党総裁選管の禁止事項通達（9月10日）によると、禁止されているのは「書籍、色紙等物品を配布」「文書類を印刷し郵送」「インターネット上に有料広告」「オートコールによる電話作戦」等であり、会場でのチラシ手渡しは明示的な禁止事項に該当しない（自民党「総裁選〜禁止事項も通達」）。したがって、チラシ配りが規則違反であるという主張は根拠がない。,1,False,True,False,-,-,-,-,-,-,-,-,-,0,-,-,-,NA,True
590,https://www.factcheckcenter.jp/fact-check/politics/false-koizumi-shinjiro-camp-violated-the-rules/,2025/10/1,誤り,政治,https://x.com/i/status/1970773915078476196,"テキスト,画像1",2025年自民党総裁選挙において、小泉進次郎氏の陣営がチラシを配ったことは総裁選挙における禁止事項に該当していない。,https://www.jimin.jp/news/information/211404.html,2025年自民党総裁選挙において、小泉進次郎氏の陣営がチラシを配ったことは規則に総裁選挙における禁止事項に該当していない。,True,True,https://storage2.jimin.jp/pdf/election/results/sousai18/rules.pdf https://storage2.jimin.jp/pdf/election/results/sousai18/regulations.pdf https://www.jimin.jp/news/information/211404.html https://www.sankei.com/article/20240919-AUKODENAOVIIREQF5Q2CUVDS7Q/ https://newsdig.tbs.co.jp/articles/-/1437539?display=1,True,自民党総裁選管の禁止事項通達（9月10日）によると、禁止されているのは「書籍、色紙等物品を配布」「文書類を印刷し郵送」「インターネット上に有料広告」「オートコールによる電話作戦」等であり、会場でのチラシ手渡しは明示的な禁止事項に該当しない（自民党）。,1,False,True,False,-,-,-,-,-,-,-,-,-,0,-,-,-,NA,True
591,https://www.factcheckcenter.jp/fact-check/politics/false-tokyo-governor-admits-false-academic-record-announces-resignation/,2025/10/1,誤り,政治,https://x.com/i/status/1969602095054795048,"テキスト,動画1",2025年9月19日の知事記者会見で、小池百合子東京都知事が「自身の学歴が誤っていたので辞任する」と表明した。,https://www.metro.tokyo.lg.jp/governor/kishakaiken/2025/09/19,2025年9月19日の知事記者会見において小池百合子東京都知事の「自身の学歴が誤っていたので辞任する」という発言はない。,True,False,https://www.metro.tokyo.lg.jp/governor/kishakaiken/2025/09/19,False,都庁ホームページに掲載された32分31秒の会見動画全体（令和7年9月19日）を確認しても、小池都知事が学歴について誤っていると発言したり、辞任すると発言したりする場面はない。拡散した動画は会見の27分59秒〜29分47秒の切り抜きで改ざんはされていないが、投稿文は動画内容と異なる。9月30日現在、そのような発表も報道もない。,0,-,-,-,-,-,-,-,-,-,-,-,-,1,False,True,False,True,True
592,https://www.factcheckcenter.jp/fact-check/politics/false-tokyo-governor-admits-false-academic-record-announces-resignation/,2025/10/1,誤り,政治,https://x.com/i/status/1969602095054795048,"テキスト,動画1",2025年9月19日の知事記者会見において小池百合子東京都知事の「自身の学歴が誤っていたので辞任する」という発言はない。,https://www.metro.tokyo.lg.jp/governor/kishakaiken/2025/09/19,2025年9月19日の知事記者会見において小池百合子東京都知事の「自身の学歴が誤っていたので辞任する」という発言はない。,True,True,https://www.metro.tokyo.lg.jp/governor/kishakaiken/2025/09/19,True,都庁ホームページに掲載された32分31秒の会見動画全体（令和7年9月19日）を確認しても、小池都知事が学歴について誤っていると発言したり、辞任すると発言したりする場面はなく、9月30日現在そのような発表も報道もない。,0,-,-,-,-,-,-,-,-,-,-,-,-,1,False,False,False,True,False
593,https://www.factcheckcenter.jp/fact-check/health/false-from-this-year-the-influenza-vaccine-has-switched-to-mrna/,2025/10/3,誤り,医療・健康,https://twitter.com/i/status/1971781800176550048,テキスト,2025/26シーズンから季節性インフルエンザワクチンはmRNAワクチンになる。,https://www.mhlw.go.jp/content/10906000/001551207.pdf,2025/26シーズンから季節性インフルエンザワクチンはmRNAワクチンになるという予定はない。,True,False,https://cepi.net/mrna-vaccines-what-they-are-and-what-they-are-not? https://www.modernatx.com/i/press-release/2025/20250701 https://www.nikkei.com/article/DGXZQOUC18B6B0Y4A610C2000000/ https://www.mhlw.go.jp/stf/seisakunitsuite/bunya/kenkou_iryou/kenkou/kekkaku-kansenshou/infulenza/QA2024.html?utm_source=chatgpt.com https://www.carenet.com/news/journal/carenet/60679 https://jp.reuters.com/markets/japan/funds/5ADYRXU62FKOZHLFKHZBEG2GQU-2025-05-22/ https://cepi.net/mrna-vaccines-what-they-are-and-what-they-are-not https://www.mhlw.go.jp/stf/seisakunitsuite/bunya/kenkou_iryou/kenkou/kekkaku-kansenshou/infulenza/QA2024.html,False,厚労省のQ&Aによると、「令和6年10月現在、国内のインフルエンザワクチンについては、皮下投与の不活化ワクチンと経鼻投与の弱毒生ワクチンの2種類が流通」しており、mRNAワクチンの接種開始予定は確認されていない（厚労省「令和6年度インフルエンザQ&A」）。インフルエンザ用mRNAワクチンは開発段階にある（モデルナ、第一三共）。したがって、2025/26シーズンからインフルエンザワクチンがmRNAになるという主張は誤りである。,0,-,-,-,-,-,-,-,-,-,-,-,-,0,-,-,-,-,-
594,https://www.factcheckcenter.jp/fact-check/health/false-from-this-year-the-influenza-vaccine-has-switched-to-mrna/,2025/10/3,誤り,医療・健康,https://twitter.com/i/status/1971781800176550048,テキスト,2025/26シーズンから季節性インフルエンザワクチンはmRNAワクチンになるという予定はない。,https://www.mhlw.go.jp/content/10906000/001551207.pdf,2025/26シーズンから季節性インフルエンザワクチンはmRNAワクチンになるという予定はない。,True,True,https://cepi.net/mrna-vaccines-what-they-are-and-what-they-are-not? https://www.modernatx.com/i/press-release/2025/20250701 https://www.nikkei.com/article/DGXZQOUC18B6B0Y4A610C2000000/ https://www.mhlw.go.jp/stf/seisakunitsuite/bunya/kenkou_iryou/kenkou/kekkaku-kansenshou/infulenza/QA2024.html?utm_source=chatgpt.com https://www.carenet.com/news/journal/carenet/60679 https://jp.reuters.com/markets/japan/funds/5ADYRXU62FKOZHLFKHZBEG2GQU-2025-05-22/ https://cepi.net/mrna-vaccines-what-they-are-and-what-they-are-not https://www.mhlw.go.jp/stf/seisakunitsuite/bunya/kenkou_iryou/kenkou/kekkaku-kansenshou/infulenza/QA2024.html,True,厚労省によると、現在日本で流通しているインフルエンザワクチンは不活化ワクチンと経鼻投与の弱毒生ワクチンの2種類のみである（厚労省「令和6年度インフルエンザQ&A」）。mRNAインフルエンザワクチンは開発段階にあり、接種開始の予定は確認されていない。,0,-,-,-,-,-,-,-,-,-,-,-,-,0,-,-,-,-,-
595,https://www.factcheckcenter.jp/fact-check/health/false-mhlw-minister-unaware-of-covid-vaccines-preventive-effect/,2025/10/3,誤り,医療・健康,https://x.com/i/status/1973010454327988504,テキスト,2025年9月30日厚生労働大臣会見で、福岡資麿厚生労働大臣は「新型コロナワクチンについて感染予防効果については承知していない」と発言した。,https://www.mhlw.go.jp/stf/kaiken/daijin/0000194708_00853.html,2025年9月30日厚生労働大臣会見で、福岡資麿厚生労働大臣は「個別のワクチン製造販売業者が新型コロナワクチンの効果をどのように認識しているかについては、私どもとしては承知していません」」と発言した。,NA,False,https://www.mhlw.go.jp/stf/kaiken/daijin/0000194708_00853.html,False,厚労省のサイトで確認すると、福岡厚労相は「新型コロナワクチンについて、感染予防効果はありますが、持続期間に限界がある」と前置きした上で、「個別のワクチン製造販売業者がワクチンの効果をどのように認識しているかについては、私どもとしては承知していません」と述べている（厚労省「福岡大臣会見概要 令和7年9月30日」）。拡散した動画は前置き部分を省き「承知していない」を強調した編集になっており、ワクチンの感染予防効果について承知していないと述べたわけではない。,1,False,True,False,-,-,-,-,-,-,-,-,-,0,-,-,-,-,-
596,https://www.factcheckcenter.jp/fact-check/health/false-mhlw-minister-unaware-of-covid-vaccines-preventive-effect/,2025/10/3,誤り,医療・健康,https://x.com/i/status/1973010454327988504,テキスト,2025年9月30日厚生労働大臣会見で、福岡資麿厚生労働大臣は「個別のワクチン製造販売業者が新型コロナワクチンの効果をどのように認識しているかについては、私どもとしては承知していません」」と発言した。,https://www.mhlw.go.jp/stf/kaiken/daijin/0000194708_00853.html,2025年9月30日厚生労働大臣会見で、福岡資麿厚生労働大臣は「個別のワクチン製造販売業者が新型コロナワクチンの効果をどのように認識しているかについては、私どもとしては承知していません」」と発言した。,NA,True,https://www.mhlw.go.jp/stf/kaiken/daijin/0000194708_00853.html,True,厚労省のサイトによると、福岡厚労相は「新型コロナワクチンについて、感染予防効果はありますが、持続期間に限界がある」と述べた上で、「個別のワクチン製造販売業者がワクチンの効果をどのように認識しているかについては、私どもとしては承知していません」と発言している（厚労省「福岡大臣会見概要 令和7年9月30日」）。,1,False,True,False,-,-,-,-,-,-,-,-,-,0,-,-,-,-,-
597,https://www.factcheckcenter.jp/fact-check/politics/false-electoral-rights-for-foreign-residents/,2025/10/6,誤り,政治,https://x.com/i/status/1973535339680833541,"テキスト,動画1",投稿された動画は、在日韓国人が日本の国政選挙に投票したことを報じるニュース動画である。,https://www.youtube.com/watch?v=5jDjiE1g8xU,投稿された動画は、在日韓国人が韓国の国政選挙に日本国内から投票したことを報じるニュース動画である。,True,False,https://youtu.be/5jDjiE1g8xU?si=XrSCT9t6pUTxLbu4 https://laws.e-gov.go.jp/law/325AC1000000100?ref=factcheckcenter.jp#Mp-Ch_2-At_9,False,ANN News公式チャンネルの元動画（2012年4月1日公開「在日韓国人が悲願の『一票』母国総選挙で初参政権」）を確認すると、在日韓国人が2012年4月の韓国の総選挙から投票できるようになったことを伝える内容であり、日本の国政選挙の話ではない。公職選挙法第9条は「日本国民で年齢満十八年以上の者」に選挙権を定めており、外国人に日本の国政選挙権は認められていない。,0,-,-,-,-,-,-,-,-,-,-,-,-,1,False,True,False,True,True
598,https://www.factcheckcenter.jp/fact-check/politics/false-electoral-rights-for-foreign-residents/,2025/10/6,誤り,政治,https://x.com/i/status/1973535339680833541,"テキスト,動画1",投稿された動画は、在日韓国人が韓国の国政選挙に日本国内から投票したことを報じるニュース動画である。,https://www.youtube.com/watch?v=5jDjiE1g8xU,投稿された動画は、在日韓国人が韓国の国政選挙に日本国内から投票したことを報じるニュース動画である。,True,True,https://youtu.be/5jDjiE1g8xU?si=XrSCT9t6pUTxLbu4 https://laws.e-gov.go.jp/law/325AC1000000100?ref=factcheckcenter.jp#Mp-Ch_2-At_9,True,ANN News公式チャンネルの元動画（2012年4月1日公開）は、在日韓国人が2012年4月の韓国の総選挙から投票できるようになったことを伝える内容である。日本の国政選挙ではなく、韓国の国政選挙に日本国内から投票した映像である。,0,-,-,-,-,-,-,-,-,-,-,-,-,1,False,False,False,True,False
599,https://www.factcheckcenter.jp/fact-check/politics/false-photo-of-takaichi-and-tsujimoto/,2025/10/7,誤り,政治,https://x.com/i/status/1975033346402177347,画像1,投稿された画像は、自民党・高市早苗新総裁と立憲民主党・辻元清美参議院議員が総裁室で握手する画像である。,https://x.com/i/status/1975119174776377476,投稿された画像は、自民党・高市早苗新総裁と立憲民主党・辻元清美参議院議員が総裁室で握手するAI生成画像である。,False,False,https://x.com/i/status/1975119174776377476 https://x.com/i/status/1975060471226237150 https://archive.md/IK5iW https://hivemoderation.com/ai-generated-content-detection,False,辻元清美氏自身がXで「総裁席に座る高市さんと私のツーショット合成写真が出回っている」「もちろんフェイク」と否定している（2025年10月6日）。画像の出典元ブログの画像にはGoogleのAI「Gemini」で生成したことを示すウォーターマークが入っている。AI生成検出ツールHIVE MODERATIONも「98.9%の確率でAI生成かディープフェイク」と判定した。したがって、実際の握手画像ではない。,1,True,False,True,-,-,-,-,-,-,-,-,-,0,-,-,-,False,False
600,https://www.factcheckcenter.jp/fact-check/politics/false-photo-of-takaichi-and-tsujimoto/,2025/10/7,誤り,政治,https://x.com/i/status/1975033346402177347,画像1,投稿された画像は、自民党・高市早苗新総裁と立憲民主党・辻元清美参議院議員が総裁室で握手するAI生成画像である。,https://x.com/i/status/1975119174776377476,投稿された画像は、自民党・高市早苗新総裁と立憲民主党・辻元清美参議院議員が総裁室で握手するAI生成画像である。,False,True,https://x.com/i/status/1975119174776377476 https://x.com/i/status/1975060471226237150 https://archive.md/IK5iW https://hivemoderation.com/ai-generated-content-detection,True,辻元清美氏自身がXで「合成写真」「もちろんフェイク」と否定している（2025年10月6日）。画像の出典元ブログにはGoogleのAI「Gemini」のウォーターマークが入っており、HIVE MODERATIONも「98.9%の確率でAI生成かディープフェイク」と判定している。,1,True,False,True,-,-,-,-,-,-,-,-,-,0,-,-,-,False,False
601,https://www.factcheckcenter.jp/fact-check/international/false-immigrants-riot-in-europe/,2025/10/9,誤り,国際,https://x.com/i/status/1974952396704104647,"テキスト,動画1",投稿された動画は、欧州における移民による暴動の様子である。,https://www.youtube.com/watch?v=4hxhUsom6dY,投稿された動画は、2025年9月にネパールの宮殿で撮影された、政府に対する抗議行動の様子である。,True,False,"https://nanjpride.blog.jp/archives/5625968.html https://www.instagram.com/p/CLi2BSOBerX/?img_index=2%EF%BC%89%E3%80%82 https://www.nytimes.com/2025/09/17/world/asia/nepal-protests-arson-singha-durbar.html https://youtu.be/4hxhUsom6dY?si=J67vAzv_kakMfbvN https://www.bbc.com/japanese/articles/c237n10v981o https://www.jiji.com/jc/d4?p=npl909-jpp087057266&d=d4_demo https://nanjpride.blog.jp/archives/5625968.html,2025%E5%B9%B409%E6%9C%8810%E6%97%A5 https://www.instagram.com/p/CLi2BSOBerX/?img_index=2",False,動画内の建物の内装は、ネパール・カトマンズのシンハ・ダルバール宮殿のオブジェや鏡の形と一致する（InstagramおよびYouTubeの映像で確認）。NYTやBBCの報道によると、同宮殿は2025年9月の反政府抗議行動で建物の一部が破壊されており、動画は欧州の移民暴動ではなく、ネパールの抗議行動の映像である。,0,-,-,-,-,-,-,-,-,-,-,-,-,1,False,True,False,NA,True
602,https://www.factcheckcenter.jp/fact-check/international/false-immigrants-riot-in-europe/,2025/10/9,誤り,国際,https://x.com/i/status/1974952396704104647,"テキスト,動画1",投稿された動画は、2025年9月にネパールの宮殿で撮影された、政府に対する抗議行動の様子である。,https://www.youtube.com/watch?v=4hxhUsom6dY,投稿された動画は、2025年9月にネパールの宮殿で撮影された、政府に対する抗議行動の様子である。,True,True,"https://nanjpride.blog.jp/archives/5625968.html https://www.instagram.com/p/CLi2BSOBerX/?img_index=2%EF%BC%89%E3%80%82 https://www.nytimes.com/2025/09/17/world/asia/nepal-protests-arson-singha-durbar.html https://youtu.be/4hxhUsom6dY?si=J67vAzv_kakMfbvN https://www.bbc.com/japanese/articles/c237n10v981o https://www.jiji.com/jc/d4?p=npl909-jpp087057266&d=d4_demo https://nanjpride.blog.jp/archives/5625968.html,2025%E5%B9%B409%E6%9C%8810%E6%97%A5 https://www.instagram.com/p/CLi2BSOBerX/?img_index=2",True,動画内の建物の内装は、ネパール・カトマンズのシンハ・ダルバール宮殿のオブジェや鏡の形と一致する（InstagramおよびYouTubeの映像で確認）。NYTやBBCの報道によると、同宮殿では2025年9月8日に反政府抗議行動が発生し建物の一部が破壊されており、動画はこの抗議行動の映像である。,0,-,-,-,-,-,-,-,-,-,-,-,-,1,False,False,False,NA,False
603,https://www.factcheckcenter.jp/fact-check/politics/inaccurate-kishida-praises-tamaki-as-pm/,2025/10/16,不正確,政治,https://x.com/i/status/1977568592519631301,テキスト,2025年10月の首班指名に向けて、岸田文雄前首相が国民民主党・玉木雄一郎代表を「首相候補の一人」ではあると述べた。,https://www.youtube.com/watch?v=F12D_6L6pkY,2025年5月9日TBS NEWS DIG国会トークフロントラインにおいて、岸田文雄前首相が国民民主党・玉木雄一郎代表を「首相候補の一人」ではあるが、建設的な、具体的な案を考えることは大事ではないかと評した。,True,False,https://www.nikkei.com/article/DGXZQOUA09D3Y0Z00C25A5000000/ https://mainichi.jp/articles/20250509/k00/00m/010/419000c https://timetable.yanbe.net/html/cs1/2025/05/09_9.html?13 https://youtu.be/F12D_6L6pkY?si=jCuIwTMTNk_i7eWZ,False,岸田氏の発言は2025年5月9日のTBS CS番組「国会トークフロントライン」でのものであり、10月の首班指名に向けたものではない。番組で岸田氏は「いろいろの世論を聞く限り、玉木さんはまあ、総理候補の一人なんだと思います」と述べつつ、「財源問題について、もう少し建設的な、具体的な案を考えることは大事」と注文をつけており、全面的に賛同する主旨ではない。10月の文脈とは大きく異なる。,1,False,True,False,-,-,-,-,-,-,-,-,-,0,-,-,-,-,-
604,https://www.factcheckcenter.jp/fact-check/politics/inaccurate-kishida-praises-tamaki-as-pm/,2025/10/16,不正確,政治,https://x.com/i/status/1977568592519631301,テキスト,2025年5月9日TBS NEWS DIG国会トークフロントラインにおいて、岸田文雄前首相が国民民主党・玉木雄一郎代表を「首相候補の一人」ではあるが、建設的な、具体的な案を考えることは大事ではないかと評した。,https://www.youtube.com/watch?v=F12D_6L6pkY,2025年5月9日TBS NEWS DIG国会トークフロントラインにおいて、岸田文雄前首相が国民民主党・玉木雄一郎代表を「首相候補の一人」ではあるが、建設的な、具体的な案を考えることは大事ではないかと評した。,True,True,https://www.nikkei.com/article/DGXZQOUA09D3Y0Z00C25A5000000/ https://mainichi.jp/articles/20250509/k00/00m/010/419000c https://timetable.yanbe.net/html/cs1/2025/05/09_9.html?13 https://youtu.be/F12D_6L6pkY?si=jCuIwTMTNk_i7eWZ,True,2025年5月9日のTBS CS番組「国会トークフロントライン」で、岸田氏は「いろいろの世論を聞く限り、玉木さんはまあ、総理候補の一人なんだと思います」と述べつつ、「財源問題について、もう少し建設的な、具体的な案を考えることは大事」と注文をつけている。,1,False,True,False,-,-,-,-,-,-,-,-,-,0,-,-,-,-,-
605,https://www.factcheckcenter.jp/fact-check/health/inaccurate-international-tribunal-declares-mrna-shots-are-biological-wewapons/,2025/10/16,不正確,医療・健康,https://x.com/i/status/1976889725459087439,画像1,先住民族同盟（AIN）国際法廷が、国際法に基づいて新型コロナウイルスのmRNA注射を「生物学的・技術的大量破壊兵器」と宣言した。,https://www.unic.or.jp/info/un/un_organization/icj/,国際司法裁判所（ICJ）は国連の主要な司法機関であり、先住民族同盟（AIN）国際法廷とは別の組織である。,True,False,http://slaynews.com/ https://slaynews.com/news/international-tribunal-declares-covid-shots-weapons-mass-destruction-global-law/ https://slaynews.com/about-us/ https://www.usatoday.com/story/news/factcheck/2023/06/29/article-misconstrues-authors-words-about-ai-and-religion-fact-check/70337369007/ https://www.politifact.com/factchecks/2023/jul/13/facebook-posts/no-amish-kids-get-cancer-diabetes-autism-thats-pan/ https://www.newsguardtech.com/ https://allianceofindigenousnations.org/ https://allianceofindigenousnations.org/wp-content/uploads/2025/02/AIN-Alliance-of-Indigenous-Nations-Treaty-Web-Feb-2025.pdf https://www.unic.or.jp/info/un/un_organization/icj/ https://www.unic.or.jp/activities/international_law/icc/,False,AIN国際法廷は先住民族同盟（AIN）という民間組織が設立・運用するもので、国際司法裁判所（ICJ）や国際刑事裁判所（ICC）など国連の司法機関とはまったく別の組織である（国際連合広報センター）。また、情報源のSlay Newsは米NewsGuard社の評価で100点中0点であり、「繰り返し虚偽または極めて誤解を招く主張を掲載している」と指摘されている。したがって、「国際法廷」がコロナワクチンを大量破壊兵器と認定したという表現はミスリードである。,1,False,False,False,-,-,-,-,-,-,-,-,-,0,-,-,-,True,False
606,https://www.factcheckcenter.jp/fact-check/health/inaccurate-international-tribunal-declares-mrna-shots-are-biological-wewapons/,2025/10/16,不正確,医療・健康,https://x.com/i/status/1976889725459087439,画像1,国際司法裁判所や国際刑事裁判所が、国際法に基づいて新型コロナウイルスのmRNA注射を「生物学的・技術的大量破壊兵器」と宣言した。,https://www.unic.or.jp/info/un/un_organization/icj/,国際司法裁判所（ICJ）は国連の主要な司法機関であり、先住民族同盟（AIN）国際法廷とは別の組織である。,True,True,http://slaynews.com/ https://slaynews.com/news/international-tribunal-declares-covid-shots-weapons-mass-destruction-global-law/ https://slaynews.com/about-us/ https://www.usatoday.com/story/news/factcheck/2023/06/29/article-misconstrues-authors-words-about-ai-and-religion-fact-check/70337369007/ https://www.politifact.com/factchecks/2023/jul/13/facebook-posts/no-amish-kids-get-cancer-diabetes-autism-thats-pan/ https://www.newsguardtech.com/ https://allianceofindigenousnations.org/ https://allianceofindigenousnations.org/wp-content/uploads/2025/02/AIN-Alliance-of-Indigenous-Nations-Treaty-Web-Feb-2025.pdf https://www.unic.or.jp/info/un/un_organization/icj/ https://www.unic.or.jp/activities/international_law/icc/,True,AIN国際法廷は先住民族同盟（AIN）という民間組織が設立・運用するもので、国際司法裁判所（ICJ）や国際刑事裁判所（ICC）など国連の司法機関とはまったく別の組織である（国際連合広報センター）。国際司法裁判所や国際刑事裁判所がそのような宣言をした事実はない。,1,False,True,False,-,-,-,-,-,-,-,-,-,0,-,-,-,True,True
607,https://www.factcheckcenter.jp/fact-check/politics/inaccurate-governor-murai-endorses-burial/,2025/10/24,不正確,政治,https://x.com/i/status/1980989147851735059,"テキスト,動画1",2025年10月26日に投開票される宮城県知事選に立候補している現職の村井嘉浩氏は、東日本大震災後に火葬場が足りず一時的に土に埋葬されたことを引き合いに出し、土葬を肯定している発言がある。,https://www.youtube.com/live/5BMCnWcvKjk,2025年10月26日に投開票される宮城県知事選に立候補している現職の村井嘉浩氏は、東日本大震災後に火葬場が足りず一時的に土に埋葬されたが直後に掘り起こして火葬したと述べ、県内で土葬を導入することは「完全に断念した」と述べた。,True,False,https://x.com/i/status/1980904639550955986 https://www.youtube.com/live/lan5Vzk9mQ8?si=89f8ysgCuSHha-63&t=3062 https://www.youtube.com/live/5BMCnWcvKjk?si=0X8GXDMDIOEm_-7c,False,ReHacQの討論動画（1:18:56〜1:19:57）を確認すると、村井氏は「東日本大震災の時には火葬が間に合わなくて、千体近く土葬した。ただ11月ぐらいに全部掘り起こして火葬しました」と述べており、あとから火葬したことも説明している。また、1:19:32〜1:19:56で県内での土葬導入は「完全に断念した」と明言している。したがって、村井氏が土葬を肯定しているという主張は誤りである。,0,-,-,-,-,-,-,-,-,-,-,-,-,1,False,False,False,True,False
608,https://www.factcheckcenter.jp/fact-check/politics/inaccurate-governor-murai-endorses-burial/,2025/10/24,不正確,政治,https://x.com/i/status/1980989147851735059,"テキスト,動画1",2025年10月26日に投開票される宮城県知事選に立候補している現職の村井嘉浩氏は、東日本大震災後に火葬場が足りず一時的に土に埋葬されたが直後に掘り起こして火葬したと述べ、県内で土葬を導入することは「完全に断念した」と述べた。,https://www.youtube.com/live/5BMCnWcvKjk,2025年10月26日に投開票される宮城県知事選に立候補している現職の村井嘉浩氏は、東日本大震災後に火葬場が足りず一時的に土に埋葬されたが直後に掘り起こして火葬したと述べ、県内で土葬を導入することは「完全に断念した」と述べた。,True,True,https://x.com/i/status/1980904639550955986 https://www.youtube.com/live/lan5Vzk9mQ8?si=89f8ysgCuSHha-63&t=3062 https://www.youtube.com/live/5BMCnWcvKjk?si=0X8GXDMDIOEm_-7c,True,ReHacQの討論動画で村井氏は「東日本大震災の時には火葬が間に合わなくて土葬したが、全部掘り起こして火葬した」と述べ、県内での土葬導入は「完全に断念した」と明言している（1:19:32〜1:19:56）。,0,-,-,-,-,-,-,-,-,-,-,-,-,1,False,False,False,True,False
609,https://www.factcheckcenter.jp/fact-check/politics/false-takaichi-makes-mass-deportations-policy/,2025/10/27,誤り,政治,https://x.com/i/status/1980703747337486611,テキスト,高市早苗首相は最初の政策として大量国外退去のための省庁を設立した。,https://www.kantei.go.jp/jp/104/statement/2025/1024shoshinhyomei.html,高市早苗首相は、外国人による違法行為には毅然と対応するが排外主義とは一線を画すと述べた。,False,False,https://www.kantei.go.jp/jp/104/statement/2025/1024shoshinhyomei.html https://www.nikkei.com/article/DGXZQOUA230EU0T21C25A0000000/ https://www.newsweekjapan.jp/stories/world/2025/10/575873_3.php https://news.yahoo.co.jp/articles/b597546d66a01861b6d773fe0afc23ae80a2c558,False,高市首相は所信表明演説で「排外主義とは一線を画す」と明言し、新設した担当大臣のポストは「外国人との秩序ある共生社会推進」のためである。閣僚への指示書にも「外国人の大量退去」という指示はない（日経新聞）。NewsweekおよびAFP=時事も、高市首相が大量国外退去のための省庁を設立したという情報を偽情報と判定している。,0,-,-,-,-,-,-,-,-,-,-,-,-,1,False,True,False,-,-
610,https://www.factcheckcenter.jp/fact-check/politics/false-takaichi-makes-mass-deportations-policy/,2025/10/27,誤り,政治,https://x.com/i/status/1980703747337486611,テキスト,高市早苗首相は、外国人による違法行為には毅然と対応するが排外主義とは一線を画すと述べた。,https://www.kantei.go.jp/jp/104/statement/2025/1024shoshinhyomei.html,高市早苗首相は、外国人による違法行為には毅然と対応するが排外主義とは一線を画すと述べた。,False,True,https://www.kantei.go.jp/jp/104/statement/2025/1024shoshinhyomei.html https://www.nikkei.com/article/DGXZQOUA230EU0T21C25A0000000/ https://www.newsweekjapan.jp/stories/world/2025/10/575873_3.php https://news.yahoo.co.jp/articles/b597546d66a01861b6d773fe0afc23ae80a2c558,True,高市首相は所信表明演説で「一部の外国人による違法行為やルールからの逸脱には毅然と対応する」と述べる一方、「排外主義とは一線を画す」「外国人材を必要とする分野がある」「インバウンド観光も重要」とも述べている。新設した担当大臣のポストは「外国人との秩序ある共生社会推進」のためである。,0,-,-,-,-,-,-,-,-,-,-,-,-,1,False,True,False,-,-
611,https://www.factcheckcenter.jp/fact-check/politics/false-re-entry-ban/,2025/10/30,誤り,政治,https://x.com/i/status/1982800908770500718,動画1,2025年10月27日、日本政府は南アフリカなど10か国の在留資格を持つ外国人の再入国を禁止した。,https://www.kantei.go.jp/jp/tyoukanpress/202112/1_a.html,2021年12月1日、日本政府は新型コロナウィルス・オミクロン株の予防的観点から南アフリカなど10か国の在留資格を持つ外国人の再入国を禁止した。,True,False,https://www.kantei.go.jp/jp/rekidainaikaku/index.html https://www.kantei.go.jp/jp/tyoukanpress/202112/1_a.html https://www.kantei.go.jp/jp/tyoukanpress/202112/1_a.html https://www.nikkei.com/article/DGXZQOUA05DAC0V00C25A6000000/ https://digital.asahi.com/articles/AST691SD7T69UTIL003M.html https://www.kantei.go.jp/jp/104/statement/2025/1024shoshinhyomei.html,False,拡散した動画は松野博一官房長官（当時）の2021年12月1日の会見映像であり、新型コロナウィルス・オミクロン株への対応として発表されたものである（首相官邸「内閣官房長官記者会見 令和3年12月1日」）。動画は「オミクロン株の発生を受け、予防的観点から」という部分を省いて編集されている。2025年10月29日現在、政府が南アなど10か国の再入国を禁止するという情報はない。,0,-,-,-,-,-,-,-,-,-,-,-,-,1,False,True,False,True,True
612,https://www.factcheckcenter.jp/fact-check/politics/false-re-entry-ban/,2025/10/30,誤り,政治,https://x.com/i/status/1982800908770500718,動画1,2021年12月1日、日本政府は新型コロナウィルス・オミクロン株の予防的観点から南アフリカなど10か国の在留資格を持つ外国人の再入国を禁止した。,https://www.kantei.go.jp/jp/tyoukanpress/202112/1_a.html,2021年12月1日、日本政府は新型コロナウィルス・オミクロン株の予防的観点から南アフリカなど10か国の在留資格を持つ外国人の再入国を禁止した。,True,True,https://www.kantei.go.jp/jp/rekidainaikaku/index.html https://www.kantei.go.jp/jp/tyoukanpress/202112/1_a.html https://www.kantei.go.jp/jp/tyoukanpress/202112/1_a.html https://www.nikkei.com/article/DGXZQOUA05DAC0V00C25A6000000/ https://digital.asahi.com/articles/AST691SD7T69UTIL003M.html https://www.kantei.go.jp/jp/104/statement/2025/1024shoshinhyomei.html,True,拡散した動画は2021年12月1日の松野博一官房長官（当時）の会見映像であり、新型コロナウィルス・オミクロン株の予防的観点から、南アフリカなど10か国の在留外国人の再入国を拒否するとの対応を発表したものである（首相官邸「内閣官房長官記者会見 令和3年12月1日」）。,0,-,-,-,-,-,-,-,-,-,-,-,-,1,False,False,False,True,False
